Afghanistan,0.00,0.00,0.00,0.00,0.00,0.00,0.00,0.00,0.00,0.00,0.00,0.00,0.00,0.00,0.00,0.00,979344507.80,2023034713.10,2143951791.10,2480214113.70,2435623906.00,2627714623.10,2729151877.80,2586976889.50,2612976572.30,2636960122.30,2596711667.70,2716954638.90,2605357557.80,..
Albania,0.00,511485756.30,632621789.20,786033591.20,883115193.80,458862737.50,491994448.60,516476961.30,623592791.80,773092900.60,1122377828.80,1154928425.80,1181531102.80,1552156219.90,1606135184.30,2128651197.30,2520336701.60,2970737964.50,4261295383.10,4610220147.80,5441264130.00,6488737179.00,7389133040.00,9067987702.80,8640499747.10,8657265164.20,8741215302.50,10062185201.90,10121923558.70,..
Algeria,28153911739.30,28489965549.10,27351247767.30,26274665108.10,30241927924.70,33051430968.70,33653880322.40,30902562008.70,30692707509.00,28209282381.30,25467370754.10,22752566963.00,23045429383.20,23778635837.80,22426644863.10,17092403776.70,5910806241.00,6134513403.10,6246398994.50,7420896326.80,7260318008.90,6064672167.20,5515632308.70,5245580633.60,5521129425.70,4671369600.10,5463160832.30,5706713502.50,5710421850.00,..
American Samoa,..,..,..,..,..,..,..,..,..,..,..,..,..,..,..,..,..,..,..,..,..,..,..,..,..,..,..,..,..,..
Andorra,..,..,..,..,..,..,..,..,..,..,..,..,..,..,..,..,..,..,..,..,..,..,..,..,..,..,..,..,..,..
Angola,8591895991.10,9000344458.80,10059207810.70,10571384637.80,11292755787.90,11502043062.10,10545818707.60,9948274153.00,10784076259.70,10673241870.40,9763465564.40,8776917205.00,9109536718.70,9099850424.40,9786029392.20,12223970246.70,9890493322.80,11931686534.70,15501571033.10,20172422589.10,26599588910.90,33964864294.90,44259094238.70,54946498464.90,56935502893.10,56272310711.70,57167386215.40,52617590365.40,54563366500.60,..
Antigua and Barbuda,..,..,..,..,..,..,..,..,..,..,..,..,..,..,..,..,..,..,..,..,..,..,..,..,..,..,..,..,..,..
Argentina,62477601311.90,65672366930.10,68605638952.40,64681387080.30,75094061335.70,98773122012.70,111145506414.00,128251441841.70,141504501057.70,151913800711.30,150062928187.30,152649929432.50,148320192549.30,163442688409.30,167999635827.30,130788488210.20,118921233033.80,120818039247.50,129752184881.30,133695121247.70,126642436908.20,142884643038.30,139755161212.50,149693534483.00,153182419313.40,176574971030.30,188757585369.40,236470523837.90,280515652318.50,..
Armenia,0.00,0.00,0.00,133922025.20,214328549.40,370656928.00,520544050.40,638485619.50,804242112.90,1022596079.80,1018418173.90,1410424531.10,1719549290.30,1996130970.20,2107914571.20,1969824792.50,2138883502.70,3081934925.40,3612490093.00,4934959249.60,6307170668.60,7410792665.30,7640566738.70,8681090933.10,8555658357.80,8931020971.70,9955623313.10,10328628738.50,11018780268.90,..
Aruba,..,..,..,..,..,..,..,..,..,..,..,..,..,..,..,..,..,..,..,..,..,..,..,..,..,..,..,..,..,..
Australia,..,..,..,..,..,..,..,..,..,..,..,..,..,..,..,..,..,..,..,..,..,..,..,..,..,..,..,..,..,..
Austria,..,..,..,..,..,..,..,..,..,..,..,..,..,..,..,..,..,..,..,..,..,..,..,..,..,..,..,..,..,..
Azerbaijan,0.00,0.00,0.00,35540000.00,112814844.40,320987667.60,438309868.30,508060653.10,706603152.30,1289063609.00,1585215993.30,1515370497.60,1691663802.90,1941119870.30,2169229387.30,2247015897.20,2798140349.00,3904857355.20,4496869387.90,4556215906.00,7258135814.80,7693695188.20,10832291640.90,10578028206.60,12101127096.50,13450352492.70,14769411268.50,15467694868.20,16212184534.40,..
"Bahamas, The",..,..,..,..,..,..,..,..,..,..,..,..,..,..,..,..,..,..,..,..,..,..,..,..,..,..,..,..,..,..
Bahrain,..,..,..,..,..,..,..,..,..,..,..,..,..,..,..,..,..,..,..,..,..,..,..,..,..,..,..,..,..,..
Bangladesh,12291780361.50,12997665568.60,13427954471.80,14125214056.80,15490545904.50,15734744113.20,15169074222.90,14257776105.50,15509851416.70,16452034137.90,15602839577.90,14980996651.30,16689960904.00,18442972079.00,19716785247.30,18505581561.80,20162654660.20,21574988677.30,23407587068.30,25437536212.10,26880728269.20,27276716589.70,28558969427.50,31840837468.20,33007846624.50,36309037511.90,38823339911.90,47158386506.80,52124147979.80,..
Barbados,..,..,..,..,..,..,..,..,..,..,..,..,..,..,..,..,..,..,..,..,..,..,..,..,..,..,..,..,..,..
Belarus,0.00,0.00,0.00,968283686.20,1296124124.30,1693743257.40,1958924253.10,2082345263.00,2386480834.10,2703253741.50,2620196263.40,2798732256.70,3399007710.00,3779551001.20,4601438650.30,5300175946.70,6562099699.50,12526106963.90,15152844791.00,22078685409.70,28412146648.80,33932546340.50,33755737465.20,39573470267.50,40013831193.70,38257920998.00,37515947048.80,39584221158.10,38843663257.00,..
Belgium,..,..,..,..,..,..,..,..,..,..,..,..,..,..,..,..,..,..,..,..,..,..,..,..,..,..,..,..,..,..
Belize,142750749.70,161781662.70,180961169.00,194553505.80,198665305.00,255157967.50,281542136.10,450090458.60,333460184.20,416579339.10,629903800.80,721979991.70,849529037.90,1061730342.30,965854392.50,1023162269.10,1054232125.70,1075497698.70,1275782808.00,1291168230.70,1303876871.30,1274688747.10,1196360888.60,1248681044.20,1286357396.30,1306537140.00,1322207668.50,1368093309.20,1380013447.40,..
Benin,1119735987.20,1149708001.30,1198996389.70,1270610521.60,1382104403.80,1396512568.50,1377641355.40,1411356759.00,1433932267.80,1488489198.80,1399684851.60,1470316526.90,1608563110.70,1485978703.30,1612808821.60,1551746379.80,648364659.40,883287848.00,973593422.00,1309266250.20,1581966898.60,1851264434.60,1675225674.00,2003816464.10,2041492837.60,2178021333.70,2316211280.20,2897815037.80,3690588733.90,..
Bermuda,..,..,..,..,..,..,..,..,..,..,..,..,..,..,..,..,..,..,..,..,..,..,..,..,..,..,..,..,..,..
Bhutan,83545689.90,86339685.40,89198882.70,96619573.00,104507960.60,105769087.60,113040448.60,119619860.00,171042023.70,192034098.70,211571982.80,272712510.20,386049931.10,493626169.20,601316819.90,656602174.20,721112613.60,801238273.20,693075804.20,786548880.30,934629272.10,1070492249.60,1449649049.90,1603150602.30,1841155795.20,2011104004.50,2289670297.00,2607949876.90,2549154261.30,..
Bolivia,4369976028.00,4158857030.90,4332374230.30,4400366539.00,4965186858.30,5359275052.50,5275484513.90,5313085255.30,5688227905.20,5655151008.40,5892765188.40,4794042371.90,5107005795.50,5864138345.80,6284467791.50,6967641266.10,6255767963.50,5064781761.70,5701040187.50,5780325836.30,5776479655.70,6181999152.80,6617075971.60,8141786946.80,8884015561.90,9895243954.40,10994285586.20,12989922752.20,13280188783.10,..
Bosnia and Herzegovina,0.00,0.00,0.00,0.00,0.00,0.00,0.00,0.00,0.00,2408825764.20,2791207814.60,2666165629.00,3166667572.80,4484507657.90,5517180308.80,7007652582.90,8616906730.20,11568599660.60,13108605424.70,14005774333.20,14289296947.80,14347317956.90,14120385050.40,14735893448.40,13776982301.70,13916502849.40,14425246885.40,15317580480.80,15824209911.40,..
Botswana,552920438.50,612559218.70,606348584.40,663983873.00,700397765.10,717153185.00,626530347.70,574727348.00,532169048.70,510191242.40,452434627.40,400352880.40,491350071.00,514126449.30,515796292.80,460538960.40,364731487.20,425189546.80,448508779.90,1643300883.20,1806938426.70,2395188968.70,2517053996.00,2379266380.50,2545567083.60,2225556691.40,2109180774.80,1717710200.20,1748737177.10,..
Brazil,120311895094.70,121336709129.80,129535948557.20,144599577124.30,152903103557.70,160964228343.50,181793526989.20,198980293495.10,241998415763.80,245114967226.00,242511685521.80,229959717402.10,231944181034.50,235907984168.40,220693592600.60,188364545589.90,194303018016.90,238444452622.60,262957236462.60,281651138432.40,352364412862.60,404046105342.10,440515187632.70,483765362833.90,556919645475.40,543397354634.30,543257223431.40,542979659110.90,557822647211.20,..
British Virgin Islands,..,..,..,..,..,..,..,..,..,..,..,..,..,..,..,..,..,..,..,..,..,..,..,..,..,..,..,..,..,..
Brunei Darussalam,..,..,..,..,..,..,..,..,..,..,..,..,..,..,..,..,..,..,..,..,..,..,..,..,..,..,..,..,..,..
Bulgaria,10889618418.30,11741672280.90,11838561986.70,12177634744.50,9828532996.10,10378823642.30,10368413941.50,11099448177.60,11404629614.50,11794851857.20,12008623065.10,11274814331.70,12313486729.70,14259733783.40,16620274377.50,18507353591.60,28007279111.50,43822454674.90,53065088715.30,55670272322.50,50634705986.10,47642122517.60,51299201025.80,51473312877.10,46888511861.40,40115313562.70,39656831250.50,40438225250.60,39873913893.40,..
Burkina Faso,833673417.30,967441445.20,1039802411.90,1118907234.90,1135033979.40,1274258080.30,1301463551.10,1304480063.40,1462914342.90,1599934472.40,1437932410.20,1507804344.00,1554667581.20,1745974389.10,1931701209.80,2000595478.20,1131707064.90,1465673536.20,1584281199.30,1918438539.10,2151050013.00,2293951843.90,2524056091.00,2570910411.80,2550589208.40,2631936631.00,2825460758.40,3128873503.90,3285715189.60,..
Burundi,906936375.20,963475598.40,1026584699.60,1065645817.30,1127404969.00,1161951393.20,1130746660.30,1068957656.40,1121825243.50,1153732063.60,1125869260.90,1093536451.00,1232214637.40,1348337839.10,1357933155.30,1287893069.10,1371901889.50,1409730477.10,1390288828.70,607230101.80,620923162.00,604409004.80,667315097.40,683609365.00,690168169.40,625980490.90,602774443.70,613972235.40,589342922.50,..
Cabo Verde,133755465.00,134240227.20,141994227.00,147571336.80,175919927.30,214117753.80,202637635.80,206529452.30,246754113.60,328538337.00,319703769.20,345641178.30,387894289.80,441401882.30,464179206.70,477481514.40,524173293.20,580579758.50,626140970.80,726699325.60,892425455.50,1038634781.80,1244894905.20,1487956365.80,1543466603.00,1542544247.00,1542561687.20,1761710517.50,1735388104.40,..
Cambodia,102604693.30,1536011868.80,1512194038.50,1495419468.30,1580938879.70,1691746535.60,1754430701.00,1769230360.00,1839566074.10,1905496596.30,1946021127.20,2016578689.50,2229059664.20,2519451223.80,2725539083.70,2768996765.50,2859747518.50,2064038078.50,2466047266.50,3120646211.30,3824908894.50,4471203131.40,6561063243.90,7430524356.30,8130221322.70,9249221054.80,9874767097.60,11238063679.70,13346669406.30,..
Cameroon,6562505108.00,6767223905.90,7514931937.20,7745306458.50,9358516039.00,10953419023.30,11074529701.30,10751459761.80,11317978713.10,10765384769.60,10561281361.40,9748844313.00,10285903206.00,11408147625.60,10855782708.20,7700089817.90,3418558775.70,3085552120.70,2835553588.40,3237320906.90,3190178368.70,3094521348.40,3887910776.50,5177990626.20,5768403754.80,7308367419.60,7830250644.60,10013693339.10,10864664203.70,..
Canada,..,..,..,..,..,..,..,..,..,..,..,..,..,..,..,..,..,..,..,..,..,..,..,..,..,..,..,..,..,..
Cayman Islands,..,..,..,..,..,..,..,..,..,..,..,..,..,..,..,..,..,..,..,..,..,..,..,..,..,..,..,..,..,..
Central African Republic,698505035.40,794180184.00,813886188.50,875128942.60,888050750.80,945983160.30,932746933.30,882958613.10,918825268.80,924194362.50,869008795.30,834810718.10,1083576140.70,1064243826.00,1116732591.60,1044778987.10,1049101554.10,1029858389.60,998708752.10,550619216.00,634315034.60,571428762.20,577439209.40,597744245.30,661778091.00,682417188.90,688197639.60,729507382.80,778900286.70,..
Chad,514179006.10,616560585.10,641682750.20,692281243.30,784041894.70,841874677.30,946588238.70,956913401.40,1029972784.70,1109215208.50,1098899966.00,1095684903.70,1276029019.50,1539456754.80,1652257599.80,1629647073.80,1757290878.20,1848756646.90,1802465168.10,1874374207.20,2157554831.30,2346191700.10,2361265802.70,2924993968.50,3751642309.20,2973004217.90,3018312824.90,3145118425.20,3242401563.50,..
Channel Islands,..,..,..,..,..,..,..,..,..,..,..,..,..,..,..,..,..,..,..,..,..,..,..,..,..,..,..,..,..,..
Chile,..,..,..,..,..,..,..,..,..,..,..,..,..,..,..,..,..,..,..,..,..,..,..,..,..,..,..,..,..,..
China,55301409898.80,60259186451.50,72538895534.70,86092752669.90,100667359411.30,118314843047.00,129037039407.60,146904623209.90,144214433291.80,148792698687.20,145874130763.70,184282962994.20,185422016120.10,206763345002.30,245976101401.90,283501479740.60,323329782199.80,373654733820.20,380354379856.90,447846084680.10,734639154730.70,1044512312183.40,1138381286151.70,1471726595761.40,1770540159717.70,1325925485042.50,1415835780540.20,1709948621884.90,1962304426779.10,..
Colombia,17411174140.20,17383347947.80,17560822308.20,19227912007.60,22219527944.10,25347081126.70,29206623223.10,32277648233.60,33420800455.20,34845494450.50,34329248550.60,36614196486.30,33581481521.50,37324166936.20,38237909040.20,37497341480.00,38342362304.60,44044324169.80,46760975554.30,53399065134.40,64152957184.30,76383591517.40,79467216019.00,93370905802.90,105351094335.90,114623011199.70,121950922619.60,127202358178.50,134939836622.90,..
Comoros,184825142.10,179473164.40,187894213.80,185123541.70,197159439.10,208925905.40,220902346.90,222230696.30,229844128.30,231531804.50,232285377.40,242747448.10,270536977.60,289991668.20,304262777.80,288623246.00,293423707.00,287667291.00,276201185.10,286766514.00,278373937.80,275725988.20,252330024.20,147531331.20,141753761.50,130562654.70,160589546.50,166990006.00,191133465.20,..
"Congo, Dem. Rep.",10258584587.00,10840411650.90,11004126088.90,11273321313.40,12321603430.30,13239375701.90,12830251506.70,12337533316.60,13202867065.40,12166588264.70,11815384525.60,11623277086.80,10062797856.00,11444763788.00,11535209857.10,10694723345.30,11336908418.60,12469708772.60,12306285089.80,13102298536.40,6145382481.80,5507619594.70,5623973343.60,6177069320.40,5522883766.10,5373700051.40,5063827544.20,5126994566.40,4983718743.00,..
"Congo, Rep.",4916034648.20,4786605644.80,4725658540.00,5092940382.60,5414066741.80,6009994883.90,5220897392.40,5032532283.50,5100294660.30,5028225458.10,4675949721.50,4820677198.80,5012243895.30,5537629589.30,6834196169.10,6293459091.90,6679740602.50,5276359986.90,5391070244.90,5032926828.00,2410094955.10,2632242613.30,2837319188.40,3449437354.60,3903049274.50,4022435276.00,3758294118.80,4926170217.80,5147314227.40,..
Costa Rica,3845937733.10,4106608753.40,4014350297.70,3937428106.00,3971807626.70,3857695605.00,3528323424.10,3505532963.50,3961189288.20,4215090815.10,4692408663.50,4886538321.90,5070865565.30,5650888483.30,5710643831.60,6485430911.50,6993562813.70,8410942483.70,8838788690.40,7760168636.80,8154409880.20,10271452441.90,14310369555.70,17134573111.00,19722089477.90,23588779416.00,25562670679.80,25615909360.80,27818993183.20,..
Cote d'Ivoire,17251135160.00,18174037181.80,18546521961.10,19070886308.10,17395169456.90,18898425486.50,19523620342.20,15608687763.30,14851815127.10,13221902540.70,12059905375.80,11620368633.50,11708673980.20,11680518563.40,13178855340.30,12010684931.60,13644008874.80,14385487798.10,12967578597.90,14896216997.30,11703803458.20,12791431321.60,9543607215.20,9855405386.80,9805334352.10,11385809485.00,11448053849.20,13444115476.20,15659655118.20,..
Croatia,..,..,..,..,..,..,..,..,..,..,..,..,..,..,..,..,..,..,..,..,..,..,..,..,..,..,..,..,..,..
Cuba,..,..,..,..,..,..,..,..,..,..,..,..,..,..,..,..,..,..,..,..,..,..,..,..,..,..,..,..,..,..
Curacao,..,..,..,..,..,..,..,..,..,..,..,..,..,..,..,..,..,..,..,..,..,..,..,..,..,..,..,..,..,..
Cyprus,..,..,..,..,..,..,..,..,..,..,..,..,..,..,..,..,..,..,..,..,..,..,..,..,..,..,..,..,..,..
Czech Republic,..,..,..,..,..,..,..,..,..,..,..,..,..,..,..,..,..,..,..,..,..,..,..,..,..,..,..,..,..,..
Denmark,..,..,..,..,..,..,..,..,..,..,..,..,..,..,..,..,..,..,..,..,..,..,..,..,..,..,..,..,..,..
Djibouti,155287776.60,204846570.00,219983628.20,232491922.30,257658603.40,272434675.90,287624812.50,262659377.90,279000824.90,269345158.30,297640325.20,299481210.70,358436688.10,395298449.80,459978368.80,486581369.40,566294148.70,812526518.30,846492862.80,897132738.40,1818133030.10,1891690190.40,1888048190.70,1946805167.30,2170991510.30,2603621619.60,2991449904.30,3355825880.10,3264072519.70,..
Dominica,90754904.80,98099584.90,97714468.80,98251335.70,99698516.30,104872376.30,116474724.00,105116658.40,113898854.90,134177325.70,183329449.50,232891070.60,248883164.50,307393729.20,324952433.00,294216801.60,272826815.00,265526478.10,260470785.80,271883558.10,271398373.20,280448697.40,304779240.80,309862673.40,308231977.40,314180848.50,297134254.70,295574639.70,279158623.80,..
Dominican Republic,4484666420.40,4599353573.00,4716244896.40,4957324456.80,4366328681.90,4532953461.90,4414764302.00,4309979738.70,4473713207.60,4794696438.90,4617977128.00,5212380882.20,6574924040.60,7276848800.00,7818993970.60,7751825568.30,9219827515.20,10747913578.60,10609348066.30,11853860787.90,13498619112.40,15097329632.20,22101553440.90,23957824116.70,26269414926.90,26727433059.80,28291448533.80,31167814885.20,33905105883.80,..
Ecuador,12162488782.20,12520879954.50,12262380672.70,14119666467.10,18104800381.10,17000779726.10,17448118080.50,18355380902.40,18514445110.10,19101633294.30,17175420123.00,17806904029.30,19578520107.90,19968659231.30,20624622166.20,20424520897.40,20387111390.50,21110265480.30,19023881874.90,13367627469.30,15378428677.40,16169100654.10,16250347595.20,19081736505.60,24993779705.00,28388979095.40,35373772127.00,41105540618.80,45018579929.70,..
"Egypt, Arab Rep.",33015720171.30,32604272498.30,31168986021.50,30651243858.90,32499139580.00,33475216024.70,31512670142.20,29952913694.80,32347186890.40,31121616151.40,29232716500.90,28331673242.30,29671747582.00,30467606765.20,31403286339.00,30575696632.40,31025131832.60,34594605133.80,33911646196.50,35398939570.40,36776374990.10,35176397937.60,40029478090.20,46502855484.50,41742762062.80,49847229775.90,69173089956.60,84428715036.40,98704878246.40,..
El Salvador,2232089054.60,2272547389.70,2346752650.20,1992942227.90,2163863049.90,2569443217.70,2872513549.10,3203304451.60,3310661338.20,3762995865.50,4535064825.00,5344553477.70,6114021552.30,8616503266.20,9147790266.40,9621574748.30,10004564795.60,9864898765.10,10688436435.50,10405779193.00,11495710496.50,12729163388.50,13548206208.80,14131937575.50,15170060782.80,15571461195.90,16566361649.70,17179946768.20,17486208468.90,..
Equatorial Guinea,..,..,..,..,..,..,..,..,..,..,..,..,..,..,..,..,..,..,..,..,..,..,..,..,..,..,..,..,..,..
Eritrea,0.00,0.00,0.00,0.00,29056800.10,36689461.60,44286454.50,75455613.80,146136192.00,273362649.10,329696750.60,432797640.10,540750572.10,656094138.20,760244436.60,757208868.80,822735305.20,896724741.40,997784245.20,1050653956.30,1041548233.90,1055238567.30,994092207.50,945385521.70,907680452.00,872986739.10,795977669.50,818530216.50,791223131.90,..
Estonia,..,..,..,..,..,..,..,..,..,..,..,..,..,..,..,..,..,..,..,..,..,..,..,..,..,..,..,..,..,..
Ethiopia,8645231101.20,9133608406.40,9355564836.40,9717488583.70,10079654017.60,10324075338.00,10091749359.60,10090618084.60,10360532218.00,5572314681.40,5516263792.30,5745843979.00,6552441032.80,7281813432.40,6568177206.70,6175805430.40,2220991208.60,2591387173.40,2846424291.20,5360207433.90,7286199658.50,8606448543.80,10463932699.20,12584252082.90,16945031246.40,21021009588.60,23795573548.00,26656540551.40,28026976327.10,..
Faroe Islands,..,..,..,..,..,..,..,..,..,..,..,..,..,..,..,..,..,..,..,..,..,..,..,..,..,..,..,..,..,..
Fiji,318026329.30,282093980.40,257427622.50,246248945.30,196861157.80,183417026.00,165771501.00,158130798.80,140365632.20,130948126.20,121627935.40,108489690.10,138478367.30,185231310.30,190842090.40,229766509.70,300324464.80,325032776.20,342917436.70,481291268.50,534584022.40,815287517.90,712518618.10,762025600.60,833710379.10,791750396.20,849520724.90,876505373.70,851797658.20,..
Finland,..,..,..,..,..,..,..,..,..,..,..,..,..,..,..,..,..,..,..,..,..,..,..,..,..,..,..,..,..,..
France,..,..,..,..,..,..,..,..,..,..,..,..,..,..,..,..,..,..,..,..,..,..,..,..,..,..,..,..,..,..
French Polynesia,..,..,..,..,..,..,..,..,..,..,..,..,..,..,..,..,..,..,..,..,..,..,..,..,..,..,..,..,..,..
Gabon,3982877605.00,4222977719.50,3850442852.30,3862504189.70,4173198026.20,4362737008.30,4313553814.70,4282600648.00,4430828795.70,4006728293.60,3923224805.20,3440224661.60,3497152533.20,3778624707.90,4095070415.80,3934794095.70,4273608419.60,5004319689.80,2363391029.90,2586741437.90,2810331630.90,3092603737.40,3160323457.90,4607707634.40,4541912198.90,5059185694.10,5285622412.00,6458620271.70,6766549257.20,..
"Gambia, The",369107805.30,383161876.90,403393643.30,425974575.10,422977251.40,426068749.70,451989840.90,424645554.30,459520620.60,471742641.40,490095321.70,494465870.50,583707793.60,643387382.10,681059472.10,667068110.30,717772695.00,700067929.40,401850387.80,528190671.70,548018337.40,510366415.20,546378728.90,556525321.00,528011731.30,532868825.50,515976189.30,653646567.00,681391024.80,..
Georgia,0.00,0.00,79312483.00,558986470.10,1450018420.10,1240357909.00,1361321590.80,1465764166.60,1648137048.90,1851041690.90,1825515848.60,1909485070.30,2034422947.10,2148630818.20,2316620171.10,2151260501.00,2573385096.30,2986949884.40,7721515061.90,8672797229.90,8790390910.40,10817606103.30,12124714164.40,13103272482.60,13657392725.70,14374616831.80,15820110585.50,15923922739.60,17118119640.80,..
Germany,..,..,..,..,..,..,..,..,..,..,..,..,..,..,..,..,..,..,..,..,..,..,..,..,..,..,..,..,..,..
Ghana,3880932790.80,4380166480.70,4508061699.00,4886542112.00,5469152460.40,5935777124.30,6442990348.80,6347327632.80,6969089358.30,7103705178.50,6743341663.20,6860995876.90,7640294825.30,8301000837.70,7239727088.50,7334159726.00,3697631449.60,4291282558.50,4711774650.30,6603124325.40,8360081791.00,10406755876.80,11987606704.80,16107384975.60,17838993449.10,20105289347.30,21166281050.90,22353658125.20,23315992115.60,..
Gibraltar,..,..,..,..,..,..,..,..,..,..,..,..,..,..,..,..,..,..,..,..,..,..,..,..,..,..,..,..,..,..
Greece,..,..,..,..,..,..,..,..,..,..,..,..,..,..,..,..,..,..,..,..,..,..,..,..,..,..,..,..,..,..
Greenland,..,..,..,..,..,..,..,..,..,..,..,..,..,..,..,..,..,..,..,..,..,..,..,..,..,..,..,..,..,..
Grenada,112883317.00,124502215.70,117298720.70,149341231.60,130260020.60,128146012.90,140689393.70,116640568.00,172158149.20,137900702.40,199420878.40,235652510.60,372086143.10,369076336.60,429599096.40,362225849.50,452574948.40,487671808.20,538874448.70,556610998.40,560589966.80,532309611.80,589257177.20,586831029.30,637672273.90,597659584.00,597084033.60,537360177.60,644940437.30,..
Guam,..,..,..,..,..,..,..,..,..,..,..,..,..,..,..,..,..,..,..,..,..,..,..,..,..,..,..,..,..,..
Guatemala,2911024152.00,2867141152.00,2822946041.70,2945010418.70,3162188947.60,3335545326.70,3414092731.30,3513160298.80,3691416630.70,3873237129.50,3948027445.60,4381821175.10,4527094223.80,5157578025.60,8094354233.70,9506426234.10,10946171835.00,12678187392.30,13823078747.70,14824423718.00,15043073564.10,16281345423.50,15367094556.40,17484024518.80,19511837339.30,20378217823.70,21479829242.50,22971891188.70,22348725210.10,..
Guinea,2489727688.30,2626674021.20,2654769664.50,2848573905.90,3115214080.70,3255487757.50,3250554552.00,3522154315.40,3555861520.40,3209819901.30,3091805660.50,2928033105.60,3177837573.20,3192131358.70,3429386828.50,3393424722.00,3479426006.10,3631614366.30,3493489066.80,3520351238.40,3489556715.40,3438035693.20,1558884779.90,1860207698.90,2045900015.40,2136085523.10,2174232834.90,2337204899.50,2554741743.20,..
Guinea-Bissau,694504207.00,747546467.40,761629993.30,786803311.40,849536430.80,893864789.90,935792769.80,921085531.80,970399599.90,940385217.50,948834343.10,903107735.50,977940699.60,1065441068.20,1114785117.20,1022672668.40,1047373767.90,1092302823.20,1099282943.10,1150023337.60,1108951239.90,283671811.90,279451212.10,277396677.00,271384506.60,314846523.50,295206698.40,342991287.50,420706740.50,..
Guyana,1963150253.40,1977631781.70,1913525234.70,1967750372.70,2051880898.60,2118471710.10,1607335579.00,1590512898.50,1480883510.60,1433536564.90,1374473166.90,1327603202.20,1390166088.40,1454158541.90,1368422040.10,1238833544.50,1163165911.80,848663074.10,990493994.70,1427924569.80,1408397852.00,2006674225.00,1974229280.90,2302020563.80,2341949127.00,1636917012.30,1643860037.20,1582869380.40,1609079133.90,..
Haiti,939004257.90,804898214.10,830301663.30,845830044.30,758204227.10,837402729.30,924237596.40,1071797087.10,1068532781.90,1221741577.80,1203393476.20,1285544239.00,1280698138.80,1364909986.90,1284484871.50,1333931157.90,1416972000.40,1601590631.40,1964488511.20,1448420667.70,959066834.30,775845587.70,1163440488.70,1569393195.20,1951929747.30,2096139137.10,2167817707.60,2169815133.30,2212835746.50,..
Honduras,3816730011.60,3483455267.60,3970308051.00,4432302415.10,4792475230.10,4910256065.80,4806522988.70,4943512916.20,5100413863.00,5583856168.80,5616776612.60,5159558392.80,5491495663.90,5656942754.90,6205542461.20,5170226183.50,3987694941.50,2999794924.10,3498331356.30,3814880442.90,3987774903.50,4398742975.70,5066125597.70,6841952363.20,7340803972.20,7595243147.80,7596339112.90,8825693863.80,9709229208.90,..
"Hong Kong SAR, China",..,..,..,..,..,..,..,..,..,..,..,..,..,..,..,..,..,..,..,..,..,..,..,..,..,..,..,..,..,..
Hungary,..,..,..,..,..,..,..,..,..,..,..,..,..,..,..,..,..,..,..,..,..,..,..,..,..,..,..,..,..,..
Iceland,..,..,..,..,..,..,..,..,..,..,..,..,..,..,..,..,..,..,..,..,..,..,..,..,..,..,..,..,..,..
India,83471522909.20,84852336186.30,87775440181.50,91330328767.50,97898626998.80,93808975940.10,93966076365.70,94059291709.00,98333648294.50,99779510346.30,101131491179.60,99500093585.50,105741601402.00,118884622369.50,123644485822.10,121195478444.50,159525518911.40,204057539299.50,227111768434.60,256312241333.40,290427544563.20,334399298473.10,392576047064.30,427245080644.80,457507432258.60,478834120154.10,455510349251.40,511483959284.20,521390564017.40,..
Indonesia,69848505848.50,79528197362.60,87987351692.30,89157126589.40,107819781286.80,124399503875.80,129003514948.00,136339703441.00,151484839252.80,151806502424.20,144048996549.80,132710089751.50,128444200507.90,134372632167.30,138041813871.80,142131795440.20,135970010956.90,147827337604.30,157916194612.40,179404705351.00,198278352695.50,219629383247.40,252622872897.30,263643564688.90,292570273969.00,307753587329.60,319006916379.70,353662842083.60,379663955430.10,..
"Iran, Islamic Rep.",9026182538.20,11368427701.30,16074665445.30,23392435930.40,21792481976.90,21681652185.70,16684178793.10,11697339746.30,12341638353.40,9742304899.90,8800053478.50,8280878565.00,8934505230.40,14235372770.80,20950347846.70,21393520935.60,20494226261.20,20834072180.20,16026650174.60,18609984963.80,19768742370.10,17260291984.00,7471977615.10,6993275592.00,5796514721.60,6375125082.60,5971375952.90,6761058947.30,6323875891.50,..
Iraq,..,..,..,..,..,..,..,..,..,..,..,..,..,..,..,..,..,..,..,..,..,..,..,..,..,..,..,..,..,..
Ireland,..,..,..,..,..,..,..,..,..,..,..,..,..,..,..,..,..,..,..,..,..,..,..,..,..,..,..,..,..,..
Isle of Man,..,..,..,..,..,..,..,..,..,..,..,..,..,..,..,..,..,..,..,..,..,..,..,..,..,..,..,..,..,..
Israel,..,..,..,..,..,..,..,..,..,..,..,..,..,..,..,..,..,..,..,..,..,..,..,..,..,..,..,..,..,..
Italy,..,..,..,..,..,..,..,..,..,..,..,..,..,..,..,..,..,..,..,..,..,..,..,..,..,..,..,..,..,..
Jamaica,4790819213.80,4618745880.40,4638275929.90,4425210373.20,4651072788.50,4622579407.20,4101953169.90,3825332634.20,3952122370.60,4034619275.20,4827985734.60,5484756485.70,5608139724.40,5726989401.20,6553560517.10,6627422418.30,8121063793.30,10530735850.50,10437770844.10,11123704259.70,14193367149.20,14331877940.20,14308795713.60,12950945321.60,14081844433.60,14113334545.30,14097246943.70,14722034916.30,16306727500.90,..
Japan,..,..,..,..,..,..,..,..,..,..,..,..,..,..,..,..,..,..,..,..,..,..,..,..,..,..,..,..,..,..
Jordan,8332902493.50,9700258842.10,7966941070.50,7630572048.10,7552887476.40,7660567356.10,7379761663.30,7313830926.30,7560990588.30,8106195546.90,11062638714.50,11885718015.60,13015834374.60,12650313309.70,13047244335.60,12903708960.30,13981824491.90,14991115014.20,13969141529.30,14427067897.20,17073489096.30,17668664442.10,18484345843.70,23173327719.00,24282885686.60,25738663241.90,27238979770.50,30151027246.70,32044515053.00,..
Kazakhstan,0.00,0.00,34977844.50,1727754137.60,2789562086.40,3750246013.70,2922220065.00,4077953308.90,6074807301.80,6600356817.20,12890152382.60,15339983924.10,18437239277.20,23226790596.70,33233124794.00,43861793757.30,74438311787.20,96240591774.70,106738597246.10,109741327702.30,119150770510.90,124330240756.00,135531190779.50,149707828668.60,157697566625.70,153397718762.70,163716714029.60,158917440204.60,156920694654.80,..
Kenya,7055158928.90,7453499318.40,6898195691.80,7111518961.10,7124419830.70,7309198401.00,6813721635.20,6465020215.10,6823161838.50,6524904617.70,6147150097.60,5495276586.00,6095869527.90,6715084650.70,6916593410.50,6489733475.80,6691670449.80,7549036617.40,7669044524.40,8558933886.80,8856240083.60,10155602760.30,11870831770.10,13796398622.50,16900137155.50,19767091301.20,21693855610.10,26829783676.20,31511131293.40,..
Kiribati,..,..,..,..,..,..,..,..,..,..,..,..,..,..,..,..,..,..,..,..,..,..,..,..,..,..,..,..,..,..
"Korea, Dem. People’s Rep.",..,..,..,..,..,..,..,..,..,..,..,..,..,..,..,..,..,..,..,..,..,..,..,..,..,..,..,..,..,..
"Korea, Rep.",..,..,..,..,..,..,..,..,..,..,..,..,..,..,..,..,..,..,..,..,..,..,..,..,..,..,..,..,..,..
Kosovo,0.00,0.00,0.00,0.00,0.00,0.00,0.00,0.00,0.00,75993698.10,72140059.00,69583145.70,75274464.80,82275800.70,85987699.10,79136411.60,83296240.50,534737934.60,709873305.50,1725715832.40,1455549979.90,1699829128.60,2002395891.20,2220795158.70,2242255749.20,2158252496.10,2124776025.00,2504230894.70,2297159101.10,..
Kuwait,..,..,..,..,..,..,..,..,..,..,..,..,..,..,..,..,..,..,..,..,..,..,..,..,..,..,..,..,..,..
Kyrgyz Republic,0.00,0.00,5527412.00,292085078.10,446758489.50,609470825.30,1136989888.40,1340946373.30,1505065681.00,1852206783.50,1937816109.80,1823857616.90,1957506328.40,2148372909.40,2560865743.30,2256599326.40,2596155992.50,2878747157.80,3628104689.40,4118812292.10,4118497688.00,5493240304.90,6035847044.90,6815112968.30,7295911281.20,7563786175.00,7950365420.10,8167740976.10,8119653119.60,..
Lao PDR,1768535429.20,1873131026.30,1917265365.30,1986718378.20,2071421024.20,2158263219.70,2258225068.40,2325961460.10,2459333771.60,2559997882.50,2531032369.60,2585719431.90,3168466117.10,2506301750.60,2949489392.80,3278601893.10,3805627505.80,4987662711.30,5653261689.80,6383404582.60,6553667990.70,7081958070.90,7422652822.10,8190446369.00,9640187580.70,11641638941.40,13535197788.30,14651381018.40,15587687666.60,..
Latvia,..,..,..,..,..,..,..,..,..,..,..,..,..,..,..,..,..,..,..,..,..,..,..,..,..,..,..,..,..,..
Lebanon,1787046993.90,1562589912.90,1814004853.00,1352746947.00,2126701899.60,2975570831.60,4019242812.70,5093689592.10,6973464912.70,8493083054.70,10075046219.90,13544184075.40,17508057159.30,19039768637.40,22797373797.10,22789997662.80,24226151243.50,25924082108.80,44017794143.60,46144032508.60,47822449898.70,49665586602.60,55722917172.40,62106610485.30,64337417233.90,67706640063.40,70577351371.10,73992724452.60,79344597637.40,..
Lesotho,395586122.40,447387652.90,494402014.60,542372022.50,622553685.70,684357708.70,701229527.20,672950604.00,688207826.70,687190387.90,769689608.60,684403514.00,712577931.30,705761420.20,773436561.20,666293758.50,657437143.10,685484471.50,700047301.80,766529460.10,788060174.80,813623741.40,877145936.20,902056102.80,890477624.90,888422555.50,883222281.90,935622039.60,914773689.00,..
Liberia,2062086288.10,2187238147.00,2176746977.10,2237489926.60,2367418669.10,2489150432.90,2423875945.10,2406199569.20,2561185367.60,2588479114.50,2836274327.30,3035970627.40,3293838967.00,3632799616.20,3862478049.50,3950580336.90,4191788049.10,3777967270.20,3160827104.10,1850279323.40,418851731.00,448440322.70,487153109.00,532275196.30,686475051.00,845577078.80,970198053.30,1146757414.80,1255921757.10,..
Libya,..,..,..,..,..,..,..,..,..,..,..,..,..,..,..,..,..,..,..,..,..,..,..,..,..,..,..,..,..,..
Liechtenstein,..,..,..,..,..,..,..,..,..,..,..,..,..,..,..,..,..,..,..,..,..,..,..,..,..,..,..,..,..,..
Lithuania,..,..,..,..,..,..,..,..,..,..,..,..,..,..,..,..,..,..,..,..,..,..,..,..,..,..,..,..,..,..
Luxembourg,..,..,..,..,..,..,..,..,..,..,..,..,..,..,..,..,..,..,..,..,..,..,..,..,..,..,..,..,..,..
"Macao SAR, China",..,..,..,..,..,..,..,..,..,..,..,..,..,..,..,..,..,..,..,..,..,..,..,..,..,..,..,..,..,..
North Macedonia,0.00,0.00,0.00,1041777825.30,1103614118.90,1277120120.90,1818417178.60,1233573682.60,1489949981.00,1436805641.80,1479940663.10,1498004031.90,1685422711.40,1889308246.60,2829112500.50,2981490108.30,3296991429.40,4174062767.90,4337470537.80,5246917723.50,5159228792.20,6131371643.20,6469415528.30,6736820574.20,7232875180.30,6766734508.00,7512963749.00,8544276017.30,8744240007.70,..
Madagascar,3701101935.30,3908195316.30,3911346484.20,3804731531.50,4096453461.60,4322004158.10,4145801222.50,4108929981.90,4393975739.90,4781749985.10,4726029557.00,4184263804.70,4543888332.40,4979583730.90,3824731184.50,3525441335.70,1526991065.50,2332269180.40,2533049972.10,2846880423.70,2755972130.70,2867388363.70,2993481414.40,2939311490.70,2962335714.70,3006713739.80,2975695835.00,3381731563.80,3716241963.30,..
Malawi,1558240456.50,1664940523.20,1708915403.50,1826231847.60,2021054114.30,2238776661.50,2311685185.80,2225560611.30,2438886276.00,2757065362.40,2716150630.50,2591698365.20,2900916474.80,3111209644.50,3443607862.60,3195998422.20,870594215.50,868791750.50,994624410.90,1144298597.30,1020633952.20,1213415625.90,1331015942.40,1566180341.00,1666415306.00,1721088078.10,1849739636.40,2183648502.90,2265972918.30,..
Malaysia,..,..,..,..,..,..,..,..,..,..,..,..,..,..,..,..,..,..,..,..,..,..,..,..,..,..,..,..,..,..
Maldives,77964852.90,81242507.10,94898973.90,112349106.80,123524561.10,154866795.90,168205228.40,171332186.70,193599922.60,219239550.10,203023211.50,233027776.10,269846875.20,292920063.30,339687013.40,362336487.40,553705510.90,771851912.50,1147412938.20,1383451322.80,916604218.60,881963777.10,889128987.10,1027162385.50,1097585532.20,1008673783.40,1195986067.10,1459620101.10,2332419859.00,..
Mali,2467995904.90,2599264266.90,2900472548.60,2903213185.30,2694518432.50,2958170808.00,3006602911.20,3152281165.10,3204812997.80,3217973119.80,2981177567.10,2878077838.70,2792059831.30,3076156841.20,3289528748.70,3195558755.30,1603843235.20,1850252388.20,2055380763.60,2210301311.90,2455765584.00,2921944938.10,3059189783.40,3445672339.90,3458325811.50,3691933458.40,3788900796.90,4374582759.60,4896227845.70,..
Malta,..,..,..,..,..,..,..,..,..,..,..,..,..,..,..,..,..,..,..,..,..,..,..,..,..,..,..,..,..,..
Marshall Islands,..,..,..,..,..,..,..,..,..,..,..,..,..,..,..,..,..,..,..,..,..,..,..,..,..,..,..,..,..,..
Mauritania,2109426965.70,2201330412.60,2100811551.60,2169793892.40,2255603797.70,2390562998.40,2451411242.90,2489391257.30,2389022769.90,2499843794.90,2344637631.90,2251014239.70,2237558424.90,2318671111.40,2299558089.20,2281454208.90,1560130846.40,2568568273.10,2850445607.10,3141949629.80,3556481608.20,3742969896.70,4277706212.40,4522483356.20,4531594784.90,4993506914.20,5080227727.30,5233411953.50,5218054956.90,..
Mauritius,932288569.90,991773851.80,943715144.40,901101941.50,1098541961.40,1415082634.00,1398985369.80,1339677413.50,1281160960.30,1292869242.00,966762441.10,867310143.00,2042535103.70,3225477013.10,3329382750.50,3631519806.70,3504181954.60,5673170871.80,6514858744.60,7318907627.90,7928681896.20,9968039931.90,10710601185.40,12417327884.60,12768549258.50,10311745835.40,10454200430.60,10637199721.30,11207476258.70,..
Mexico,104604453446.90,114219780588.70,112454855209.20,131852484881.00,139914928842.70,166734035992.50,157582830604.40,148844858127.80,160179820334.40,167974626592.20,152557992414.80,166064500842.50,157273704962.70,158672304324.50,165905776664.40,170823243951.40,170608371156.60,196080704340.30,197671888870.40,193342945969.30,245906482290.80,291784441992.30,349269383310.60,406227127780.50,442413941891.70,426905095407.70,422601402283.20,441576605804.90,452991160481.70,..
"Micronesia, Fed. Sts.",..,..,..,..,..,..,..,..,..,..,..,..,..,..,..,..,..,..,..,..,..,..,..,..,..,..,..,..,..,..
Moldova,0.00,0.00,38504010.00,277649585.70,502493296.40,695156112.50,847654629.70,1082410828.20,1070923032.00,1186611253.60,1841764696.60,1790545238.90,1964800771.10,2116536512.50,2114078919.50,2219300777.20,2622104183.30,3365279030.60,3724452934.90,3715120838.60,4724734887.40,5216932920.40,5320131158.10,6204086709.30,5851138879.40,6106515269.60,6235210251.60,6988029842.80,7295939232.00,..
Monaco,..,..,..,..,..,..,..,..,..,..,..,..,..,..,..,..,..,..,..,..,..,..,..,..,..,..,..,..,..,..
Mongolia,0.00,0.00,354767148.40,387587630.40,464445079.70,530709459.50,534109092.90,606210429.50,726731457.80,981029420.00,959974419.20,946235061.70,1102129245.40,1544708956.90,1593614529.00,1396369453.20,1494391223.00,1741840643.20,2183511310.70,2985760384.70,5927964744.70,9629385296.20,15567002572.40,19181038169.80,21190754589.00,21939939185.10,25740084789.70,28773192580.70,29376547281.30,..
Montenegro,0.00,0.00,0.00,0.00,0.00,0.00,0.00,0.00,0.00,0.00,0.00,0.00,0.00,0.00,0.00,0.00,879825840.40,1299340650.20,1502099048.50,2356696742.80,4531693550.10,5531386521.60,6182748507.50,7200616070.20,6574613000.80,6219079011.80,6253312721.90,7182485056.90,7950864402.50,..
Morocco,25026523628.40,22503101421.10,22688198688.30,22114998128.90,22988012254.80,23785013677.90,24233330915.50,23501640856.40,23656729840.60,23059874272.60,20789667972.10,18898737529.40,18103630098.90,18336911799.50,17079479926.30,16304189232.00,17996441932.00,20732183141.90,21004994745.60,24725387884.30,27295707254.30,29967987911.70,33878312900.90,39299158002.00,42874987417.30,43070204129.40,46375382766.60,49796160070.00,49041418497.90,..
Mozambique,4632754632.80,4730218361.00,5150303977.00,5234126101.20,7305099201.70,7499572546.70,7603771150.40,7659072173.30,8393755739.10,7390489281.20,6680672905.40,4528444143.00,5187535950.50,5513013010.40,6096938778.20,5992432360.80,4820073357.30,5216085083.00,5580103369.40,6111767724.70,6149536394.90,6627937701.30,7628834753.10,11541487313.80,13051050554.70,13862957371.90,13850814397.30,15197545003.10,15217626485.80,..
Myanmar,5323830629.70,5479697272.80,5533265999.50,5831936285.60,6413836257.20,6256562880.10,5819275765.60,5890152843.20,6108794222.30,6443885226.30,6476747152.90,6087231632.40,6700722583.10,7429458693.50,7698907484.00,7171368828.80,7511783170.90,8059380394.30,8949815257.90,9487679635.80,10156956957.20,11100309491.40,11476640358.10,13766211367.20,14349031190.80,14291357973.70,14148528048.00,15011664243.80,14935771675.00,..
Namibia,..,..,..,..,..,..,..,..,..,..,..,..,..,..,..,..,..,..,..,..,..,..,..,..,..,..,..,..,..,..
Nauru,..,..,..,..,..,..,..,..,..,..,..,..,..,..,..,..,..,..,..,..,..,..,..,..,..,..,..,..,..,..
Nepal,1626884713.30,1765333528.30,1798261136.60,2003256051.20,2320469277.80,2409946155.00,2398116455.40,2413510339.00,2670154638.80,3030866502.20,2877908791.20,2743433152.00,3001373795.30,3216531291.30,3369366040.40,3191119081.90,3404458359.20,3615022363.10,3697620118.40,3778430148.70,3788739017.40,3828255887.90,3812045742.70,4013311461.90,3985930320.40,4150670782.80,4304236740.20,4963339523.30,5478096692.90,..
Netherlands,..,..,..,..,..,..,..,..,..,..,..,..,..,..,..,..,..,..,..,..,..,..,..,..,..,..,..,..,..,..
New Caledonia,..,..,..,..,..,..,..,..,..,..,..,..,..,..,..,..,..,..,..,..,..,..,..,..,..,..,..,..,..,..
New Zealand,..,..,..,..,..,..,..,..,..,..,..,..,..,..,..,..,..,..,..,..,..,..,..,..,..,..,..,..,..,..
Nicaragua,10976880083.20,11128234987.60,11407262916.90,11657293343.50,12406061120.50,10591398107.20,6174328565.00,6321398617.40,6379424177.20,6409337546.30,6822420902.00,6387014039.00,6440411044.00,6854198401.80,5096750020.70,5011294159.00,4190303477.10,4113792029.70,4718042360.20,5900885456.10,6986240446.60,7914987810.70,8880641149.70,9661299852.80,10078393509.30,10509306911.40,10985300386.30,11460689410.80,11617614885.10,..
Niger,1757437571.50,1526033116.50,1548659816.80,1574541865.50,1542262498.90,1603281110.00,1554447922.60,1588601065.90,1686522055.70,1716412546.30,1720689742.00,1632884608.70,1847455950.20,2149369497.90,1975267018.30,1961566455.90,764112082.70,1094173415.50,962285670.10,1262783688.40,1550898500.20,2233101113.50,1816208716.90,2010110876.00,2023256693.10,2239452550.50,2535011606.50,3058909863.30,3260010842.20,..
Nigeria,33458483418.10,33526931287.40,29018663727.60,30699263745.60,33092276818.40,34094439060.40,31414754638.80,28467535604.00,30313714707.50,29095550936.60,32374088077.20,31418239763.90,31780094348.30,36711571871.20,39898090685.70,25754639314.50,9617377578.50,12144518676.50,13128901892.70,15942067576.20,15484219062.40,17663306192.00,18127298622.20,21143710109.40,25295484776.90,29273482478.50,31248541308.40,40474780155.20,47047231943.60,..
Northern Mariana Islands,..,..,..,..,..,..,..,..,..,..,..,..,..,..,..,..,..,..,..,..,..,..,..,..,..,..,..,..,..,..
Norway,..,..,..,..,..,..,..,..,..,..,..,..,..,..,..,..,..,..,..,..,..,..,..,..,..,..,..,..,..,..
Oman,..,..,..,..,..,..,..,..,..,..,..,..,..,..,..,..,..,..,..,..,..,..,..,..,..,..,..,..,..,..
Pakistan,20663375831.90,23363317172.70,24917879003.90,24546389115.20,27382714135.50,30228704866.30,29834528696.50,30078624661.50,32283227804.60,34142855329.00,33025512205.10,31931728649.60,33823926260.70,36506560066.50,36396694395.70,34117819879.80,37284421437.90,42170979436.40,49681662204.10,56518734133.90,62974618946.00,64637083091.20,62509525941.40,58549490981.30,62232135571.60,66712407468.60,73093237631.40,86070445354.80,90957392314.20,..
Palau,..,..,..,..,..,..,..,..,..,..,..,..,..,..,..,..,..,..,..,..,..,..,..,..,..,..,..,..,..,..
Panama,..,..,..,..,..,..,..,..,..,..,..,..,..,..,..,..,..,..,..,..,..,..,..,..,..,..,..,..,..,..
Papua New Guinea,2593899557.80,2774125271.90,3788946401.10,3268510852.40,2792345094.20,2505573004.30,2507363358.30,2589508592.60,2712134542.30,2657223999.30,2325079588.00,2047405719.90,1856713721.00,1863354062.50,1769749010.60,1870906689.60,1754570834.60,1530876142.90,1436380431.40,1768982572.70,5987009775.40,12584089527.70,14922491219.90,21609688499.30,20428667422.40,20386681281.90,19244715638.00,17220996195.60,17718401681.90,..
Paraguay,2176252017.00,2129183915.20,1690940097.40,1649950801.50,2153330722.20,2617585263.30,2604084334.00,2496673813.20,2826034207.60,3433334794.80,3106035613.70,2867285123.10,3373052129.50,6798833897.60,7376893644.30,8302216058.40,9565284908.60,10714075892.80,12520045510.30,13941379381.70,15902555799.30,15580878833.80,16046077317.90,15697471915.70,16467483331.40,16124530726.10,16223698755.10,15924965753.60,15806118032.10,..
Peru,20297695234.20,20804189541.30,20421065903.50,23650210716.00,26596519778.80,30911667664.70,29032988173.40,29724003466.90,30581703299.90,29361508474.80,28834463709.60,27722614292.00,28445374390.40,30221849065.80,31742552289.60,29513668636.00,29295983199.50,32239012465.40,34719588729.20,37389855104.70,42153893573.50,45012107240.10,61626833938.70,63546120687.30,67905931709.00,67184712045.70,69611275946.20,67558362795.20,66697380387.80,..
Philippines,30579850826.60,32493338656.30,33219038809.80,36142381235.00,40256580063.70,39378716225.10,44001193723.20,50705832980.60,53608216701.00,58480699325.60,58455901921.90,58399723505.50,60064413331.70,62762530812.50,61148536677.50,58692722321.80,57597460568.90,59175573171.60,58269785208.60,55984120354.00,65358008410.10,66114028173.00,69371694816.50,66200931081.30,77170145713.90,76494548494.10,72930887387.70,74381897700.90,78824362849.60,..
Poland,..,..,..,..,..,..,..,..,..,..,..,..,..,..,..,..,..,..,..,..,..,..,..,..,..,..,..,..,..,..
Portugal,..,..,..,..,..,..,..,..,..,..,..,..,..,..,..,..,..,..,..,..,..,..,..,..,..,..,..,..,..,..
Puerto Rico,..,..,..,..,..,..,..,..,..,..,..,..,..,..,..,..,..,..,..,..,..,..,..,..,..,..,..,..,..,..
Qatar,..,..,..,..,..,..,..,..,..,..,..,..,..,..,..,..,..,..,..,..,..,..,..,..,..,..,..,..,..,..
Romania,1139859077.20,2159379246.10,3272087505.20,4281771713.40,5601780024.80,6832100324.10,8454022645.90,9636709338.10,10107804713.70,9110874002.00,11259184999.40,12740486835.80,16781888348.00,22739460915.40,29689407905.60,38884059951.00,53980696725.00,84381083204.90,99447360366.50,113615499046.90,115392643494.30,119601149373.90,120825672715.00,123953897826.90,111824210775.30,96448286037.40,96116934114.30,114007212028.60,112116341842.70,..
Russian Federation,0.00,0.00,79671384011.60,112463242743.20,122365566099.30,122074627736.60,127025505816.30,128143868208.00,175719267829.00,180043060834.50,146665107929.80,141151650545.70,138446858475.70,185905051377.90,214206935067.30,249832035581.00,311265306723.70,416308041281.20,419280876943.60,406431159699.80,417851994642.80,544318125577.80,591795805719.50,668468551019.50,549602773774.90,467699345449.20,533203751067.40,518191187324.60,453938114126.20,..
Rwanda,711728808.00,809899702.60,857063267.20,908962809.20,955151668.60,1032504216.90,1045357833.60,1112854511.60,1227864434.50,1311799009.30,1289758077.60,1299040552.20,1452031421.50,1555052246.90,1670716289.30,1526467033.20,433571511.00,619217476.90,928908920.70,1101366314.60,1233314075.50,1460707197.20,1814534884.70,2314566336.60,2909861733.60,3451961487.90,4318715941.30,4825393390.30,5402742210.70,..
Samoa,91806619.40,113648764.50,117763888.70,140498861.00,154590275.00,160047723.20,153447044.20,138788873.60,143914846.60,148001778.40,139172179.40,135466609.50,148295167.00,168610857.80,176496322.70,169098029.90,165440757.30,187694141.10,207365268.10,252885686.90,325098258.90,368308475.70,422904446.20,447232337.90,450184067.20,437424608.00,417456842.90,443075541.60,427480190.60,..
San Marino,..,..,..,..,..,..,..,..,..,..,..,..,..,..,..,..,..,..,..,..,..,..,..,..,..,..,..,..,..,..
Sao Tome and Principe,150047861.40,167715805.50,189843609.20,209813616.40,222778525.70,245655455.10,235376843.00,238209013.70,258261791.00,321781710.60,304831898.20,308356185.00,333450000.50,339959178.80,361057555.20,335612441.80,351558074.50,166187260.30,131728912.60,157000836.30,181091117.60,230969903.50,204753251.70,217685128.50,228955741.90,243179751.60,248217238.60,266311268.80,249636821.40,..
Saudi Arabia,..,..,..,..,..,..,..,..,..,..,..,..,..,..,..,..,..,..,..,..,..,..,..,..,..,..,..,..,..,..
Senegal,3750339025.90,3589290724.20,3684277264.20,3843451727.80,3697792446.10,3915938299.70,3786088622.40,3805574682.60,4096776592.10,4000850002.60,3653475930.90,3700965274.50,4118750354.60,4397912285.20,3940274903.80,3861745159.00,1936520868.30,2585777650.10,2850930593.40,3720886238.10,3909476502.90,4325493202.30,4889618994.40,5221162675.90,5631713314.90,5904876979.90,6689584740.40,8897550007.60,12273264890.20,..
Serbia,17792819636.90,16472055974.40,16483026471.40,12708824729.00,11100638781.80,10785293239.60,9409821312.20,10616369758.80,10897975637.20,10978472128.80,11573165499.60,12478681866.60,11400905180.20,14259748378.80,14562774444.50,16159378880.40,19885774045.60,26211637916.40,30493346800.90,33809169778.70,32907137502.00,31657124951.80,34361116041.70,36278365715.70,32998984638.30,31301126312.60,29537059084.60,34332582635.80,34338970854.90,..
Seychelles,..,..,..,..,..,..,..,..,..,..,..,..,..,..,..,..,..,..,..,..,..,..,..,..,..,..,..,..,..,..
Sierra Leone,1196563740.70,1271189256.60,1390152937.80,1556470569.60,1557983211.50,1249606744.80,1241837537.90,1200047496.10,1314139190.30,1319225620.60,1248363708.60,1256749338.80,1408416911.20,1575774381.10,1683344084.80,1804606614.10,1528631481.50,551066958.20,633810297.60,856852310.40,931127139.30,1050427525.80,1334200316.80,1395490716.00,1426861635.10,1551204746.40,1598305281.70,1715619315.30,1712917101.50,..
Singapore,..,..,..,..,..,..,..,..,..,..,..,..,..,..,..,..,..,..,..,..,..,..,..,..,..,..,..,..,..,..
Sint Maarten (Dutch part),..,..,..,..,..,..,..,..,..,..,..,..,..,..,..,..,..,..,..,..,..,..,..,..,..,..,..,..,..,..
Slovak Republic,..,..,..,..,..,..,..,..,..,..,..,..,..,..,..,..,..,..,..,..,..,..,..,..,..,..,..,..,..,..
Slovenia,..,..,..,..,..,..,..,..,..,..,..,..,..,..,..,..,..,..,..,..,..,..,..,..,..,..,..,..,..,..
Solomon Islands,120500491.40,129466452.60,94291522.10,150544684.30,154928415.70,158741508.50,147494744.30,139946900.80,154585730.70,165883917.00,156207110.50,164030802.80,180737376.70,181240395.00,179639740.00,167389191.60,174423711.10,178330553.80,166904390.60,172447071.60,230756584.90,257503829.40,228147130.50,203970834.50,187516804.10,207462416.60,263838539.30,376730656.20,388511174.20,..
Somalia,2370272427.20,2449283884.80,2446601662.70,2500549538.10,2616162088.10,2678442200.40,2643159544.60,2561334858.60,2635032816.90,2625749517.30,2575688617.80,2573509234.40,2707601441.90,2868114617.00,2885536408.60,2775273856.20,2869714577.60,2983340944.70,2984293715.50,3062528670.70,3059898281.80,3067271303.60,3068782014.80,3069936436.90,2960450789.20,2893859852.40,2864542920.10,2958040099.00,2932003116.10,..
South Africa,0.00,0.00,0.00,0.00,21670999666.00,25357999878.70,26050000159.40,30071801216.30,24778636996.60,24536864732.00,25435195381.50,24603874747.60,33719581121.40,37138448416.50,43181221208.70,44736853355.80,59381328584.40,72596572529.80,69960357519.80,79017425529.00,108391606369.40,116929482061.50,144958641901.30,139789840171.80,141598627952.50,138077504039.70,146040978446.90,180496789079.40,179306413801.80,..
South Sudan,..,..,..,..,..,..,..,..,..,..,..,..,..,..,..,..,..,..,..,..,..,..,..,..,..,..,..,..,..,..
Spain,..,..,..,..,..,..,..,..,..,..,..,..,..,..,..,..,..,..,..,..,..,..,..,..,..,..,..,..,..,..
Sri Lanka,5867509111.80,6580740209.60,6476089777.80,6902629411.00,7960615109.60,8395502196.90,8298763054.90,8106316372.40,9057333356.10,9943050525.00,9249848286.40,8952124828.10,10122942033.80,10725993550.00,11600420988.80,11300134209.50,11853449200.40,14161321567.60,16320821885.10,19504201128.00,21684210688.50,25795379781.10,35735941876.00,39314573725.00,42262839820.30,43925102206.70,46646290651.50,50760220715.10,52626036436.90,..
St. Kitts and Nevis,..,..,..,..,..,..,..,..,..,..,..,..,..,..,..,..,..,..,..,..,..,..,..,..,..,..,..,..,..,..
St. Lucia,79175705.00,82343009.70,97981226.60,100852543.20,113598527.80,128275618.80,141571045.90,152941378.90,183326352.20,185313652.50,222227639.50,252569438.30,286810194.20,331846693.70,355536778.40,415674032.20,369061061.00,474860076.90,832193627.40,433132167.00,579625262.70,451199314.80,428334431.40,471822061.90,526960331.10,530150919.20,542172513.80,622106095.40,615753530.00,..
St. Martin (French part),..,..,..,..,..,..,..,..,..,..,..,..,..,..,..,..,..,..,..,..,..,..,..,..,..,..,..,..,..,..
St. Vincent and the Grenadines,62704235.80,68854801.50,76245651.30,101713065.00,114170293.90,118297375.10,122492508.50,117721039.10,136298403.30,193802389.10,195077653.90,195046431.70,175623164.10,199272731.10,228632793.90,252622855.60,243484201.00,201948941.40,232179973.80,246043909.70,295920078.10,304058669.50,288063904.30,311725336.60,340851058.70,343941087.20,333503504.70,337066288.50,328201961.40,..
Sudan,14798052810.30,15298882978.40,15558414380.80,15979632963.10,17096156407.10,17816478183.10,16971980942.00,16326140589.20,16843023940.70,16205567433.60,16075999064.40,15010981050.40,16131307065.00,17322489066.00,18376488692.00,17579077748.40,18486143553.40,19796609171.30,20335215853.00,21112640260.00,22322844218.70,21180844800.10,21822049522.00,22500007302.40,21781763689.40,21426445662.60,21114079930.50,21744621275.80,21595899714.10,..
Suriname,..,..,..,..,..,..,..,..,..,..,..,..,..,..,..,..,..,..,..,..,..,..,..,..,..,..,..,..,..,..
Eswatini,256044454.30,260437309.60,237910547.00,228166871.40,240790698.90,249640731.90,234857815.80,409051383.10,300826830.30,340291444.00,333715753.20,348534802.30,406116780.50,445310216.20,453614368.70,511385206.50,458371280.60,495172844.40,475124117.70,524181922.70,699487468.00,606818435.40,464434238.50,431978974.50,396693305.40,367500216.80,487146786.20,652166823.50,509242798.20,..
Sweden,..,..,..,..,..,..,..,..,..,..,..,..,..,..,..,..,..,..,..,..,..,..,..,..,..,..,..,..,..,..
Switzerland,..,..,..,..,..,..,..,..,..,..,..,..,..,..,..,..,..,..,..,..,..,..,..,..,..,..,..,..,..,..
Syrian Arab Republic,0.00,0.00,0.00,0.00,0.00,21822120430.30,22027031888.50,21598469675.70,23313078361.50,22960729058.60,22235538194.10,21108371969.20,0.00,0.00,0.00,0.00,0.00,0.00,5389146719.00,5689061010.70,5277021226.50,4980886783.40,4748974173.10,4766303035.70,4608893150.30,4419625337.60,4368418753.20,4604728139.80,4589087478.90,..
Tajikistan,0.00,0.00,9731000.00,382514000.00,577538000.00,629795000.00,694309400.40,1050335124.10,1228826959.20,1373567363.80,1140676654.00,1162073154.70,1254304142.60,1272329032.20,1166678857.20,1116909976.50,1060790372.70,1348486856.00,2497045162.50,2666229139.60,3560958936.10,3922264885.90,4615851612.70,4862981081.70,5122527556.70,5142407897.60,5166139165.10,6097935014.20,5976519447.10,..
Tanzania,6432116280.50,6558177249.50,6668091984.40,6767949416.10,7227078641.80,7370002189.40,7343151662.70,7105135535.00,7505391494.70,7907249725.90,7187824540.20,6511080019.00,7145819695.60,7307954236.40,8628762340.00,8409774096.70,4097945623.00,5030962807.30,6010233473.70,7685190153.30,8892091728.00,10010937393.40,11578635386.40,13134279243.90,14503038677.60,15277884621.30,16189113680.50,18396728338.00,18584988400.30,..
Thailand,28165126438.70,37772319224.60,41864442860.10,52717189061.20,65596252733.30,100092684586.00,112879501380.90,109730690051.90,104943991856.50,96903100977.30,79830056193.20,67296708658.90,62922110903.30,58452984709.50,58416708560.40,58466721297.50,62493469252.20,62779007038.00,66618742797.70,80824068117.80,106357878658.60,115440130154.40,148243531120.80,151675992277.60,146056991029.00,131819352872.30,137571211142.90,157582944161.60,169240672657.40,..
Timor-Leste,0.00,0.00,0.00,0.00,0.00,0.00,0.00,0.00,0.00,0.00,0.00,0.00,0.00,0.00,0.00,0.00,0.00,0.00,0.00,0.00,0.00,0.00,76035317.80,89494700.40,104305491.20,116733676.60,80907557.50,124522399.40,158056457.00,..
Togo,1280414838.00,1350918506.20,1352229618.60,1292462409.30,1454418478.00,1474990120.10,1487243523.20,1344663527.60,1471814621.30,1538399193.90,1445960550.90,1422893098.60,1601843852.70,1731925829.40,1838337733.30,1686929449.60,1797045210.90,1969930421.70,1641684229.60,1730085864.70,1278312048.90,622147956.20,746770402.70,896020109.20,986280267.90,1064232968.90,1170360295.50,1634114441.20,1760687348.00,..
Tonga,53683028.00,44995161.50,43482995.30,44241811.70,58640380.30,64114187.20,63805061.30,58675998.80,64879601.70,78049432.90,73965562.40,71355546.30,81495989.10,93415984.10,94356377.10,89030079.10,91618892.90,96867967.00,98959554.00,114892400.30,153652255.80,191201692.90,197996953.70,199476765.40,195792308.20,184322326.80,177977722.20,196852315.70,188682704.40,..
Trinidad and Tobago,..,..,..,..,..,..,..,..,..,..,..,..,..,..,..,..,..,..,..,..,..,..,..,..,..,..,..,..,..,..
Tunisia,7689870905.10,8251258473.60,8542684831.50,8693836168.70,9614053659.60,10819480146.70,11379084345.60,11229245891.00,10845598411.70,11912144319.50,11355469755.50,12917011935.40,15492346209.40,18111159901.30,19562822854.70,17944040902.30,18727187057.90,20594374122.00,21475825683.40,22819976173.70,22580937975.20,22753757153.30,25375290046.90,25765756846.10,26473566881.10,27244846634.00,28363504065.00,33468230186.20,34660991163.50,..
Turkey,49424152195.20,50873488639.50,56553858153.60,68604763966.00,66249185119.70,73781102423.70,80624816759.00,84719917064.60,96953865165.90,101784260989.90,116799280014.00,112946289541.40,129501126015.70,144076069901.70,159621568696.30,173601963818.10,211039504420.90,260028249562.80,290571661393.00,278829978028.00,300869398758.20,305569521865.70,338827276892.90,390350027972.10,406061722800.70,399948917249.00,409420945755.00,456174112808.80,445139146166.30,..
Turkmenistan,0.00,0.00,0.00,276435325.00,431045659.10,402248484.20,756163428.60,1866474843.20,2397439413.00,2732208441.40,2627007065.70,2241509191.60,2130945860.60,1916765263.80,1815782395.50,1152800557.50,991050916.50,851749184.40,742453500.10,674244848.70,531182758.00,455877865.40,505008076.10,507170296.00,409853981.90,367006380.60,507682287.90,783695844.00,907329366.50,..
Turks and Caicos Islands,..,..,..,..,..,..,..,..,..,..,..,..,..,..,..,..,..,..,..,..,..,..,..,..,..,..,..,..,..,..
Tuvalu,..,..,..,..,..,..,..,..,..,..,..,..,..,..,..,..,..,..,..,..,..,..,..,..,..,..,..,..,..,..
Uganda,2605823363.90,2803285020.50,2951348322.80,3052849509.10,3397572158.90,3608776798.10,3710237065.00,3907829289.70,3941902486.70,3537939246.80,3535147374.50,3768195790.90,4019812753.10,4577712717.60,4797212348.40,4468313217.40,1306323179.90,1658719727.10,2297754399.10,2767797528.10,2978951244.90,3266659093.90,3779947287.50,8563450407.20,8654680117.30,9573690417.40,10090502646.20,11688544869.10,12330462578.70,..
Ukraine,0.00,0.00,550691959.60,3855492092.60,5636653268.20,8429952804.70,9538672857.80,11133852083.00,13073030721.90,15753044628.10,13915483185.00,22209140729.20,23485797434.50,25866011946.00,32109497693.80,35100157138.60,54269247857.60,80811501426.60,99522725087.10,105305698734.20,124526897803.90,137133975946.70,133747127021.60,146636254044.80,126817430967.00,117456003602.30,115006361634.80,115434639284.10,114511844591.90,..
United Arab Emirates,..,..,..,..,..,..,..,..,..,..,..,..,..,..,..,..,..,..,..,..,..,..,..,..,..,..,..,..,..,..
United Kingdom,..,..,..,..,..,..,..,..,..,..,..,..,..,..,..,..,..,..,..,..,..,..,..,..,..,..,..,..,..,..
United States,..,..,..,..,..,..,..,..,..,..,..,..,..,..,..,..,..,..,..,..,..,..,..,..,..,..,..,..,..,..
Uruguay,..,..,..,..,..,..,..,..,..,..,..,..,..,..,..,..,..,..,..,..,..,..,..,..,..,..,..,..,..,..
Uzbekistan,0.00,0.00,59702042.90,1031699376.20,1247180534.10,1801128709.80,2390088815.70,2929383835.40,3372052741.10,5310161203.50,4947978618.00,5211410616.80,5140357902.10,5321596556.60,5204729495.60,4631813975.60,4513825291.30,4655749411.70,5070478524.90,7027539348.00,7801789781.50,8299750652.40,9106558505.70,10666319186.50,12555994021.10,14059052782.90,15801277503.20,16865599979.70,17629836366.50,..
Vanuatu,38217710.60,34869375.10,36227064.60,40189501.80,45581300.90,48945486.70,47879676.10,48734564.00,64167377.70,87977202.20,112263772.80,122663924.10,160584256.70,161146227.60,153931970.50,100347467.50,110583704.20,127898893.30,148880846.80,153308882.30,177656192.90,178444531.30,182211942.00,158471649.60,203273705.10,256793117.10,293420842.10,401420199.80,402236822.40,..
"Venezuela, RB",33172570887.60,34123003209.90,37849456577.40,37540190896.20,36943075421.10,35744361486.30,35763663049.60,44291613282.20,49473410649.90,48994306276.40,49458312658.40,46661754469.60,44711967935.70,46741849640.10,45376722765.00,49531695781.40,49404276758.10,65150126465.90,73153075386.00,94353254745.40,116965866817.00,136094694773.20,152168843277.50,154689778604.00,161706694426.30,160909152083.30,152522867634.60,148877881886.70,154898123057.10,..
Vietnam,23270062150.10,23395041592.50,24389145840.70,24224319557.60,24855517887.40,25483320390.60,26309991483.30,21830829876.40,22512305266.70,23328780655.50,12841178044.20,12632834003.60,13321446639.10,15571477724.70,17609714906.80,18572022977.20,18730926327.70,23113869256.00,26476096052.60,32741968017.70,44935569969.70,53921471325.30,61609572411.60,65479108386.50,72449345480.20,77828621562.70,85662597707.90,104090502185.30,108096279762.10,..
Virgin Islands (U.S.),..,..,..,..,..,..,..,..,..,..,..,..,..,..,..,..,..,..,..,..,..,..,..,..,..,..,..,..,..,..
West Bank and Gaza,..,..,..,..,..,..,..,..,..,..,..,..,..,..,..,..,..,..,..,..,..,..,..,..,..,..,..,..,..,..
"Yemen, Rep.",6354026972.50,6475141178.70,6573081090.50,5944866677.90,6153597464.70,6250665953.00,6399965191.40,3917093653.50,5778379330.70,5132268503.50,5152412926.40,5187675837.00,5323448564.20,5480632068.80,5603364949.20,5477559319.60,5713770653.40,6155419537.50,6228636614.00,6799196018.20,6504445072.00,6429107186.20,7586177348.90,7688886486.70,7723143722.10,7298875773.20,7062886431.00,7193122745.60,7036567418.60,..
Zambia,6904814239.40,6958488380.00,6700065955.60,6477914987.80,6808521300.70,6957808471.70,7060056954.30,6659848622.40,6870434146.50,5953049690.70,5811480208.30,6189776538.40,6674675453.40,6874311297.90,7540236739.50,5460805366.50,2375623223.00,2857155352.00,3079660252.30,3774353380.00,4384212950.80,5099155977.50,5857016744.30,6429610354.20,9338721527.20,11916829513.60,15358999940.40,17520328410.40,19116039144.20,..
Zimbabwe,3317686594.10,3515835605.10,4170701445.10,4315438845.30,4565936832.40,5078905685.00,5075405701.50,4962763786.00,4680669758.30,4411592520.60,3913000828.30,3724244859.70,4054717593.40,4684661982.20,5037789598.40,4545437495.80,5015667545.30,5828362724.90,5840743090.70,6178260610.10,6781731614.50,7517251458.70,8916346646.70,8442463268.00,8372113635.50,9380360941.20,11223478099.60,12114772828.70,12286240513.20,..
