Andorra,..,..,..,..,..,..,..,..,..,..,..,..,..,..,..,..,..,..,..,..,..,..,..,..,..,..,..,..,..,..
Angola,-334800000.00,664500000.00,287956000.00,302100000.00,170300000.00,472427000.00,180559000.00,411660000.00,1113970000.00,2471460000.00,878620000.00,2145470000.00,1743504000.00,3576971780.00,2197227820.00,-1303836930.00,-37714860.00,-893342152.00,1678971010.00,2205298180.00,-3227211182.45,-3023770965.84,-1464627990.88,-7120017424.46,3657514667.49,10028215162.64,-179517618.92,-7397295409.19,-6456076413.12,..
Antigua and Barbuda,60607407.41,54792592.59,19648148.15,15240740.74,24788888.89,31485185.19,19351851.85,22944444.44,22774074.07,51792533.33,43115925.93,98452222.22,65865064.81,166321143.70,80366585.19,220963374.07,358820163.70,338204733.33,158783774.44,80646652.59,96679207.78,65160596.30,129367138.89,134288999.63,46263101.05,114024660.12,97431976.47,156934594.92,135127898.77,..
Argentina,1836000000.00,2439000000.00,4430977523.08,2793085410.10,3634931878.26,5609423403.56,6948536686.65,9160272052.44,7290657132.08,23987696389.64,10418314339.14,2166136829.76,2148910000.00,1652010000.00,4124710000.00,5265250000.00,5537347786.19,6473157762.13,9725553129.52,4017158924.88,11332718626.43,10839930944.68,15323933916.82,9821661858.16,5065335541.96,11758994011.29,3260164341.77,11516861462.28,11872856662.76,6244423191.86
Armenia,..,..,2400000.00,800000.00,8000000.00,25320000.00,17570000.00,51940000.00,232375000.00,122034000.00,104188500.00,69868500.00,110725325.61,122852992.70,247140608.50,292073220.16,466531991.90,667671562.13,943733059.48,760040745.87,529321391.64,653219756.47,496636701.13,346092394.39,406578406.69,184127986.31,333733314.10,250935110.24,254146163.56,254483084.28
Aruba,130502793.30,184748603.35,-36983240.22,-17932960.89,-73184357.54,-5530726.26,85027932.96,197821229.05,113463687.15,467541899.44,-127932960.89,-266927374.30,332513966.48,159776536.31,-105698324.02,-207798005.87,220316139.72,-471005586.59,18882681.56,-10614525.14,186759776.54,488156424.58,-314692737.43,226371388.83,250618094.97,-28775856.42,27551267.63,162463551.52,134979426.03,..
Australia,8457776859.55,2612066526.44,4941906671.71,5312435141.59,4458484243.65,13268875155.49,4563952446.39,8088068982.50,7597610928.17,2210917991.83,14892978180.18,10717133150.69,14656321800.54,8985246029.50,42907672820.38,-25093141435.19,30551100656.60,44440090037.77,45160024270.94,28683266147.88,35210733743.08,65554890649.53,57550426822.61,53997299139.89,63195482811.61,46892808567.85,42980709071.98,47541126471.97,61493831898.86,..
Austria,653000000.00,360000000.00,1485518379.90,1125106168.00,2075823025.36,1825089897.18,4323515256.75,2668974480.40,4571855469.05,2974499987.75,8501013451.26,5689434546.45,138346430.76,6195021861.46,3183649649.54,81096089418.12,10500457158.34,68865787583.44,6301143681.98,14300064389.01,-22007325156.28,22983942931.93,5218620112.78,451107665.23,1712175273.93,-7975773543.92,-28939340169.03,13520042222.00,4220346205.72,13117080192.18
Azerbaijan,..,..,..,10000.00,22000000.00,330050000.00,627277000.00,1114838000.00,1022967000.00,510317000.00,129937000.00,819579000.00,2024577000.00,4007330000.00,4719107000.00,4476396000.00,4485966000.00,4594234000.00,3986807000.00,2900030000.00,3352997000.00,4485120000.00,5293250000.00,2619437000.00,4430466000.00,4047630000.00,4499666000.00,2867487000.00,1402998000.00,1503918000.00
"Bahamas, The",-17000000.00,-1300000.00,300000.00,27300000.00,23600000.00,106900000.00,87800000.00,210000000.00,146900000.00,149300000.00,250250000.00,102370000.00,152790000.00,190200000.00,273600000.00,563414700.00,706380000.00,713350000.00,860156197.03,663960000.00,871970000.00,666621000.00,526171000.00,382252000.00,251277428.82,76075924.75,390400036.41,304587573.12,491404689.23,..
Bahrain,91755319.15,619414893.62,868617021.28,-275000007.92,208244700.24,430586743.72,2048151879.61,329284164.22,179454413.27,453737837.97,363562321.91,80358858.37,216986881.65,516700276.44,865308118.62,1048601306.14,2914659868.30,1756312514.78,1793998354.54,257149561.42,155771009.17,780851063.83,1544680851.06,3727712765.96,1518617021.28,64893617.02,243351063.83,518882978.72,111170212.77,..
Bangladesh,3238781.19,1390444.32,3721853.38,14049886.52,11147788.33,1896372.13,13529831.54,139376153.12,190059372.97,179603006.32,280384629.68,78527040.08,52304931.04,268285231.83,448905400.71,813321971.88,456523167.70,651029738.05,1328422986.52,901286583.13,1232258246.59,1264725163.33,1584403459.98,2602962095.37,2539190939.68,2831152765.16,2332724780.71,1810395803.57,2940222419.73,1596754107.45
Barbados,11213282.80,7424921.25,14450000.00,9402113.87,12950000.00,63803750.15,15836484.06,28203499.05,29160482.23,47539505.12,73696943.91,91504910.94,228343253.80,184701288.60,228334500.00,390061395.86,342267498.22,476404576.96,615122884.63,356008255.11,425337312.59,459552936.37,528045664.51,104089451.16,753687476.11,688525943.31,557688983.74,286157362.74,195096000.00,..
Belarus,..,..,7000000.00,17600000.00,10500000.00,14700000.00,104500000.00,351600000.00,203200000.00,444000000.00,118800000.00,95800000.00,247100000.00,171800000.00,163800000.00,306600000.00,357100000.00,1807300000.00,2187900000.00,1876500000.00,1393400000.00,4002400000.00,1463600000.00,2246100000.00,1862000000.00,1652300000.00,1246900000.00,1276300000.00,1426500000.00,1273300000.00
Belgium,8046730000.00,9362560000.00,11285800000.00,10750000000.00,8513580000.00,10688700000.00,14063900000.00,11998300000.00,22690500000.00,119692913000.00,88738714000.00,88203254000.00,18118954671.37,34559267489.71,44498165771.14,33662010793.57,58821552824.37,96551634531.25,190391844688.59,77354509260.11,125491894873.02,163624381384.59,11810272330.68,-29640924980.15,-15205871357.97,-19514245854.73,57538351507.07,-36143116556.52,-54788945348.75,-28524583954.55
Belize,17200000.00,13600000.00,15600000.00,9200000.00,15369500.00,21050000.00,16580000.00,11955000.00,17650000.00,58671500.00,29564651.92,61174888.87,25461176.88,-10924755.75,111496166.36,126908465.92,108828544.57,140373737.27,169668449.49,108840086.42,96449877.08,95348525.19,194201408.79,92247730.94,141097030.34,59119223.90,32733410.99,25637115.50,119541646.95,..
Benin,-2954844.09,393822.33,954317.43,-21635980.33,-7107468.71,-7738379.61,-14661253.78,12183267.34,11294143.50,9314781.88,-12794843.61,16739539.34,-19395622.70,10638088.26,-40774605.06,-8788860.13,-12363482.36,139189943.02,48210757.85,-18807407.38,53507087.74,161302390.82,281548556.30,360343380.32,405737328.60,132101580.98,131790853.84,134502871.20,140607611.80,..
Bermuda,..,..,..,..,..,..,..,34700000.00,102700000.00,60500000.00,66900000.00,41800000.00,5400000.00,12900000.00,831600000.00,43700000.00,-88170000.00,617153591.79,171529641.63,-70747817.17,222710475.85,-257865988.56,47614095.07,54904045.83,-3425440.52,-143094386.12,-73213793.63,-288109271.00,95689121.50,..
Bhutan,1600000.00,600000.00,..,..,..,50000.00,1400000.00,-700000.00,..,1050274.76,..,..,2425411.90,3370306.53,8859907.54,6210884.35,6122702.14,73855769.76,3144001.02,18299707.23,75274009.03,31141614.86,24380673.57,20433631.07,23534931.75,6450953.85,11884162.35,-16553759.95,2649712.66,..
Bolivia,27200000.00,52000000.00,93100000.00,123800000.00,130200000.00,392700000.00,474100000.00,730600000.00,949300000.00,1010500000.00,736350000.00,705756000.00,676543000.00,197400000.00,65430000.00,-238620000.00,280763457.00,366294241.54,512335605.24,423040000.00,621997989.55,858941070.40,1059965390.78,1749612614.40,656566350.80,554643532.30,335365530.43,712474137.78,302368781.38,-159539118.41
Bosnia and Herzegovina,..,..,..,..,..,..,..,..,66736468.36,176780594.76,146075610.88,118495219.81,267769568.96,381784637.39,889597294.55,623812851.56,845962876.36,1841972230.25,1004852659.85,138511019.73,443840207.09,471610992.22,391976946.38,313295008.33,544866345.46,383089615.73,313198153.36,464142734.22,488903026.03,516390942.02
Botswana,95889963.04,-8211493.78,-1564184.91,-286949434.09,-14154569.01,70413220.76,71182310.71,100109748.74,95318134.92,36675065.78,57171313.17,30680473.55,407997828.63,418040911.86,390889365.26,420853645.92,486912042.12,494635511.69,520918009.90,208699416.07,218380384.21,293208111.90,163223420.63,67136668.83,515184275.52,378553780.93,122162734.74,177114236.21,228718290.83,..
Brazil,989000000.00,1103000000.00,2061000000.00,1292000000.00,3072000000.00,4859000000.00,12552000000.00,19650000000.00,31913000000.00,28384000000.00,32994718699.75,23225846372.25,16586600193.11,10123013670.99,18181190855.28,15459981604.12,19378093068.28,44579492463.63,50716402711.48,31480932200.00,82389933624.10,102427229784.41,92568379494.50,75211028087.44,87713987796.95,64738149686.45,74294617926.46,68885072605.58,78162572752.95,78559269882.31
British Virgin Islands,18350000.00,4860000.00,-131220000.00,675980000.00,677510000.00,-576710000.00,1109550000.00,3636650000.00,8777518710.37,7915398865.61,8073327000.00,3791260000.00,5451882000.00,9660121000.00,28309656000.00,-7142639000.00,12029088000.00,37163179000.00,52554448000.00,42212878000.00,51464048000.00,58182686000.00,75326209000.00,113423720000.00,55755698000.00,25360087000.00,49737748000.00,57635294000.00,44244376000.00,..
Brunei Darussalam,7000000.00,5000000.00,7000000.00,8000000.00,5890000.00,582760563.38,653600000.00,701740000.00,573250000.00,747868668.69,549607250.76,60694643.66,229671955.68,123820911.15,113205866.96,175068516.56,87839128.31,257635717.49,222184549.49,325586827.79,480722546.96,691170274.50,864905527.50,775644683.56,567889727.24,171289167.82,-150550827.31,467927550.32,511497137.75,..
Bulgaria,4000000.00,55900000.00,41500000.00,40000000.00,105400000.00,90400000.00,109000000.00,504800000.00,537317256.15,818788154.86,1001503842.00,812942201.97,904659791.09,2096788700.06,3072550961.82,4098122930.78,7874476255.43,13875270456.91,10296720633.72,3896664559.17,1842900000.00,2103810000.00,1788110000.00,1989040000.00,1093600000.00,2179500000.00,1476500000.00,2020340000.00,1222580000.00,1504060000.00
Burkina Faso,460000.00,570000.00,3113052.15,3178381.36,18371592.47,9816727.70,16225134.49,9765809.05,4407138.21,7925950.83,23107520.48,6267060.82,15026083.66,29122505.16,14348315.78,52130040.88,83849256.07,21711800.90,33190579.88,56653992.33,38870701.36,143845512.33,329281976.03,490403410.54,357296974.29,231901703.68,390622353.41,2572690.32,268414907.95,..
Burundi,1255434.74,892500.11,600088.33,473679.87,3957.85,1981922.46,0.00,0.00,0.00,-475191.31,11683246.08,-11440.91,0.00,0.00,44690.71,584701.69,31593.78,500245.09,3833208.35,348404.53,780582.00,3354999.18,604919.65,116727136.52,81747197.23,49622865.77,55420.36,316473.45,983747.12,..
Cabo Verde,252601.22,1744334.23,450471.75,3644068.13,2128443.35,26180647.12,28528007.74,11576610.74,6793745.39,53935025.35,34202238.38,9010186.21,14759046.68,39216510.81,67638273.80,80513541.33,131539968.03,191764359.16,210903689.27,126003552.25,116200563.57,102246382.22,128009964.77,89297444.00,180589795.41,96071472.84,126312006.10,111711633.74,107974093.74,105301877.80
Cambodia,..,..,33000000.00,54124000.00,68900000.00,150800000.00,293600000.00,203700000.00,115871733.05,102225822.01,118308566.31,146481995.06,130956363.87,81580650.56,131416229.28,379180190.60,483209382.71,867288538.64,815180217.96,928393617.35,1404315448.89,1538883424.90,1988100980.39,2068470774.00,1853471158.10,1822804151.26,2475915853.66,2788084321.66,3212633447.04,..
Cameroon,-112831336.84,-14498049.75,29203775.78,5120733.12,3674320.51,15105727.29,104417058.43,149614497.76,55231294.16,35009801.84,159708006.20,-11668387.38,505256043.29,334888535.86,67984855.64,243601636.50,59122291.34,189581294.63,20995513.74,746276648.96,536265313.20,653266626.57,527363935.61,547404749.76,725854540.91,694336734.88,663893595.17,814458940.93,765092012.78,..
Canada,8401707941.43,3514220103.04,7018240062.87,4178460316.70,9541029101.66,13657593613.34,8817677647.29,15182400421.69,24979208298.16,27456044687.10,68303350856.08,28391098831.34,24486425376.88,7011792709.05,1452416545.22,25552226940.93,64302303096.87,120451484862.00,70119614332.51,20951090410.31,29714744325.47,38338330427.43,49368985104.20,67027866778.27,64174605785.63,59986208237.07,34201872160.61,29109803320.43,46542783393.98,44875983590.14
Cayman Islands,49040000.00,-8540000.00,27490000.00,459760000.00,467070000.00,50310000.00,1231710000.00,3150870000.00,4354110000.00,6475830000.00,9358723000.00,2133108000.00,2802975000.00,2602570000.00,3703461000.00,9506484000.00,24820937000.00,28210535000.00,19555735000.00,20298045000.00,10568946000.00,16716537000.00,9889386000.00,68000092000.00,49833203000.00,86943975000.00,2684234739.27,3609446381.89,57383579000.00,..
Central African Republic,697850.07,-4874038.73,-10676567.96,-9980132.28,3602275.01,6200565.76,10925575.50,1497424.05,7300593.95,5976946.53,889074.91,5183898.81,5644286.56,11300000.00,15100000.00,10100000.00,34670000.00,56750000.00,117110000.00,42280000.00,61520000.00,36908455.89,70035157.33,1852792.61,3475007.99,3000000.00,7251164.85,6871735.87,17994743.84,..
Chad,9400000.00,4239527.51,1960770.97,15160901.58,27074698.97,32611570.12,39466173.53,44293940.57,21696680.41,24524970.81,115172421.54,459866391.83,924119210.09,712663454.92,466793492.15,-99342519.36,-278414000.00,-321655000.00,466131000.00,374900000.00,313000000.00,281900000.00,579793037.39,520200793.46,-675545915.43,559642022.53,244516024.12,334997123.75,662206573.43,..
Channel Islands,..,..,..,..,..,..,..,..,..,..,..,..,..,..,..,..,..,..,..,..,..,..,..,..,..,..,..,..,..,..
Chile,661200000.00,822700000.00,936100000.00,1034300000.00,2582100000.00,2957000000.00,4814616000.00,5271400000.00,4627817978.00,8761016217.84,4860015667.52,4199763048.85,2549923142.41,4026497832.76,6797252642.37,7462207179.81,7586190389.77,13474760472.50,18473102612.10,13855126064.90,16019683111.66,24149598879.95,30292554797.54,20824865443.27,23736252540.80,21055618323.75,12135710063.54,5852183238.92,6082221197.63,..
China,3487000000.00,4366000000.00,11156000000.00,27515000000.00,33787000000.00,35849200000.00,40180000000.00,45439000000.00,45644000000.00,41014000000.00,42095300000.00,47053000000.00,53073618897.40,57900937467.39,68117272181.22,104108693867.09,124082035618.51,156249335203.20,171534650311.57,131057052869.50,243703434558.18,280072219149.94,241213868161.42,290928431467.00,268097181064.34,242489331627.40,174749584584.05,166083755721.65,235365050036.34,155815344616.66
Colombia,500000000.00,456900000.00,728700000.00,959100000.00,1446497261.34,968368273.65,3111676589.82,5562216361.62,2828826261.61,1507907130.45,2436459923.43,2541942612.21,2133698124.15,1720493455.50,3115635873.52,10235419011.17,6750618034.75,8885767539.67,10564151395.45,8034752815.57,6429990957.31,14647043118.49,15039965981.24,16210410261.46,16168706611.25,11723937065.53,13847802735.27,13836696227.15,11535119873.13,14493106067.67
Comoros,393003.10,2506163.33,-1446978.12,190704.78,177714.24,889525.02,510000.00,20000.00,384216.39,271000.00,93636.12,1145914.99,430423.48,793243.73,672560.38,558865.80,778420.21,7691947.29,4650574.16,13839598.17,8350406.72,23118440.54,10375197.46,4230442.06,4684558.68,4936699.51,3569823.73,3919473.03,6859922.78,..
"Congo, Dem. Rep.",-14460000.00,12390000.00,-730000.00,6870000.00,-1500000.00,-22350000.00,24790000.00,-44350000.00,61330000.00,11160000.00,94190400.00,102221900.00,187598693.69,391254723.55,409032814.51,180000000.00,256100000.00,1808000000.00,1726800000.00,-243200000.00,2742300000.00,1596024303.86,2891607809.10,1697585830.81,1499572152.50,1165720010.31,932374669.38,1047979482.56,1284643393.85,..
"Congo, Rep.",22551558.22,32753529.69,2739032.54,286054322.07,2990000.00,112782084.60,62427618.58,-49200799.91,-169664715.52,-68273606.08,-97897925.12,-135361238.25,199155450.95,219545648.82,88399286.10,800996241.64,1487693084.46,1422370639.42,1940120150.92,1184284700.65,1520744890.62,298288001.19,-69253909.37,1878325499.28,2887256932.11,4278118364.98,50574345.34,4406043657.34,4313143665.01,..
Costa Rica,162500000.00,178400000.00,226000000.00,246700000.00,297600000.00,336900000.00,426950000.00,409440000.00,614500000.00,619469212.00,723426415.26,621846413.16,723172624.77,774386239.76,1083718486.50,1528787464.12,1801002598.42,2241492021.20,2436112218.27,1614614468.45,1906923793.45,2733268839.98,2696295210.68,3205384976.80,3242149796.97,2955521680.84,2620435490.62,2856006597.35,2763898445.34,2506488425.01
Cote d'Ivoire,48434429.69,18524885.95,69053843.71,175153533.48,117538566.84,211760840.47,269194529.59,415458076.41,760099126.71,235348766.20,234701731.52,272679898.34,212580417.45,165390571.23,282979830.96,349059586.54,350964618.56,443801751.42,468377743.89,397624744.27,358468317.34,301972462.52,330255520.65,407592122.10,439356961.15,494408755.78,577871524.16,975014998.80,620330654.36,..
Croatia,..,..,13000000.00,144186480.15,114440874.38,108053139.66,492528182.66,596514805.25,1004077219.78,1454741833.64,1015069996.97,1036758145.87,980784304.81,1846434012.05,1314179917.33,1814728743.16,3346611893.33,4645807617.35,5249620116.03,3069599255.92,1545050408.34,1248979435.63,1465100044.53,937309759.59,3184022339.47,52276286.80,418512745.53,476823315.60,1212763554.01,1170052265.37
Cuba,..,..,..,..,..,..,..,..,..,..,..,..,..,..,..,..,..,..,..,..,..,..,..,..,..,..,..,..,..,..
Curacao,..,..,..,..,..,..,..,..,..,..,..,..,..,..,..,..,..,..,..,..,..,70502234.64,69702234.64,-1508379.89,69296089.39,146435754.19,133083798.88,172681564.25,126888268.16,..
Cyprus,126615461.39,81820990.74,107441112.69,83432989.40,75174068.60,243136818.61,233749453.83,546519214.60,345398143.23,813054280.08,854874285.66,944742873.96,1103449726.13,908147517.99,1118841808.55,1161973511.04,1871897927.23,2294635570.94,12297296307.43,64632059145.06,31031904287.22,40445860585.08,69972767553.58,25966316070.54,51738978689.33,28960532080.46,8508203489.42,18360048657.18,5206751664.27,23840776170.55
Czech Republic,..,..,..,654278424.68,878231739.73,2567564641.63,1435279128.15,1286492873.14,3700169387.63,6312596675.96,4987079129.26,5640707235.87,8496609035.78,2021275745.96,6423465150.76,13730164683.46,7132002407.71,13815656003.70,8815393022.11,5271613701.79,10167834374.82,4188736491.29,9433199804.78,7357578652.57,8088661929.88,1699914616.60,10850612308.21,11234740946.09,8324668391.47,9332858120.80
Denmark,1132146349.95,1552515350.89,1017385349.26,1712766177.97,5006178362.05,4139423319.69,773444115.83,2791671359.19,6674661469.00,16847919225.98,36013297907.20,9286404805.97,4430703178.95,1184825159.91,-8804165491.10,12847031342.37,2385249288.38,11809448518.21,2191215665.77,3771059440.08,-11767861925.06,13558894634.35,-16349825685.26,680338945.94,6577348986.65,1850770714.86,7804020827.15,3376912366.97,1166205135.20,-6470896049.61
Djibouti,60000.00,2290106.40,2290106.40,1423579.66,1423579.66,3218527.92,3263542.29,3100365.18,3173513.54,3212901.12,3286049.48,3392958.63,3432346.21,14224542.96,38543559.85,22203341.19,108287709.39,195351140.27,227654582.18,96859684.56,36501032.52,79000230.70,109998255.69,286004467.68,152998382.29,143849876.21,159998874.63,164933603.42,170003376.10,..
Dominica,12888888.89,15222222.22,20411111.11,13200000.00,22600000.00,54092592.59,17800000.00,21114814.81,6511111.11,17955555.56,17596296.30,17115925.93,20110637.04,31472140.74,26173948.15,19235559.26,25907525.93,40486774.81,56548262.96,42420685.56,24341705.19,14192972.59,23152398.15,17915757.41,14324196.14,11051185.73,41156158.64,24103787.49,13286694.99,..
Dominican Republic,132800000.00,145000000.00,179700000.00,190700000.00,208100000.00,417400000.00,134200000.00,408700000.00,668900000.00,1344900000.00,989000000.00,1087900000.00,926000000.00,616530000.00,934480000.00,1118400000.00,1528700000.00,2252900000.00,2728400000.00,1695300000.00,1820200000.00,2197500000.00,3415900000.00,1599900000.00,2385300000.00,2227300000.00,2516100000.00,3597900000.00,2744500000.00,2824500000.00
Ecuador,126000000.00,160000000.00,178000000.00,473720000.00,576330000.00,452480000.00,499680000.00,723950000.00,869980000.00,648410000.00,-23439367.91,538568575.17,783261009.55,871513414.02,836939593.90,493413835.55,271428852.53,193872526.93,1057404020.15,308629890.11,165893320.36,646084358.69,567417300.86,727081206.26,772389946.09,1322701337.31,754610868.12,624545412.26,1455697145.24,966153269.51
"Egypt, Arab Rep.",734000000.00,253000000.00,459000000.00,493000000.00,1256000000.00,598000000.00,636000000.00,890550000.00,1076000000.00,1065300000.00,1235000000.00,509900000.00,646900000.00,237400000.00,1253300000.00,5375600000.00,10042800000.00,11578100000.00,9494600000.00,6711600000.00,6385600000.00,-482700000.00,2797700000.00,4192200000.00,4612200000.00,6925200000.00,8106800000.00,7408700000.00,8141300000.00,..
El Salvador,1898272.09,25180498.96,15309478.72,16432044.02,..,38037218.60,..,59043540.33,1102684180.47,215800000.00,173400000.00,278900000.00,470000000.00,141200000.00,363270000.00,511140000.00,241130000.00,1550510000.00,903050000.00,368730000.00,-113160683.72,122500004.31,430126687.53,245179098.28,506295970.35,494541718.09,479469380.71,503801415.18,412743968.36,724753960.84
Equatorial Guinea,11073778.66,41324758.93,6018320.16,22301675.64,16995533.49,126924170.67,376180404.22,53451528.18,274768116.73,154296173.94,154499589.87,940741215.68,323391507.46,689779766.00,340914468.52,769146185.17,469506014.65,1242731087.26,-793872332.82,1636219625.32,2734000000.00,1975000000.00,985256411.51,582948749.09,167875182.58,233325072.84,53962157.05,304074312.33,395884364.55,..
Eritrea,..,..,10.00,10.00,10.00,..,36669547.22,40797036.65,45493.28,83222100.00,27870106.71,12131626.50,22766165.86,24999786.56,24103664.84,1431553.83,15375609.76,7206504.07,39000000.00,91000000.00,91000000.00,39000000.00,41358000.00,43859000.00,46511000.00,49323000.00,52305000.00,55468000.00,61015000.00,..
Estonia,..,..,82271988.64,168371544.55,218447607.21,206807479.41,165850731.38,274049611.94,595587942.51,325892789.38,416214286.79,592889580.18,338234260.38,1038244664.19,1086893435.17,3057558404.60,1758167635.56,3033145919.88,1977264596.96,1866296946.58,2592255114.54,1119148299.06,1787341526.52,1097942106.99,1781648554.48,-715465129.89,925591829.45,1703867592.56,1180195916.01,2897709701.45
Ethiopia,0.00,0.00,170000.00,3500000.00,17210000.00,14140000.00,21930000.00,288490000.00,260670000.00,69980000.00,134640000.00,349400000.00,255000000.00,465000000.00,545100000.00,265111675.48,545257102.18,222000572.99,108537543.97,221459581.36,288271568.25,628624806.00,278562822.16,1343876023.73,1855052153.64,2626517918.31,4142937496.46,4017159564.65,3360419368.65,..
Faroe Islands,..,..,..,..,..,..,..,..,..,..,..,..,..,..,..,..,..,..,..,..,..,..,..,..,..,..,..,..,..,..
Fiji,-30386755.88,-40188200.05,37791314.98,-3243015.36,-31281482.11,-22683100.26,-72186987.81,-60193603.13,20334035.18,-147083835.76,591375.11,41301896.35,30672578.33,40310494.54,250597673.08,172951928.73,583975309.32,464230334.11,679220489.28,308373711.00,178091735.59,217158525.73,277313671.99,243782754.04,377869372.27,205373209.12,391619655.40,387602565.31,468861002.88,322557661.38
Finland,812172838.22,-232904201.90,396369713.71,863526070.92,277840045.04,1450710446.10,752969481.74,2454075989.11,12514915951.38,7797795098.68,13502068644.61,3224710299.85,8094575465.09,5965369887.32,6777097341.62,10867806670.70,4638725790.33,21979356204.67,19406664159.18,-8825823233.81,12221008932.18,-6008001205.17,4931090894.98,-4940676481.36,17249501282.33,16849216580.03,4877520441.72,16393910939.57,-10591740312.53,8279468057.12
France,13183285334.81,15152742089.84,21839501253.07,20754044035.68,15797125294.99,23736300874.02,21971888803.00,23047924754.76,29518429032.21,45971216472.09,41389082664.76,50142053918.89,51550483853.85,42350800678.35,35608535812.87,85137061931.25,78957053786.13,83777598395.45,67997446904.97,18422928061.91,38889439213.31,44205811126.58,32944663317.87,31589283790.55,5804878132.67,42825414105.94,32803666728.59,37559363019.05,59857774930.34,67113490693.56
French Polynesia,22160000.00,33820000.00,30000.00,-3240000.00,1550000.00,2080000.00,3550000.00,14370000.00,10730000.00,4430000.00,9874719.00,23688754.46,10930935.86,58213238.50,6420023.01,7818937.09,30649550.54,58249411.64,13884094.47,21843717.56,64303751.42,133839517.31,147199569.59,99207173.35,61928773.31,26007149.16,61544514.32,79070196.57,58721896.44,..
Gabon,73457901.59,-54589233.79,126940086.19,-113715590.73,-99602904.00,-195496960.30,-285112515.10,-114712203.81,132605754.19,89452781.63,278061231.97,-100615451.01,1160708.31,99666154.02,313970792.04,326161877.90,267805000.00,654808577.19,693511288.99,635674956.85,523939106.19,1123536918.98,677327365.55,324032442.45,1263109047.13,41707702.33,1241129612.09,1498038420.05,845752960.63,..
"Gambia, The",14120000.00,9270433.34,6323269.19,10741221.68,9716366.67,7729249.07,10655113.98,11666476.04,23700000.00,49480000.00,43520000.00,35480000.00,42826666.67,18272720.34,55526319.44,53650280.02,82208102.59,78094820.96,70792382.32,39447343.71,37140887.81,36077136.08,41183457.77,68340322.38,23014092.04,-1692732.89,-1132320.07,5445631.49,32957945.27,..
Georgia,..,..,..,10000.00,8000000.00,..,..,242500000.00,265300000.00,82300000.00,131466678.34,109871635.49,160398660.46,334891041.62,492732940.01,453107292.01,1171394522.25,1892093991.10,1602232455.97,660800885.27,920915812.73,1170087549.50,968196197.63,1046562195.15,1836879042.83,1735285391.90,1656154173.89,1902468436.80,1218652826.35,1268912419.55
Germany,2556702845.61,4741534933.55,-2137728434.42,479814189.25,7517248751.12,12041505212.64,15591797828.85,18638443893.68,29526509277.46,86035665071.21,248007397121.86,56948542386.91,51268214890.63,65401516009.25,-20408419557.14,59835195025.19,87444159239.06,50847183837.02,30954735498.03,56701916794.97,86037502102.16,97535403952.55,65443087632.27,67199694458.94,19488312315.41,62422464518.94,64707795193.36,118225590102.65,167955928198.98,51011238864.58
Ghana,14800000.00,20000000.00,22500000.00,125000000.00,233000000.00,106500000.00,120000000.00,81800000.00,167400000.00,243700000.00,165900000.00,89320000.00,58930000.00,136751000.00,139270000.00,144970000.00,636010000.00,1383177929.85,2714916343.70,2372540000.00,2527350000.00,3247588000.00,3294520000.00,3227000000.00,3363389444.44,3192320530.79,3485333369.28,3254990000.00,2989035000.00,..
Gibraltar,..,..,..,..,..,..,..,..,..,..,..,..,..,..,..,..,..,..,..,..,..,..,..,..,..,..,..,..,..,..
Greece,1005000000.00,1135000000.00,1144000000.00,977000000.00,981000000.00,1053000000.00,1058000000.00,984000000.00,71200000.00,82701091.42,-8195469.29,2001266.56,34180546.54,1408086698.62,2147927926.76,688484256.65,5411403362.23,1957124444.19,5733447473.25,2766296835.47,532926980.50,1092191387.83,1662090329.84,2945271844.69,2697339246.05,1268938505.86,2698544612.16,3439131879.76,4025447788.58,4611617007.83
Greenland,..,..,..,..,..,..,..,..,..,..,..,..,..,..,..,..,..,..,..,..,..,..,..,..,..,..,..,..,..,..
Grenada,12874074.07,15274074.07,22581481.48,20248148.15,19311111.11,19977777.78,16962962.96,33500000.00,48685185.19,41551851.85,37407407.41,58748148.15,54488888.89,89166666.67,65014333.33,70157129.63,89787148.15,156554796.67,134832583.33,102556362.96,60420861.11,42648183.70,31489862.96,74688413.33,103996038.71,153325880.37,113533411.23,138812161.46,153748019.80,..
Guam,..,..,..,..,..,..,..,..,..,..,..,..,..,..,..,..,..,..,..,..,..,..,..,..,..,..,..,..,..,..
Guatemala,47700000.00,90700000.00,94100000.00,142500000.00,65200000.00,75200000.00,76900000.00,631400000.00,1346300000.00,924600000.00,-788600000.00,-936494410.38,-1016996773.78,19488617.60,321400000.00,540000000.00,635300000.00,859200000.00,731386670.00,499821250.00,1102460180.00,876760590.00,1399819890.00,1522143500.00,1407555280.00,1203355080.00,845786560.00,998344470.00,935617740.00,966759860.00
Guinea,17860000.00,38770000.00,19690000.00,2720000.00,210000.00,769000.00,23774000.00,17301000.00,17810000.00,63452427.00,9942000.00,1677000.00,30000000.00,78966000.00,97900000.00,105000000.00,125000000.00,385900000.00,381880000.00,91030000.00,101350000.00,956060000.00,605560000.00,190000.00,-73758603.66,53272458.42,1618447260.26,577590000.00,352760000.00,..
Guinea-Bissau,2020000.00,2090000.00,5830000.00,3300000.00,430000.00,40000.00,1030000.00,11479108.88,4407138.21,730876.61,702270.86,395613.60,3545253.69,4005503.69,1915633.35,8692468.09,17887123.56,18770117.49,6630074.03,18890200.00,26240200.00,25024047.39,6624917.19,19639703.80,28852727.69,18575499.45,14221700.00,15652439.96,20553776.35,..
Guyana,7900000.00,12340000.00,146610000.00,69540000.00,106690000.00,74420000.00,59000000.00,52000000.00,44000000.00,46000000.00,67100000.00,56000000.00,43600000.00,26100000.00,30000000.00,76800000.00,102400000.00,152400000.00,178000000.00,164000000.00,198000000.00,246800000.00,277910000.00,200558390.00,237750048.55,137700000.00,162654036.35,327343651.22,1180405596.07,..
Haiti,8000000.00,-1800000.00,-2200000.00,-2800000.00,-2800000.00,7400000.00,4100000.00,4000000.00,10760000.00,30000000.00,13250000.00,4400000.00,5700000.00,13800000.00,5900000.00,26000000.00,160600000.00,74500000.00,29800000.00,55470000.00,178000000.00,119000000.00,156000000.00,161918586.25,99000000.00,105680000.00,104900000.00,374855000.00,105000000.00,..
Honduras,43500000.00,52100000.00,47600000.00,26700000.00,34800000.00,50000000.00,90900000.00,121500000.00,99000000.00,237300000.00,349978000.00,309826700.00,287314900.00,390166272.91,592120092.95,601059572.18,717591908.18,966926354.33,1200798087.05,494497450.52,607376418.07,1042571020.77,1081346795.59,1069029263.16,1704790710.04,1316679827.34,1147030450.00,949955941.52,1442587576.21,955095297.98
"Hong Kong SAR, China",3275072298.16,1020860062.67,3887467095.72,6929625914.86,7827938820.50,6213362503.60,10460173705.33,11368147926.49,13939361335.86,25355410569.02,70495739305.85,31291719644.61,6747855220.82,18567357065.23,22194238604.97,40963127270.70,44901793968.88,62121011424.07,67035187587.67,54275707074.25,82709142976.30,96135081265.10,74887135901.32,76857453417.87,129847455921.48,181047431127.25,133259182325.00,125716724339.80,97036255478.95,53171228235.91
Hungary,553809000.00,1462141210.26,1479165393.93,2349715110.58,1144083870.12,4804151332.43,3288936448.52,4164123319.59,3261654749.79,3384965975.25,2747712559.81,4058819560.70,3643428379.52,4157510420.33,4538099567.16,27489690204.02,18678720024.69,70631297038.92,75107772943.20,-2792080129.12,-20770280260.78,10740966550.98,10815928328.30,-3586600504.52,13060104658.80,-5266437314.96,69681210262.33,-12174325328.28,-65534350921.82,6092445979.41
Iceland,-4803187.83,-18436099.08,8648079.00,-1174.97,2394198.45,-9309003.23,83381484.12,148012830.04,154082591.97,66639312.89,155160734.11,163445772.28,91905493.06,335355205.01,755317000.40,3093680067.57,3876554983.11,6872169567.21,1203686964.68,63588140.75,256983101.15,1106959488.56,1024171887.37,472607545.77,766775539.04,1145767444.82,-1066286957.47,-6999892980.94,-612404228.10,-435539383.09
India,236690000.00,73537638.39,276512438.97,550370024.93,973271468.72,2143628110.28,2426057021.91,3577330042.35,2634651657.77,2168591054.38,3584217307.19,5128093561.63,5208967106.28,3681984671.43,5429250989.86,7269407225.61,20029119267.14,25227740886.68,43406277075.81,35581372929.66,27396885033.78,36498654597.86,23995685014.21,28153031270.32,34576643694.14,44009492129.53,44458571545.80,39966091358.74,42117450737.26,50605327353.59
Indonesia,1093000000.00,1482000000.00,1777000000.00,2004000000.00,2109000000.00,4346000000.00,6194000000.00,4677000000.00,-240800000.00,-1865620963.49,-4550355285.71,-2977391857.14,145085548.72,-596923827.79,1896082770.00,8336257207.64,4914201435.40,6928480000.00,9318453649.83,4877369178.44,15292009410.51,20564938226.72,21200778607.87,23281742361.53,25120732059.51,19779127976.96,4541713739.24,20510310832.45,18909826043.51,24440250676.84
"Iran, Islamic Rep.",-361950000.00,22590000.00,8500000.00,207550000.00,2000000.00,17000000.00,26000000.00,53000000.00,24000000.00,35000000.00,39000000.00,408118760.00,3519380360.00,2877481500.00,3037299840.00,2889191670.00,2317538500.00,2017791750.00,1979988010.00,2983421910.00,3648972410.00,4276718690.00,4661734400.00,3049945000.00,2105494000.00,2050000000.00,3372000000.00,5019000000.00,3480333000.00,..
Iraq,-6810000.00,7686000.00,93000.00,803000.00,-30000.00,..,-1994000.00,1153000.00,7388000.00,..,-32000.00,-6656000.00,-326000.00,1000000000.00,300000000.00,515300000.00,383000000.00,971800000.00,1855700000.00,1598300000.00,1396200000.00,2082000000.00,3400000000.00,-2335300000.00,-10176400000.00,-7574200000.00,-6255900000.00,-5032400000.00,-4885100000.00,..
Ireland,621911000.00,1361668000.00,1458175000.00,1077890000.00,856979000.00,1442925000.00,2617483000.00,2028797560.00,8862216450.00,18210641713.91,25779436152.57,9650920349.71,29323796527.22,22781292817.21,-10607612697.35,47001243614.09,22070063905.10,59934755383.45,23287686335.97,53974309647.05,37748455283.69,23699352432.60,40945788779.94,49966493738.64,86805953553.06,235506013672.72,79189928474.69,58300808407.78,64535780983.16,-79268914357.36
Isle of Man,..,..,..,..,..,..,..,..,..,..,..,..,..,..,..,..,..,..,..,..,..,..,..,..,..,..,..,..,..,..
Israel,151000000.00,345600000.00,588500000.00,604900000.00,441600000.00,1350300000.00,1397100000.00,1633800000.00,1737400000.00,4150000000.00,8047500000.00,1771300000.00,1582500000.00,3322000000.00,2946900000.00,4818400000.00,14395500000.00,8798100000.00,10274200000.00,4606900000.00,6984700000.00,8653000000.00,9017300000.00,11842200000.00,6048900000.00,11336200000.00,11988000000.00,18168900000.00,20788600000.00,18224000000.00
Italy,6440765876.20,2403349144.17,3118551014.87,3738910087.76,2208555822.68,4843882770.50,3548937154.08,3687266505.51,2640065101.35,6941768225.13,13172981900.40,14878086498.85,17239360004.88,19572886733.57,20100742901.80,36762073074.94,56995485107.01,65975535145.49,-9501579210.47,16607196344.85,9930501390.91,34465481829.53,34901033.01,19531411961.82,17032744039.04,13303439230.24,25656663794.79,11138429977.19,39613297744.15,29220591589.88
Jamaica,137900000.00,133200000.00,142400000.00,77900000.00,79000000.00,101800000.00,135700000.00,155700000.00,322100000.00,474700000.00,419600000.00,576500000.00,443800000.00,683500000.00,559365888.03,637901995.87,842342788.34,811902426.32,1376602630.06,485164640.15,185775630.60,172757165.41,413333448.07,544747561.77,582148741.61,924977863.71,927976718.98,888835228.48,774620603.11,..
Japan,1806039007.68,1284268820.48,2755603982.60,210435439.49,888384470.88,41463072.35,-38203596.34,2486935040.42,2512021924.47,14780510030.71,10688168325.61,4926033619.18,11557373873.94,8771535612.32,7527948175.22,5459618342.94,-2396909736.31,21631204435.68,24624845329.56,12226471578.74,7440979284.16,-850717035.07,546962692.19,10648441636.21,19752249424.09,5252218412.39,40954181468.55,18802251208.11,24605910854.49,37176832958.33
Jordan,37646775.31,-11887398.04,40722566.98,-33548530.15,2854731.79,13308089.21,15514809.59,360930888.58,310014104.37,157968970.38,913258110.01,273628171.25,238222874.68,546967559.94,936812411.85,1984485190.41,3544005641.75,2622144778.84,2826744496.33,2413098591.55,1688394366.20,1486056338.03,1548450704.23,1946597204.04,2178450704.23,1600281690.14,1552957746.48,2029718309.86,949859154.93,..
Kazakhstan,..,..,100000000.00,1271400000.00,659700000.00,964200000.00,1137000000.00,1321400000.00,1151400000.00,1587000000.00,1370521199.15,2816823050.00,2588491060.00,2483253230.00,5615262947.00,2546065710.00,7611168450.00,11972842988.76,16818890680.00,14275888207.01,7456117901.08,13760291528.50,13648134373.84,10011293285.31,7308112644.25,6577824049.68,17220962547.92,4712631470.53,213930934.56,3587949040.68
Kenya,57081096.18,18830976.84,6363133.14,145655517.11,7432412.60,42289248.46,108672931.62,62096809.78,26548245.97,51953455.95,110904550.40,5302622.94,27618447.06,81738242.64,46063931.45,21211685.40,50674725.18,729044146.04,95585680.23,116257608.99,178064606.75,1450474757.08,1380173661.94,1118825000.19,820937598.36,619724470.48,393359420.85,671488392.89,1625921493.62,..
Kiribati,299752.55,427651.42,406859.82,-769774.78,431365.12,387685.97,538400.14,512104.97,439745.45,451627.47,721810.27,-273476.29,249788.11,670758.99,1953667.95,2606016.17,568432.87,1153044.69,-1267679.26,4995548.98,-6602470.87,-348737.58,-2385943.82,838137.95,2632144.44,-819824.35,1806963.92,784797.25,-1144364.72,..
"Korea, Dem. People’s Rep.",4878000.00,556000.00,1457000.00,5965000.00,-658000.00,..,665000.00,..,30688000.00,..,8302000.00,-19841000.00,5596000.00,5704000.00,64959000.00,-5980000.00,-235791000.00,22053000.00,170965000.00,86348000.00,13585000.00,103125000.00,205213000.00,119008000.00,102412000.00,79435000.00,89275000.00,-12791000.00,51973000.00,..
"Korea, Rep.",1045600000.00,1455200000.00,1001600000.00,832300000.00,1136600000.00,2487100000.00,2782600000.00,3301100000.00,5989200000.00,10726300000.00,11509400000.00,6522300000.00,5475100000.00,7010000000.00,13294400000.00,13643200000.00,9161900000.00,8826900000.00,11187500000.00,9021900000.00,9497400000.00,9773000000.00,9495900000.00,12766600000.00,9273600000.00,4104100000.00,12104300000.00,17912900000.00,12182600000.00,10565600000.00
Kosovo,..,..,..,..,..,..,..,..,..,..,..,..,..,..,53385314.26,133876754.53,370137201.27,604021946.44,538963527.39,403147913.09,490048756.14,535326481.79,293089797.09,371492237.26,199888379.07,343350610.60,243787145.16,286835212.11,318542991.55,304085465.61
Kuwait,5600000.00,800000.00,35300000.00,13252097.97,1519181869.03,6701341.17,347351454.62,19779208.98,59063714.13,72269842.45,16299834.37,-111516284.53,3619441.98,-67111499.34,23752969.12,233904109.59,121305596.28,111535690.17,-5951752.86,1113588046.65,1304627500.01,3259067552.46,2872588962.22,1433630444.12,485806657.76,284647623.81,292026510.20,113012065.01,-21377568.82,..
Kyrgyz Republic,..,..,..,10000000.00,38178000.00,96090000.00,47238000.00,83820000.00,109228485.00,44412800.00,-2360124.96,5006732.88,4661963.54,45544627.80,175458810.08,42565248.30,182022902.50,207919477.60,376992152.10,189377400.00,472768300.00,685760800.00,260927500.00,612016900.00,343010700.00,1144054000.00,619220700.00,-107212800.00,144222600.00,..
Lao PDR,6000000.00,6900000.00,7800000.00,29900000.00,59200000.00,95100000.00,159800000.00,91000000.00,45900000.00,78900000.00,33890000.00,23904284.13,4451297.03,19484000.80,16917263.00,27720000.00,187310641.00,323520000.00,227770000.00,318598209.09,278805903.12,300743507.13,617755394.54,681397257.10,867646121.71,1077759914.59,935296172.78,1693080810.94,1319609797.49,..
Latvia,..,..,30703329.00,55933000.00,282828000.00,244039000.00,331352000.00,474354000.00,371400000.00,348100000.00,324184857.47,173500715.83,160090702.16,316652176.39,591589970.74,809856372.42,1705667383.82,2713412662.12,1434273758.18,-150022148.44,474983591.20,1519518896.46,1080778947.55,989283879.36,1041084910.44,812843819.52,333187719.94,1136438829.80,446985589.70,898995181.68
Lebanon,6450000.00,1630000.00,18460000.00,7400000.00,22560000.00,35000000.00,80000000.00,1799600000.00,1134903120.86,871676542.14,993475000.00,1453907000.00,1335970000.00,2860020313.19,1898780570.46,2623502612.40,2674534372.20,3375980757.86,4333045470.38,4803602660.46,4279880834.53,3137050288.40,3111315000.10,2661087127.60,2862509426.60,2159289951.70,2568485071.10,2522409653.40,2632087415.30,..
Lesotho,16478706.52,7989961.08,8369826.87,15651939.52,43268067.99,24174395.03,29073745.83,32675626.14,28350349.46,22037254.59,32402238.30,29695295.78,28390464.72,43946224.79,55669445.72,27441449.23,24322286.69,75616001.72,11009973.06,91349553.10,9512771.55,61173319.21,56653435.23,50429031.34,94459059.36,206514459.90,159186980.40,123091950.45,128696373.48,117645547.24
Liberia,225240000.00,8410000.00,-10850000.00,-53620000.00,17380000.00,4600000.00,-132130000.00,213820000.00,190310000.00,256260000.00,20800000.00,8300000.00,2800000.00,372220000.00,75351731.65,82802111.44,107856671.53,131637661.60,283536077.41,127803424.52,2064680994.24,2086006933.33,2309981241.25,1998675365.66,501870828.62,232679832.47,311699760.32,247842983.01,129129754.83,..
Libya,158911104.55,91903803.11,99093118.92,58152864.20,-72624307.46,-88486065.39,-111721670.75,-67915602.73,-127894074.62,-128069471.48,141000000.00,-133000000.00,145000000.00,143000000.00,357000000.00,1038000000.00,2064000000.00,4689000000.00,4111300000.00,1371000000.00,1784000000.00,0.00,1425000000.00,702000000.00,0.00,0.00,0.00,0.00,0.00,..
Liechtenstein,..,..,..,..,..,..,..,..,..,..,19854574737.69,9389136115.57,6864257254.86,17305461701.26,1845838359.47,-266949356.72,44598433611.94,33538242375.27,16214866193.27,29934896948.27,29875940865.49,26414902947.03,29482974346.85,1154916692.21,9340073894.62,80400430107.77,60669833862.73,38999586460.59,-87212093508.41,..
Lithuania,..,..,10000000.00,30175186.84,31304837.64,72557500.00,152400000.00,362287500.00,918775000.00,564537500.00,380272500.00,442400000.00,660790497.92,217398839.89,871636185.31,1292673341.92,2259320966.19,2601625489.59,1727660745.67,-360225678.65,1102761171.53,1881321392.61,676639240.90,714214806.66,356531512.74,1043676603.79,962458735.89,1191438300.52,867654602.34,1353295478.37
Luxembourg,..,..,..,..,..,..,..,..,..,..,..,..,4243174364.50,4291105683.30,5179643438.69,4644769483.41,32219534640.67,-29679425810.05,7117112828.21,27255154248.91,39128528763.19,8843156716.78,25497381440.69,16003260931.62,18867498971.78,12494731938.87,31878014247.16,-6798512508.45,-5615033227.49,..
"Macao SAR, China",480000.00,10720000.00,-19500000.00,-3600000.00,3480000.00,2190000.00,5940000.00,2310000.00,-17890000.00,9420000.00,-790000.00,160004979.15,393961071.02,506111200.95,771496386.17,1775023637.88,2916866632.75,5357705782.92,3982611127.76,-412628142.37,3629274388.55,1754336190.33,3565735906.13,3736886589.35,2362348381.01,367365411.61,1673382571.31,615627113.10,2325541186.85,..
North Macedonia,..,..,..,..,24000000.00,9490000.00,11210000.00,15740000.00,151156392.00,91325732.42,217507099.16,469570706.40,114193471.42,119041753.23,309137638.54,145329601.53,427444589.27,733466879.00,611688378.61,259530321.49,301441681.71,507920732.79,337911248.19,402458309.81,60879915.45,296604200.38,549371101.55,380738977.54,648732424.98,476895772.90
Madagascar,22387360.46,13681239.65,21132352.15,15357022.02,5728097.92,9710167.97,10161891.80,14005421.13,16635429.80,58385285.91,82952580.71,93059224.00,14661798.07,12874087.00,52910748.00,85428623.90,294681941.54,789389724.08,1134497642.42,1293330142.26,912287179.84,815534454.53,814789934.73,565848886.01,555252070.50,328059305.57,540842779.83,464856589.65,612036371.42,..
Malawi,23300000.00,-28700000.00,-7100000.00,8000000.00,24992617.89,5643045.58,15797661.13,14868714.36,12104230.40,58528206.28,25999996.36,19299991.09,5899999.36,65885630.02,107811374.01,139696707.38,35561531.63,124388838.70,195424461.06,49130854.84,97010028.45,812753754.65,-8886001.78,451360605.70,598087746.65,516092796.54,115700037.17,90200209.98,102033113.80,..
Malaysia,2332455289.06,3998448522.46,5183358086.40,5005642759.88,4341800916.32,4178239335.04,5078414947.88,5136514575.67,2163401815.58,3895263157.89,3787631578.95,553947368.42,3192894736.84,3218947368.42,4376052631.58,3924786634.74,7690731245.67,9071369834.84,7572512432.34,114664434.56,10885801851.62,15119439203.95,8895774250.70,11296279513.92,10619431582.98,9857162111.82,13470089920.81,9368469822.66,8570094242.95,..
Maldives,5600000.00,6500000.00,6600000.00,6900000.00,8742866.20,7230710.76,9315251.95,11408883.40,11517966.62,12322250.00,22312447.82,20541053.26,24718599.77,31774435.57,52933701.73,52991121.06,63826812.89,132432080.79,181255431.77,157963586.77,216468945.68,423530663.95,227976866.72,360816336.21,333375218.03,297975993.39,456639057.30,457808313.57,538536564.51,..
Mali,5729716.32,1205216.85,-21874496.99,4061271.10,17416999.67,111429781.43,27209332.17,74360591.90,9556713.35,30987537.60,60181780.68,208815769.60,-12312977.40,72355432.36,84840599.64,160218206.82,148195574.13,206064771.41,266432781.93,646609200.60,371569832.61,556147161.58,397865237.16,307853389.34,144023010.61,275414752.97,356234602.72,559362392.10,467067198.11,..
Malta,30019824.41,90037665.22,84694336.15,56441543.40,151693045.26,392188547.17,312996146.99,136993957.14,323284766.10,667032818.09,743185324.70,416889166.29,-497796507.91,911474591.34,7469040204.51,21801420447.39,25035392674.17,35591477412.03,14837770104.33,1444871046.01,9244998119.92,7806911229.55,3323599814.67,510057778.08,155878728.13,3640705146.71,3143420045.24,3983526140.64,4750494292.15,4476080087.63
Marshall Islands,..,..,..,..,..,..,..,..,..,..,739000.00,739000.00,839000.00,-1152000.00,1156000.00,3279622.36,1876761.72,6987311.99,5694746.72,14649434.96,-9356673.13,-4380881.14,21373811.81,32548149.32,9047685.08,-5393638.50,-3055847.45,5835497.48,9752051.36,..
Mauritania,6736220.52,2269792.04,7549402.91,16091938.17,2079708.68,6989378.51,-435540.00,-3329920.00,132643.00,15119460.00,40096000.00,76700000.00,67340352.32,101957951.56,404102025.74,811869181.40,154601638.12,139372822.30,342770662.00,-3072044.40,130528391.34,588749564.24,1386098850.61,1126004759.60,502589833.82,501726765.73,271134845.00,588217194.76,70755026.53,..
Mauritius,41040223.90,17377628.54,14714189.72,14732526.73,19988456.06,18692860.96,36661330.28,55277851.54,12170393.85,49353190.64,265641239.44,-27675565.71,32073116.08,62630665.28,13894736.40,41776995.78,106758059.11,340763853.72,377724738.06,256680711.82,429958030.69,433358879.68,589018302.83,293341671.72,455562151.79,216455188.31,378764432.27,442947618.02,371518185.92,..
Mexico,2634000000.00,4762000000.00,4393000000.00,4389000000.00,10972500000.00,9526290000.00,9185600000.00,12829800000.00,12756764558.00,13941043232.00,18382284821.00,30060020323.00,24055125415.00,18223514102.00,24916054094.00,26018159827.00,20798008749.00,33080659133.00,32282401481.00,19155174658.00,20796232066.00,24683392840.00,17550592320.00,47075885589.00,30397101575.00,35652852201.00,37684751329.00,32977774274.00,38644325856.00,28881549027.00
"Micronesia, Fed. Sts.",..,..,..,..,..,..,..,..,..,..,..,..,..,..,..,..,..,..,..,0.00,0.00,0.00,0.00,0.00,20209300.00,..,..,..,..,..
Moldova,..,..,17000000.00,14000000.00,11568000.00,66910000.00,23740000.00,78740000.00,75510000.00,37870000.00,127540000.00,103440000.00,84050000.00,73750000.00,151010000.00,190700000.00,258680000.00,536020000.00,726610000.00,259830000.00,290230000.00,358990000.00,250770000.00,241880000.00,345130000.00,225565000.00,88390000.00,154370000.00,311870000.00,593010000.00
Monaco,..,..,..,..,..,..,..,..,..,..,..,..,..,..,..,..,..,..,..,..,..,..,..,..,..,..,..,..,..,..
Mongolia,..,11120000.00,2000000.00,7700000.00,6900000.00,9800000.00,15900000.00,25000000.00,18900000.00,30400000.00,53697000.00,63000000.00,77751000.00,131540000.00,92920000.00,187620000.00,245460000.00,372759900.00,844697949.48,623609218.25,1691421731.58,4571161962.81,4272473222.94,2059702972.92,337768268.08,94319767.47,-4156404703.78,1494350363.47,1951528195.82,2199388967.85
Montenegro,..,..,..,..,..,..,..,..,..,..,..,..,..,..,..,..,..,937357714.73,975271781.80,1550285725.39,758254398.56,556662007.53,618126498.73,446456998.01,496993506.51,699855695.33,226702405.90,560665419.03,485653127.82,454244829.18
Morocco,165122977.79,317462140.57,422470462.50,491466064.60,550924373.95,334768272.89,357393801.79,1079341332.03,308712164.43,826974026.93,426553283.86,2824557251.52,480355698.05,2312829823.25,893325392.84,1670609688.93,2460787164.18,2825801376.44,2466288357.37,1970323920.01,1240625859.11,2521362080.66,2841954371.38,3360909924.36,3525384612.44,3252913902.36,2153363904.94,2680109856.21,3544387229.28,1599761097.98
Mozambique,9200000.00,22500000.00,25300000.00,32000000.00,35000000.00,45000000.00,72500000.00,64400000.00,234900000.00,381700000.00,139300000.00,255435491.50,347252830.63,336698400.89,475513572.97,122413755.58,251141650.25,416689348.42,641399415.78,930100407.78,1258453096.82,3663937118.45,5635092658.62,6697422432.46,4998799334.36,3868353884.95,3128149928.70,2319071971.48,2678190543.60,..
Myanmar,161144560.31,238056791.87,171558719.97,104674233.14,126091858.49,277199199.51,310437074.89,387184136.00,314450998.91,253110104.66,254789765.47,208303564.37,150511225.81,248882510.03,211364294.98,234904379.03,275812653.01,709922015.31,863880447.31,1078972200.98,901133534.88,2519813313.27,1333856137.27,2254603965.49,2175015283.78,4083839111.71,3278096409.87,4002424944.85,1291196200.67,..
Namibia,29567264.72,120449858.13,118232231.78,55267528.17,97977966.46,153015438.02,128693897.27,90972979.01,96232390.37,51102943.74,196350763.26,379336366.39,147535758.47,65110887.11,223561311.22,389850790.39,610197796.11,669182903.36,750426324.20,829054473.36,287528974.44,803600584.60,1041555413.14,777073646.38,445582247.86,810405164.65,371166436.46,373575659.26,183488531.13,-12510756.66
Nauru,..,..,..,..,..,..,..,..,..,..,..,..,..,..,..,..,..,..,0.00,0.00,0.00,0.00,0.00,0.00,0.00,0.00,0.00,0.00,0.00,..
Nepal,5940000.00,2220000.00,0.00,0.00,0.00,0.00,19160171.09,23056467.77,12024659.90,4351068.68,-484826.71,20850000.00,-5952541.13,14778085.61,-417346.38,2451784.71,-6647983.90,5741706.05,995123.93,38271269.97,87741711.63,94022157.12,91954196.10,74179632.61,30402676.78,51895699.93,105996375.59,196265098.56,68186670.75,..
Netherlands,10675649732.62,5623819474.59,6186517513.01,6380304064.21,7126515355.23,12206170578.65,16604370594.30,11033361089.87,37618898706.32,41161898489.82,63109732334.53,51998915897.64,25485041348.33,20456442247.95,139920688181.89,209888825342.08,375506013118.29,733826501994.52,195530109750.28,95851297436.27,115753273228.72,332071022439.73,239668927458.96,328677379048.21,117627297064.44,320789599931.80,241658697224.38,96255613555.26,-239337011214.71,28057771933.01
New Caledonia,..,..,..,..,..,..,..,..,..,..,-40626091.76,103041207.68,59055445.66,116048161.87,27480195.73,-6738759.00,749088411.73,417453934.44,1746369905.06,1182295527.62,1439085573.37,1758141868.64,2682824680.91,2166812151.03,1757035866.72,1203895440.09,809821138.38,658875463.39,874392467.21,..
New Zealand,1684763154.75,1691366072.30,1088200065.53,2211822686.72,2616630695.16,2849961939.26,3918617039.56,1917456791.10,1825772782.02,941464111.64,-1507812033.26,259321576.80,2848556986.64,-3363941288.04,2319819298.43,1906665963.76,2912645686.57,4335506075.94,2591966537.03,-52385533.24,286306902.98,1378410924.40,3846884018.52,-69519935.42,3249055311.01,-73372796.42,1875107670.99,2093698049.95,2128856170.74,3949052498.74
Nicaragua,670000.00,42000000.00,15000000.00,38800000.00,46700000.00,88900000.00,120000000.00,203400000.00,218200000.00,337300000.00,266500000.00,150200000.00,203900000.00,201300000.00,250000000.00,241100000.00,286800000.00,381700000.00,627300000.00,433900000.00,489900000.00,936300000.00,767700000.00,815500000.00,884100000.00,949900000.00,898700000.00,771900000.00,359200000.00,..
Niger,40809537.23,11240419.50,56390110.91,-34157055.70,4075974.17,2233804.50,8630591.39,18959363.85,-1764551.01,1605268.53,15767212.37,22587455.08,7827441.94,18529138.97,24411286.90,49753596.83,40310044.14,99073671.93,283076206.89,633819197.13,796636157.88,1067186136.05,841227436.92,719338470.50,822967023.30,529476871.09,301332480.59,338710710.14,466042273.00,..
Nigeria,587882970.63,712373362.47,896641282.47,1345368587.00,1959219858.16,335842164.96,499276809.47,469577019.81,299566658.26,1004915630.71,1140167556.02,1190618643.59,1874070753.14,2005353563.06,1874060886.98,4982533930.22,4854353979.09,6036021404.82,8195499253.29,8554740716.54,6026232041.28,8841113286.95,7069934204.80,5562873605.74,4693828631.90,3064168904.45,4448732916.67,3502999130.97,1997485164.95,..
Northern Mariana Islands,..,..,..,..,..,..,..,..,..,..,..,..,..,..,..,..,..,..,..,..,..,..,..,..,..,..,..,..,..,..
Norway,1001987071.60,-353675743.89,-668114803.00,991524094.75,2736393919.78,2392766980.24,3827495491.09,4514609379.63,5645870320.86,5822113545.61,8332062186.00,3190216069.00,3011752930.34,4179380423.17,4918494986.32,10058759829.63,11877923790.18,24806091102.69,20578219685.11,8635762892.10,21634265662.59,10296323075.70,27897968327.93,-1368607170.84,3242240088.15,7274086872.47,-18668572814.42,5900604723.79,-6634007435.05,1794791083.22
Oman,142262678.80,135240572.17,104291287.39,142002600.78,76462938.88,46293888.17,60599999.21,64499999.16,101999999.34,40099999.74,82000000.00,5201560.47,109232769.83,24967490.25,111053315.99,1538361508.45,1596098829.65,3332119635.89,2951885565.67,1485825747.72,1242652795.84,1629144343.30,1364629388.82,1612430962.29,1286345903.77,-2172431729.52,2265279583.88,2917295188.56,6342262678.80,..
Pakistan,245262963.46,258414487.04,336479857.13,348556957.81,421024638.45,722631560.66,921976182.52,716253125.44,506000000.00,532000000.00,308000000.00,378000000.00,826000000.00,534000000.00,1118000000.00,2201000000.00,4273000000.00,5590000000.00,5438000000.00,2338000000.00,2022000000.00,1326000000.00,859000000.00,1333000000.00,1868000000.00,1621000000.00,2488000000.00,3232000000.00,2354000000.00,2211000000.00
Palau,1000000.00,1000000.00,1000000.00,..,..,-210000.00,..,..,..,..,3177647.23,-1431856.74,1901014.56,4593705.44,6845036.97,3971994.27,33283255.64,4383239.14,4741656.71,2790871.01,2685244.12,8326127.03,21639126.32,18041109.84,39860115.39,34583158.15,35244866.82,27484632.72,21500000.00,..
Panama,135500000.00,124700000.00,150500000.00,177000000.00,401500000.00,281300000.00,428300000.00,1312200000.00,1315200000.00,1043500000.00,827800000.00,606800000.00,247100000.00,1050600000.00,1277900000.00,1104400000.00,2944300000.00,2224000000.00,2390000000.00,1085500000.00,2549100000.00,4395600000.00,3381900000.00,3799000000.00,4984400000.00,5119300000.00,5248354400.00,3976868000.00,5945110000.00,6068041578.00
Papua New Guinea,155413498.33,120597590.86,106342711.87,62052593.05,59713464.67,454568860.07,109832527.83,28312794.64,109438501.40,298023960.39,96495382.31,63183318.66,20160425.67,168604378.87,32542985.25,39976364.73,128548222.84,130634896.80,47858884.78,420038762.45,35591312.43,36419303.68,28796707.52,26804026.04,29436963.91,213710099.39,19180492.96,161470622.81,1134643537.84,..
Paraguay,76900000.00,86100000.00,117500000.00,75000000.00,137100000.00,94500000.00,139800000.00,230900000.00,340600000.00,87200000.00,107800000.00,99200000.00,90400000.00,-57700000.00,93979000.00,7300000.00,187800000.00,105000000.00,337856000.00,26913000.00,555544000.00,463994000.00,727144000.00,312567000.00,549690000.00,480469114.40,492762511.33,603320572.23,386916058.14,390383928.33
Peru,41000000.00,-7000000.00,-79000000.00,760588959.23,3289186723.23,2556981500.00,3471149000.00,2139260000.00,1643949119.93,1940008800.00,809696760.03,1144260000.00,2155836814.73,1335007073.04,1599038388.97,2578719365.11,3466531061.27,5490961307.09,6923651284.63,6430652960.91,8454627587.91,7682261108.58,13622485104.31,9826002544.01,3929942910.16,8313966794.52,6739051858.18,6860492819.50,6487906280.72,..
Philippines,530000000.00,544000000.00,228000000.00,1238000000.00,1591000000.00,1478000000.00,1517000000.00,1222000000.00,2287000000.00,1829000000.00,1487000000.00,760000000.00,1769000000.00,492000000.00,592000000.00,1664000000.00,2707414996.80,2918724840.50,1340027563.20,2064620677.77,1070386939.92,2007150725.40,3215415155.44,3737371739.85,5739574024.13,5639155961.87,8279548274.89,10256442398.88,9832332890.55,..
Poland,89000000.00,291000000.00,678000000.00,1715000000.00,1875000000.00,3659000000.00,4500000000.00,4910000000.00,6383000000.00,7407000000.00,9335000000.00,5677000000.00,4091000000.00,5371000000.00,13868000000.00,11041000000.00,21473000000.00,25031000000.00,14574000000.00,14025000000.00,18395000000.00,18485000000.00,7358000000.00,795000000.00,19776000000.00,15065000000.00,18321000000.00,11762000000.00,16697000000.00,15029000000.00
Portugal,2609986420.64,2448454130.75,1873428553.39,1533880550.51,1269714975.99,684572213.81,1571447864.59,2710655379.72,6071328302.65,740701804.32,7292581671.39,6113785653.78,587893729.66,10354679114.38,2485161769.23,3367937006.70,13394502768.50,6014642426.68,7819075463.01,5585829214.07,8966915539.11,9821076889.91,21396375527.12,15745220666.16,12045808665.47,1270014232.93,7354810293.05,10663828803.46,7815679195.40,8270971797.51
Puerto Rico,..,..,..,..,..,..,..,..,..,..,..,..,..,..,..,..,..,..,..,..,..,..,..,..,..,..,..,..,..,..
Qatar,4880000.00,42540000.00,39580000.00,72050000.00,131850000.00,93560000.00,338870000.00,418330000.00,347300000.00,113250000.00,251600000.00,295520000.00,623920000.00,624920000.00,1198970000.00,2500000000.00,3500000000.00,4700000000.00,3778626373.63,8124736263.74,4670329670.33,938516483.52,395879120.88,-840384615.38,1040384615.38,1070879120.88,773901098.90,985989010.99,-2186263736.26,-2812637362.64
Romania,10000.00,40000000.00,77000000.00,94000000.00,341000000.00,419000000.00,263000000.00,1215000000.00,2031000000.00,1041000000.00,1037000000.00,1157000000.00,1144000000.00,1844000000.00,6443000000.00,6498650462.87,11006614841.84,10103086514.31,13667824244.75,4637684879.54,3213737651.98,2370097222.62,3047569714.40,3854819397.64,3869197075.11,4317731472.31,6252035766.43,5952909608.10,7343560129.25,6911103582.84
Russian Federation,..,..,1161000000.00,1210782000.00,689570000.00,2065720000.00,2579330000.00,4864650000.00,2761360000.00,3256530000.00,2678030000.00,2847300000.00,3473830000.00,7928630000.00,15402990000.00,15508050000.00,37594770000.00,55873680000.00,74782910000.00,36583100000.00,43167780000.00,55083630000.00,50587560000.00,69218890000.00,22031340000.00,6852970000.00,32538900000.00,28557440000.00,8784850000.00,31783460000.00
Rwanda,7660000.00,4580000.00,5500000.00,5840000.00,1000.00,2000000.00,2220000.00,2590000.00,7100000.00,1740000.00,8100000.00,18500000.00,1500000.00,4700000.00,7700000.00,7960000.00,30643966.48,82283165.86,102290000.00,118670000.00,250504802.92,119105385.81,254963244.35,257642420.17,314742419.03,223334652.84,266300000.00,270110771.39,301552668.12,..
Samoa,6600000.00,3190000.00,5000000.00,5000000.00,3000000.00,3440000.00,1160000.00,19990000.00,3000000.00,-718517.17,-1206806.31,1414589.83,1599402.89,2724300.76,2480936.28,3763664.37,21927671.89,6821727.44,45899093.79,9868116.51,-1324579.32,8984743.31,20871549.72,13791695.17,22849692.30,26867532.32,2520673.51,9215371.79,16713450.86,..
San Marino,..,..,..,..,..,..,..,..,..,..,-3840000.00,230000.00,..,..,-650000.00,180000.00,60000.00,390000.00,..,..,..,..,..,..,..,..,..,..,..,..
Sao Tome and Principe,0.00,..,..,-480000.00,..,30000.00,320000.00,400000.00,4200000.00,3000000.00,3800000.00,3000000.00,3600000.00,3400000.00,3501000.00,15664000.00,38015839.46,36028527.82,79143388.76,15500000.00,50600000.00,32152348.55,22471527.03,12162344.82,26489982.13,27924059.14,23331087.12,34208489.03,23698321.49,..
Saudi Arabia,1861333333.33,160000000.00,-78933333.33,1367200000.00,349333333.33,-1874666666.67,-1127466666.67,3039466666.67,4283466666.67,-778933333.33,-1881066666.67,19640000.00,-614133333.33,-586506666.67,-334320000.00,12097333333.33,18293173333.33,24318560000.00,39455863929.33,36457666666.67,29232706666.67,16308280000.00,12182373333.33,8864693333.33,8011786666.67,8141026666.67,7452533333.33,1418843613.80,4247084538.92,4562037264.31
Senegal,56893144.78,-7550329.09,21383359.76,-812254.22,66876235.54,31673945.42,13955558.76,178810136.26,71105812.05,161686935.93,81643690.12,45083429.81,82692671.57,86499780.37,137583476.93,167944230.52,289840300.29,351458732.44,455739867.98,331473910.25,272092888.46,338661995.58,276159533.00,311366768.82,403098056.39,409166125.81,472409799.85,588292997.96,847841574.79,..
Serbia,..,..,..,..,..,..,..,..,..,..,..,..,..,..,..,..,..,4423192680.12,4055798181.80,2929226709.60,1693250318.85,4930532020.15,1275339755.63,2059297316.50,1999539187.46,2343139735.75,2355214636.94,2894615965.24,4071895067.82,4281889582.47
Seychelles,20239899.20,19582923.96,9014031.00,18836123.16,30736620.72,45884323.21,28812973.89,53398677.96,53209768.43,55216733.48,24326996.84,64740256.51,47717748.07,58425540.73,38014852.10,80729739.09,140555693.47,175923646.51,179825444.15,168251661.94,159795375.00,143240665.10,613208776.27,57289065.62,108355443.10,105893597.20,40854189.70,124465535.70,307664653.79,235678362.18
Sierra Leone,32434698.87,7504465.13,-5599050.41,-7462923.51,-2874187.61,7287055.91,663927.91,1800032.09,104884.95,533201.79,39000824.52,9835742.02,10413409.46,8615049.67,61153314.19,90731669.74,58869143.91,95470171.32,53095074.15,110430202.52,238404157.81,950477688.97,722447242.91,429664580.14,375089628.51,252435829.43,137965732.55,198174760.50,217812919.00,..
Singapore,5574738855.38,4887094440.10,2204342221.04,4686312017.49,8550165226.99,11942852103.36,11432363956.36,15701783678.79,5958646073.69,18852989358.63,15515295182.23,17006818857.27,6157194143.82,17051420152.87,24390254965.55,19316058814.08,39129332046.66,47337947782.78,13598298537.02,23436064059.75,55322434161.87,49155657316.29,55310807547.70,64389514904.50,68698472830.59,69774553124.94,70721187917.89,97766497094.34,91035666405.13,105465616772.25
Sint Maarten (Dutch part),..,..,..,..,..,..,..,..,..,..,..,..,..,..,..,..,..,..,..,..,..,-48480446.93,13508379.89,47357541.90,47709497.21,27770949.72,41553072.63,32759776.54,-196625698.32,..
Slovak Republic,..,..,..,198834261.92,269877766.17,236132979.23,350826240.04,176706776.81,646612354.42,338895206.31,2183119136.13,1532584052.08,4212437461.03,969200518.93,4063498784.60,3923508331.50,5701436726.94,5058234422.17,4640891412.00,1521083444.33,2115832960.24,5431592591.92,1776566141.06,1003902970.22,-362783502.21,1520387925.93,4742874363.72,4225581974.33,2551913226.95,2312686694.37
Slovenia,..,..,111000000.00,112600000.00,116900000.00,150400000.00,173300000.00,334500000.00,215700000.00,106600000.00,135800000.00,501200000.00,1849800000.00,535600000.00,763100000.00,970800000.00,692021551.72,1884506372.68,1080741791.92,-346971372.90,319143932.58,875946337.68,33537889.49,104022716.63,1019380613.50,1730147099.28,1446274234.68,1196228604.69,1523856931.76,1381687633.81
Solomon Islands,10439803.07,14513306.93,14173013.22,23370838.21,2096398.90,2025896.24,5944439.12,33871933.24,8804628.11,9900495.54,2004350.29,-8617173.11,145800.74,-1009361.68,-3005254.99,548149.35,44307544.56,85983505.99,75177085.38,48583116.34,165920898.27,120052792.51,23881499.30,53434351.38,21022029.97,32222728.56,37343622.77,36565531.53,12057230.76,..
Somalia,5590000.00,-150000.00,-60000.00,2000000.00,1000000.00,1000000.00,1300000.00,1100000.00,40000.00,-810000.00,270000.00,40000.00,140000.00,-850000.00,-4790000.00,24000000.00,96000000.00,141000000.00,87000000.00,108000000.00,112000000.00,102000000.00,107330000.00,258000000.00,261000000.00,303000000.00,334000000.00,384000000.00,409000000.00,..
South Africa,-75722412.12,254133621.74,3358018.17,11290546.02,374410441.07,1248424932.73,816389273.76,3810543923.03,550338595.97,1503332454.41,968831355.96,7270344986.48,1479804588.75,783136092.26,701422007.63,6522098178.18,623291744.34,6586792253.11,9885001293.44,7624489973.88,3693271715.48,4139289122.69,4626029122.40,8232518815.62,5791659020.10,1521139945.31,2215307020.40,2058579911.05,5569462350.15,4624502603.98
South Sudan,..,..,..,..,..,..,..,..,..,..,..,..,..,..,..,..,..,..,..,..,..,..,161000000.00,-793000000.00,1035825.73,150000.00,-7850000.00,1420000.00,60140000.00,..
Spain,13983611812.03,12492782828.62,13275723087.21,10808165172.63,8772628136.87,8281607344.65,9801379213.12,9433660064.60,15714658309.11,19628574139.85,40509751188.43,28909416991.47,39359708554.15,30744905690.66,25268192650.58,27007774843.36,32927841460.42,68229666915.15,74088629877.41,9549813317.16,36609340306.49,26832032514.65,20848479095.58,47373243838.96,32943256862.61,23037070821.45,44253339407.67,24978595612.90,49074301840.70,18473102983.63
Sri Lanka,43355119.72,48349173.73,122625843.13,194479070.24,166412940.10,55995587.57,119874349.70,430056151.83,193424023.14,176410171.31,172941409.83,171790000.00,196500000.00,228720000.00,232800000.00,272400000.00,479700000.00,603000000.00,752200000.00,404000000.00,477559000.00,955920000.00,941116591.23,932551317.58,893628980.29,679655644.24,897049375.88,1372723043.13,1610543974.23,..
St. Kitts and Nevis,48785185.19,21448148.15,12529629.63,13759259.26,15348148.15,20470370.37,35174074.07,19670370.37,31925925.93,57737037.04,96214814.81,88230740.74,79771688.89,75612162.96,55771474.07,92994488.89,110415630.37,134484438.15,177906026.67,130750839.26,116268480.00,109632707.04,92419222.22,110789970.37,156658594.13,128828086.28,116606356.63,40222156.59,93552415.53,..
St. Lucia,44785185.19,57744444.44,40940740.74,34162962.96,32522222.22,32751851.85,18414814.81,47825925.93,83396296.30,83151851.85,53748148.15,58807407.41,51935414.81,106425925.93,76520285.19,78233429.63,233934733.33,271891074.07,161210706.30,146397591.11,121296972.59,96416427.78,75759324.81,83515042.22,62932767.25,153713119.44,143682737.59,37684236.08,40030761.71,..
St. Martin (French part),..,..,..,..,..,..,..,..,..,..,..,..,..,..,..,..,..,..,..,..,..,..,..,..,..,..,..,..,..,..
St. Vincent and the Grenadines,7666666.67,8896296.30,13900000.00,31400000.00,46914814.81,30640740.74,42644444.44,92470370.37,88951851.85,56796296.30,37744444.44,21040370.37,34048225.93,55164448.15,65686166.67,40087314.81,109112344.44,119406900.00,159243360.00,110221666.30,97218108.89,85623860.37,115402246.30,126735012.96,123087058.66,119385964.26,78809248.00,153111526.37,110052363.63,..
Sudan,-31130000.00,-620000.00,90000.00,-160000.00,99180000.00,12000000.00,400000.00,97900000.00,370700000.00,370800000.00,392200000.00,574000000.00,713180000.00,1349190000.00,1511070000.00,1561689996.89,1841833814.08,1504379838.39,1653120315.48,1726298402.95,2063730997.66,1734376994.48,2311460739.76,1687884178.80,1251280889.38,1728373403.43,1063767535.34,1065298481.42,1135787164.05,..
Suriname,-76800000.00,18500000.00,-54300000.00,-46600000.00,-30200000.00,-20600000.00,19100000.00,-9200000.00,9100000.00,-61500000.00,-97200000.00,-26800000.00,-73600000.00,-76100000.00,-37300000.00,27900000.00,-163400000.00,-246700000.00,-231400000.00,-93400000.00,-247700000.00,145288761.20,169442185.07,186765030.57,-59673138.08,183665852.70,231666845.65,96075554.74,130960766.33,72794927.81
Eswatini,30108364.99,82134779.99,87306719.20,71920619.79,63262111.48,51756162.32,21715844.98,-15313929.48,152720441.74,98270489.56,90658006.19,29330084.35,92945313.17,-60190680.48,69582011.84,-45850344.68,121031132.73,37493846.24,105729374.66,65705859.52,135660413.69,98708321.72,26480002.33,81790158.40,25782635.17,31498094.37,26852077.65,-57647593.39,31130826.66,127970921.97
Sweden,1982424727.64,6350883200.46,-5418689.92,3704921362.33,6268780977.82,14939375567.50,5491883747.97,10271066268.94,23334866534.93,62910430888.17,22817836820.94,18217810086.49,18381645407.98,6007683415.88,16854649893.55,20782686615.82,22052656378.60,46143507532.97,41436553995.95,8960871620.90,625102142.47,6979353755.44,4273531542.42,1317032473.31,-8624265062.02,10254310463.60,15642242213.93,26347927028.21,-1820311589.15,24192697120.31
Switzerland,5544796309.52,2838789160.79,1128487634.09,1706937974.44,3682699144.73,4158247959.95,4880219415.70,8391921105.90,11345529735.07,14541329307.93,23080879762.68,9765012889.10,8258050580.18,19721053893.39,7102294152.72,2664910821.00,53760772986.30,48688296542.67,2990936685.11,47658570354.73,17670735602.92,20764483834.50,39943494321.64,-24926465856.58,21003091521.77,110012897266.96,97894116825.70,129383657783.44,-76220614842.56,-18382529055.81
Syrian Arab Republic,40000000.00,54000000.00,57000000.00,109000000.00,251000000.00,100000000.00,89000000.00,80000000.00,82000000.00,263000000.00,270000000.00,110000000.00,115000000.00,160000000.00,275000000.00,500000000.00,659000000.00,1241959115.11,1465623386.28,2569548271.53,1469196863.48,804162635.30,..,..,..,..,..,..,..,..
Tajikistan,..,..,9000000.00,9000000.00,12000000.00,10000000.00,18000000.00,18000000.00,29940400.00,6702900.00,23543300.00,9495400.00,36066400.00,31649700.00,272025100.00,54479300.00,338627400.00,359967400.00,486614340.00,149060550.00,93940670.00,145883670.00,241736370.00,283140730.00,326593810.00,454012320.00,241616267.21,185827080.70,220862232.34,212809730.70
Tanzania,10000.00,10000.00,12169639.33,20457763.54,50000895.26,119936653.75,150066381.98,157885063.86,172306244.90,516700641.75,463400858.78,549270351.46,395567134.00,318401298.68,442539548.35,935520591.71,403038991.36,581511806.98,1383260000.00,952630000.00,1813200000.00,1229361018.44,1799646137.43,2087261309.72,1416088064.81,1506024896.01,864040000.00,937700000.00,1055991268.20,..
Thailand,2443549743.01,2013985971.10,2113021867.32,1804040984.76,1366440824.95,2067936429.29,2335837474.93,3894755071.05,7314804931.33,6102677671.18,3365987582.58,5067170388.09,3341612007.24,5232270340.19,5860255942.60,8215637195.30,8917470351.20,8633903440.60,8561557724.60,6411458544.60,14746672919.60,2473685995.70,12899036062.76,15935960664.81,4975455660.45,8927579182.16,2810184390.30,8229148190.33,13205107281.30,6315808257.35
Timor-Leste,..,..,..,..,..,..,..,..,..,..,..,..,..,4519000.00,..,908000.00,8478084.46,8695061.69,39697970.75,47954750.66,30332806.77,49058168.54,40382443.85,55857105.62,33905491.52,42995500.00,5478700.00,6715937.47,47925664.57,74580323.02
Togo,18239596.96,6479812.95,-13109576.41,-18575900.85,-3265462.30,-7813307.22,2253923.41,12260365.78,11116162.85,15089199.25,52818330.99,72617650.89,57806307.37,45773612.37,79967681.86,96003598.21,91396741.90,62406802.63,50892371.95,46304496.13,125064101.84,728710878.42,121511565.58,183599248.96,54020342.35,257860036.46,-46308331.62,88558699.50,-180972714.80,..
Tonga,99521.42,200289.44,1244111.86,351311.27,2489172.18,1028451.38,284990.71,-10526.15,45708.62,958145.99,9212396.93,7628663.05,4692076.77,182273.33,5533664.04,6005489.53,10987468.97,17583867.20,21517757.35,247006.49,4661006.00,7641551.96,-841513.98,6269513.29,13241447.49,12546868.58,5724624.58,-5614626.96,15047474.48,..
Trinidad and Tobago,109411764.71,169341176.47,177882352.94,379211987.08,516174947.24,298934269.07,355399933.86,999347641.85,729767481.18,643300000.00,679500035.95,834900044.58,1007800000.00,808300000.00,998100000.00,939700000.00,882700000.00,830000000.00,2800800000.00,709100000.00,549400000.00,41047454.46,-1904347649.26,-1129966025.63,661413505.44,176829744.89,-23598182.38,-456860907.46,-701876422.87,..
Tunisia,77419354.84,125456831.40,525760373.87,561897566.60,432008501.77,275971451.23,238337799.31,342704714.83,650727787.66,347320280.72,750720443.57,451514809.25,790302916.63,539481939.01,592147521.68,712714847.26,3239909092.62,1515345044.00,2600674976.50,1525244857.53,1334497694.56,432666011.58,1554269128.78,1058622582.18,1024754443.58,970521888.74,622569482.16,810936482.84,988942901.04,..
Turkey,715000000.00,810000000.00,844000000.00,678000000.00,608000000.00,885000000.00,722000000.00,805000000.00,940000000.00,783000000.00,982000000.00,3352000000.00,1082000000.00,1702000000.00,2785000000.00,10031000000.00,20185000000.00,22047000000.00,19851000000.00,8585000000.00,9099000000.00,16182000000.00,13744000000.00,13563000000.00,13337000000.00,19263000000.00,13929000000.00,11099000000.00,13023000000.00,8472000000.00
Turkmenistan,..,..,10.00,79000000.00,103000000.00,233000000.00,108060000.00,107860000.00,62300000.00,125000000.00,131000000.00,170000000.00,276000000.00,226000000.00,353700000.00,418200000.00,730900000.00,856000000.00,1277000000.00,4553000000.00,3632300000.00,3391067000.00,3129614736.84,2861420712.00,3830131000.00,3042968000.00,2243160000.00,2085944000.00,1985147000.00,..
Turks and Caicos Islands,..,..,..,..,..,..,..,..,..,..,..,..,..,..,..,..,..,..,..,..,..,..,..,..,-69533000.00,-69888000.00,16590000.00,22068000.00,42227000.00,..
Tuvalu,..,..,..,..,..,..,..,..,..,..,..,-9309.82,-9779.62,-10973.37,-11696.83,-11417.19,-10582.65,-11053.95,1687799.96,1751074.67,455233.53,-119087.67,1325042.53,336811.55,300000.00,300000.00,300000.00,300000.00,298862.08,..
Uganda,-5910000.00,1000000.00,3000000.00,54600000.00,88200000.00,121200000.00,121000000.00,175000000.00,210000000.00,140200000.00,160700000.00,151496150.65,184648059.20,202192593.62,295416479.80,379808340.67,644262499.95,792305780.89,728860900.65,841570802.75,543872727.27,894293858.00,1205388487.79,1096000000.00,1058564540.35,737652140.15,625704361.87,802704141.01,1055353352.63,1266026787.78
Ukraine,..,..,200000000.00,200000000.00,159000000.00,267000000.00,521000000.00,623000000.00,743000000.00,496000000.00,595000000.00,792000000.00,693000000.00,1424000000.00,1715000000.00,7808000000.00,5604000000.00,10193000000.00,10700000000.00,4769000000.00,6451000000.00,7207000000.00,8175000000.00,4509000000.00,847000000.00,3050000000.00,3441000000.00,2827000000.00,2476000000.00,3043000000.00
United Arab Emirates,-115820000.00,25940000.00,129720000.00,401320000.00,62460000.00,399850000.00,300520000.00,232430000.00,257660000.00,-985340000.00,-506330000.00,1183840000.00,95300000.00,4255956432.95,10003500000.00,10899931926.48,12805990469.71,14186521443.16,5062972004.84,1134288135.28,8796769640.52,7152095825.66,9566651351.09,9764914527.33,11071537020.08,8550901846.59,9604773000.00,10354223000.00,10385286000.00,..
United Kingdom,41363405438.83,23244186242.45,23011210833.68,19686257926.65,19561337402.31,29129258040.84,32412668835.25,51311836383.82,109817612847.49,129891584490.27,164130335444.12,56090924808.79,89760582753.22,36011240472.83,87059621382.28,252653397148.11,203636431868.24,209514959646.91,253454117907.32,14547108445.09,66734551294.09,27012050072.35,46750789727.73,54473175400.24,58890445252.71,45333483122.09,324813224213.02,121254600398.26,81158909779.20,27028383382.59
United States,71230000000.00,34550000000.00,30310000000.00,50230000000.00,55940000000.00,69080000000.00,97660000000.00,122150000000.00,211150000000.00,312449000000.00,349125000000.00,172496000000.00,111055000000.00,117106000000.00,213641000000.00,142344000000.00,298463000000.00,346613000000.00,341092000000.00,161083000000.00,264039000000.00,263497000000.00,250345000000.00,288131000000.00,251856000000.00,509087000000.00,494439000000.00,354649000000.00,258390000000.00,310811000000.00
Uruguay,41540000.00,32340000.00,11300000.00,101500000.00,154500000.00,156600000.00,136800000.00,113200000.00,164100000.00,235300000.00,262825000.00,310402928.19,179852187.80,402717369.25,352712784.35,826626704.30,1508350268.54,1358736505.93,2141969341.15,1602591812.77,2191067966.52,2690094196.66,6043903328.81,757818757.49,3830457987.16,2420435325.50,-209300464.65,2652611060.93,1171934318.53,749737074.34
Uzbekistan,..,..,9000000.00,48000000.00,73000000.00,-24000000.00,90000000.00,166800000.00,139600000.00,121200000.00,74700000.00,82800000.00,65300000.00,82600000.00,176600000.00,191600000.00,173800000.00,705200000.00,711300000.00,842000000.00,1636448861.00,1635145000.00,563040469.71,634701276.00,808675996.57,1041199291.09,1662586807.03,1797341435.65,624702706.36,2286340166.12
Vanuatu,13111196.87,25474518.48,26452893.62,25967921.31,29786175.56,31044914.67,32732115.61,30233300.36,20383379.42,13403366.62,20256089.64,18004322.08,14162544.81,18010732.39,19840843.50,13251642.41,43447011.63,34155234.68,37694497.49,32140846.43,63109398.82,61117730.90,60388540.21,59379212.80,13266163.52,31021245.77,44178569.39,38222690.16,37582280.02,..
"Venezuela, RB",451000000.00,1916000000.00,629000000.00,372000000.00,801000000.00,996000000.00,2183000000.00,6202000000.00,5024000000.00,2932000000.00,4703000000.00,3704000000.00,761000000.00,1573000000.00,1489000000.00,2450000000.00,198000000.00,4358000000.00,2083000000.00,-1137000000.00,1583000000.00,5855000000.00,4986000000.00,2145000000.00,1135000000.00,2956000000.00,1587000000.00,-68000000.00,956000000.00,..
Vietnam,180000000.00,375190278.00,473945856.00,926303715.00,1944515936.00,1780400000.00,2395000000.00,2220000000.00,1671000000.00,1412000000.00,1298000000.00,1300000000.00,1400000000.00,1450000000.00,1610000000.00,1954000000.00,2400000000.00,6700000000.00,9579000000.00,7600000000.00,8000000000.00,7430000000.00,8368000000.00,8900000000.00,9200000000.00,11800000000.00,12600000000.00,14100000000.00,15500000000.00,..
Virgin Islands (U.S.),..,..,..,..,..,..,..,..,..,..,..,..,..,..,..,..,..,..,..,..,..,..,..,..,..,..,..,..,..,..
West Bank and Gaza,..,..,..,..,..,122600000.00,177200000.00,163000000.00,208973104.71,189721781.97,62005481.83,19176400.67,9440000.00,12872000.00,20520000.00,36242000.00,18587960.00,19596000.00,51508000.00,300468000.00,179941047.79,238840690.56,62985366.11,189560177.04,159711665.34,104937726.66,296473530.84,203376299.06,262509658.40,..
"Yemen, Rep.",-130900000.00,282500000.00,718000000.00,903000000.00,15800000.00,-217700000.00,-60100000.00,-138500000.00,-219400000.00,-307600000.00,6399510.00,155141000.00,114302000.00,-89107000.00,143578000.00,-302056736.76,1120970000.00,917300000.00,1554630000.00,129200000.00,188641795.78,-517842928.48,-14239188.36,-133570895.63,-233104668.58,-15444808.35,-561000000.00,-269850000.00,-282098333.33,..
Zambia,202700000.00,34300000.00,45000000.00,314400000.00,40000000.00,107000000.00,127100000.00,207400000.00,198000000.00,162000000.00,121700000.00,145000000.00,298390000.00,347000000.00,364040000.00,356940000.00,615790000.00,1323900000.00,938620000.00,694800000.00,1729300000.00,1108500000.00,1731500000.00,2099800000.00,1507800000.00,1582666666.67,662813935.42,1107519804.85,408438491.70,481404726.73
Zimbabwe,-12205847.82,2790485.90,14949899.55,27955135.35,34648879.65,117700000.00,80900000.00,135100000.00,444300000.00,59000000.00,23200000.00,3800000.00,25900000.00,3800000.00,8700000.00,102800000.00,40000000.00,68900000.00,51600000.00,105000000.00,122586666.67,344300000.00,349850000.00,373050000.00,472800000.00,399200000.00,343013813.38,247187738.79,744637199.18,..
