Albania,2028553750.00,1099559027.78,652174990.84,1185315468.46,1880951520.40,2392764853.42,3199642579.97,2258515610.09,2545967253.24,3212119044.17,3480355188.60,3922099470.97,4348070165.19,5611492282.87,7184681398.57,8052075642.11,8896073938.31,10677321490.38,12881353984.64,12044223457.83,11926962834.96,12890867535.56,12319784701.33,12776277648.92,13228244336.32,11386927679.09,11861353752.07,13025064966.58,15102500898.24
Algeria,62045099642.78,45715367087.10,48003298223.12,49946455210.97,42542571305.51,41764052457.88,46941496779.85,48177862501.95,48187747528.90,48639108360.62,54786074940.21,54743249368.65,56758113501.17,67866141223.59,85324767230.49,103198442061.08,117030941571.94,134978727825.85,170997541140.99,137214821177.36,161205065469.31,200015355528.47,209062886917.05,209754763860.68,213808808746.70,165978425168.39,160032930353.76,167390266100.76,173757952824.25
American Samoa,..,..,..,..,..,..,..,..,..,..,..,..,514000000.00,527000000.00,512000000.00,503000000.00,496000000.00,520000000.00,563000000.00,678000000.00,576000000.00,574000000.00,644000000.00,641000000.00,642000000.00,661000000.00,652000000.00,602000000.00,636000000.00
Andorra,1029048481.88,1106928582.87,1210013651.88,1007025755.00,1017549124.33,1178738991.19,1223945356.63,1180597272.73,1211932397.82,1239876305.14,1434429703.34,1496912751.68,1733116883.12,2398645598.19,2935659299.73,3255789080.96,3543256805.92,4016972351.49,4007353156.58,3660530702.97,3355695364.24,3442062830.14,3164615186.95,3281585236.33,3350736367.25,2811489408.89,2877311946.90,3013387423.94,3236543909.35
Angola,11228764963.16,10603784541.20,8307810973.59,5768720421.61,4438321017.39,5538749259.95,7526446605.52,7648377412.83,6506229607.29,6152922942.98,9129594818.61,8936063723.20,15285594828.42,17812705294.33,23552052407.55,36970918699.25,52381006892.04,65266452081.39,88538611205.14,70307163678.24,83799496611.20,111789686464.44,128052853643.11,136709862831.19,145712200312.51,116193649124.15,101123851090.46,122123822333.59,105750987618.63
Antigua and Barbuda,459469058.89,481706333.33,499281148.15,535172777.78,589429592.59,577280740.74,633730629.63,680617111.11,727860592.59,766198925.93,830158777.78,800740259.26,814615333.33,855643111.11,919577148.15,1022191296.30,1157005444.44,1311401333.33,1368431037.04,1224253000.00,1148700000.00,1137637037.04,1199948148.15,1181448148.15,1249733333.33,1336692592.59,1436585185.19,1467977777.78,1610574074.07
Argentina,141352368714.69,189719984268.49,228788617201.70,236741715015.02,257440000000.00,258031750000.00,272149750000.00,292859000000.00,298948250000.00,283523000000.00,284203750000.00,268696750000.00,97724004251.86,127586973492.18,164657930452.79,198737095012.28,232557260817.31,287530508430.57,361558037110.42,332976484577.62,423627422092.49,530163281574.66,545982375701.13,552025140252.25,526319673731.64,594749285413.21,557531376217.97,642695864756.35,519871519807.80
Armenia,2256838858.43,2068526521.90,1272577456.13,1201313201.01,1315158670.28,1468317350.07,1596968913.28,1639492424.36,1893726437.26,1845482181.45,1911563665.39,2118467913.38,2376335048.40,2807061008.69,3576615240.42,4900469950.09,6384451606.14,9206301700.40,11662040713.88,8647936747.99,9260284937.80,10142111334.50,10619320048.59,11121465767.41,11609512939.75,10553337672.99,10546135160.03,11527458565.73,12433089919.05
Aruba,764887117.19,872138730.75,958463200.21,1082979707.66,1245688253.11,1320474860.34,1379960893.85,1531944134.08,1665100558.66,1722798882.68,1873452513.97,1920111731.84,1941340782.12,2021229050.28,2228491620.11,2330726256.98,2424581005.59,2615083798.88,2745251396.65,2498882681.56,2390502793.30,2549720670.39,2534636871.51,2581564245.81,2649720670.39,2691620111.73,2646927374.30,2700558659.22,..
Australia,310777222008.47,325310415195.04,324878874105.98,311544406970.21,322211691456.24,367216364716.37,400302731411.23,434568007512.91,398899138574.24,388608221581.65,415222633925.77,378376086723.19,394648911678.53,466488060570.76,612490396927.02,693407758231.85,746054207846.66,853099630996.31,1053995523724.26,927805183330.88,1146138465603.81,1396649906339.35,1546151783872.96,1576184467015.49,1467483705131.74,1351693984524.50,1208846993739.99,1330135756844.41,1433904348500.12
Austria,166463386663.44,173794177725.40,195078126346.11,190379720927.48,203535242741.84,241038283062.65,237250948791.27,212790348404.56,218259904401.96,217185787342.85,196799778883.36,197337879194.63,213377771503.86,261695778781.04,300904221504.84,315974418604.65,335998557270.10,388691445387.35,430294287388.31,400172297860.52,391892746544.69,431120310088.82,409425234155.26,430068712971.87,441996131736.51,381817565893.57,395227684138.86,417282900758.04,455285818035.13
Azerbaijan,8858006035.92,8792365810.51,4991350457.54,3970953395.52,3313939553.54,3052467522.36,3176703092.30,3962735257.21,4446370371.15,4581246713.32,5272617196.05,5707720390.85,6235856819.58,7276013031.97,8680370408.06,13245716099.01,20982986344.30,33050343782.78,48852482960.08,44291490420.50,52902703376.11,65951627200.20,69683935845.21,74164435946.46,75244294275.15,53074468085.11,37867518957.20,40865558912.39,46939529411.76
"Bahamas, The",3166000000.00,3111160000.00,3109000000.00,3092000000.00,3259000000.00,3429000000.00,3609000000.00,6332360000.00,6833220000.00,7683870000.00,8076470000.00,8317830000.00,8881160000.00,8870090000.00,9055290000.00,9836200000.00,10167250000.00,10618340000.00,10526000000.00,9981960000.00,10095760000.00,10070450000.00,10720500000.00,10562700000.00,10913300000.00,11752300000.00,11938400000.00,12150400000.00,12424500000.00
Bahrain,4229787234.04,4616223404.26,4751063829.79,5200265957.45,5567553457.45,5849467819.15,6101861436.17,6349202393.62,6183776595.74,6621010372.34,9062898936.17,8976196808.51,9593510638.30,11074813829.79,13150159574.47,15968723404.26,18504760638.30,21730000000.00,25710877659.57,22938218085.11,25713271276.60,28776622340.43,30749335106.38,32539547872.34,33387686170.21,31125877659.57,32250132978.72,35432686170.21,37746196808.51
Bangladesh,31598341233.56,30957483949.58,31708874594.16,33166519417.99,33768660882.79,37939748768.66,46438484107.58,48244309133.49,49984559471.37,51270569883.53,53369787318.62,53991289844.33,54724081490.51,60158929188.26,65108544250.04,69442943089.43,71819083683.74,79611888213.15,91631278239.32,102477791472.39,115279077465.23,128637938711.39,133355749482.48,149990451022.29,172885454931.45,195078678697.23,221415188000.48,249723862487.36,274024958965.89
Barbados,2023318251.88,2007109829.46,1950900000.00,2046189031.97,2151295182.22,2261969870.23,2411872918.01,2549296474.92,2874459304.93,3012081738.18,3121500000.00,3116650000.00,3169600000.00,3274850000.00,3514350000.00,3897300000.00,4217450800.00,4674007450.00,4784925100.00,4465657300.00,4529928300.00,4657699450.00,4610096000.00,4677248300.00,4696344350.00,4725500000.00,4840500000.00,4989500000.00,5145000000.00
Belarus,21650000000.00,18000000000.00,17037037037.04,16280991735.54,14932024169.18,13972676840.92,14756846153.85,14128408565.71,15222012660.42,12138486532.02,12736856827.98,12354820143.88,14594249022.89,17827791321.31,23144351851.85,30207567316.62,36954312354.31,45277399813.61,60763483146.07,50874078052.27,57222490768.71,61757788944.72,65685102554.88,75527984234.23,78813839984.35,56454734396.58,47722657820.67,54726595249.18,60031262269.34
Belgium,205331747706.42,210510999291.20,234781652070.26,224721795592.35,244884129973.48,288025588396.28,279201433224.76,252708051420.84,258528339631.03,258158533986.79,236204532891.10,236541297539.15,257157820440.43,317381715575.62,368537000248.32,385570948886.95,407918078032.87,470324254037.78,515223524241.98,481345929424.84,480951629493.03,522645519183.59,496181260258.30,521642714407.84,534678075827.36,462149679343.82,476056833074.34,503004504395.43,542761092103.47
Belize,412086445.49,444720750.00,518239100.00,559858250.00,580863700.00,620140400.00,641383800.00,654314350.00,688992450.00,732732350.00,832072450.00,871860600.00,932551850.00,990374050.00,1057845500.00,1114202700.00,1217442150.00,1290542550.00,1368625150.00,1335217500.00,1377179137.32,1460800212.00,1522899789.92,1579413515.27,1662802599.10,1723785356.57,1775100178.69,1836593466.18,1871203164.08
Benin,1959965243.76,1986437859.90,1695315305.70,2274557914.07,1598075932.35,2169627250.93,2361116587.86,2268301537.65,2455092582.31,3676045652.82,3511248899.72,3663017699.62,4174634520.35,5337266687.58,6179176459.36,6565043459.50,7027863025.14,8158257571.77,9748276762.24,9699586794.45,9535344283.47,10693321953.64,11141358945.13,12517845732.21,13284528654.06,11388160958.25,11821066152.60,12701656930.69,14250985958.67
Bermuda,1592400000.00,1634899968.00,1679900032.00,1820359936.00,1867160064.00,2030749952.00,2695390000.00,2932827000.00,3130748000.00,3324433000.00,3480219000.00,3680483000.00,3937228000.00,4186525000.00,4484703000.00,4868136000.00,5414299000.00,5895048000.00,6109928000.00,5806378000.00,5744414000.00,5550771000.00,5537537000.00,5573710000.00,..,..,..,..,..
Bhutan,299787275.84,250045839.93,250794359.57,235239570.35,270801565.19,303053462.84,316420860.85,365964500.14,376955087.25,419035810.50,424464089.00,461444514.46,520849551.27,604041958.39,682523857.56,796938119.66,874989894.60,1168308517.43,1227808790.35,1234014292.40,1547991317.60,1777101316.48,1781281280.68,1756215665.55,1907090812.91,2003598213.03,2158972128.47,2450364928.75,2446674101.37
Bolivia,4867582620.21,5343274311.57,5643893347.01,5734676560.92,5981244886.92,6715220507.05,7396966657.47,7925673448.41,8497545598.08,8285075872.27,8397912509.10,8141537937.61,7905485216.18,8082364868.39,8773451738.91,9549077869.11,11451869164.71,13120183156.71,16674324634.24,17339992165.24,19649631450.68,23963033588.01,27084497539.80,30659338784.37,32996188133.14,33000198263.39,33941126193.92,37508642257.60,40287647756.87
Bosnia and Herzegovina,..,..,..,..,1255802469.14,1866572953.74,2786045321.64,3671816504.24,4116699437.40,4685733115.47,5505887894.49,5748993411.42,6651106833.49,8369878822.85,10596205714.29,11222953519.43,12864610993.52,15778767669.70,19112739664.47,17613836209.96,17176781336.76,18644723860.97,17226849297.07,18178503835.45,18558343508.34,16211540686.14,16913330693.97,18080118128.39,20161865419.43
Botswana,3790567051.87,3942792837.36,4146513722.33,4160086253.15,4259330999.03,4730611067.02,4847752842.79,5020214747.45,4790458837.17,5484257417.18,5788329609.16,5489608299.66,5438857106.74,7511582173.38,8957467706.54,9931134940.51,10126940513.31,10939053365.48,10945070441.93,10267133177.73,12786654365.87,15351972229.53,16067155187.04,14901750764.98,16250750259.02,14420604205.75,15646316818.33,17405538618.40,18616018903.44
Brazil,461951782000.00,602860000000.00,400599250000.00,437798577639.75,558111997497.26,769305386182.85,850426432991.74,883199625324.68,863723411632.92,599388579985.67,655420645476.91,559372276081.97,507962487700.02,558319920831.98,669316654017.09,891630177251.07,1107640289615.23,1397084349956.35,1695824565983.20,1667019783585.08,2208871646202.82,2616200980392.16,2465188674415.03,2472806919901.67,2455993625159.37,1802214373741.32,1795700168991.49,2062831045935.95,1885482534238.33
British Virgin Islands,..,..,..,..,..,..,..,..,..,..,..,..,..,..,..,..,..,..,..,..,..,..,..,..,..,..,..,..,..
Brunei Darussalam,3520551724.14,3701667052.56,4183548189.07,4105706151.75,4087337959.93,4734020036.69,5115602836.88,5197332974.14,4051147227.53,4600000000.00,6001153306.26,5601090584.36,5843329107.56,6557333084.61,7872333215.00,9531402847.87,11470703002.08,12247694247.23,14393099068.59,10732366286.26,13707370737.07,18525319977.74,19048495518.57,18093829923.27,17098342541.44,12930394937.81,11400854267.72,12128104859.15,13567351175.03
Bulgaria,20632090909.09,10943548387.10,10350515463.92,10829710144.93,9697416974.17,18867559523.81,12184935356.94,11211546465.31,14942172233.58,13531969309.46,13153016530.87,14075616789.49,16276456427.54,20982685981.42,25957970922.48,29636617749.83,34130122490.86,44411476557.03,54409138498.35,51884481410.39,50610058210.37,57418414504.09,53903022339.03,55555171009.77,56814543481.21,50201314894.58,53240950226.24,58220973782.77,65132951116.48
Burkina Faso,3101301780.95,3135045684.10,2240264711.55,2332018010.55,1895290964.81,2379518099.23,2586550747.10,2447669403.89,2804902723.73,2993753187.10,2628920056.10,2812845513.57,3205592289.80,4205691222.11,4838551099.71,5462709498.45,5816310157.72,6771277870.96,8369637065.40,8369175126.25,8979966766.07,10724063457.83,11166063466.56,11947176342.00,12377391462.64,10419303761.35,10867024151.61,12330338343.29,14124775068.57
Burundi,1132101252.52,1167398478.35,1083037670.60,938632612.03,925030590.15,1000428393.89,869033856.32,972896267.92,893770806.08,808077223.37,870486065.88,876794723.07,825394490.16,784654423.62,915257323.40,1117113045.65,1273375020.27,1356199364.86,1611835901.91,1781455092.07,2032135246.50,2235820867.83,2333308099.46,2451625332.75,2705783272.07,3104394858.12,2959640987.30,3172292379.36,3036931818.18
Cabo Verde,306891107.26,319827058.59,357160985.33,490417389.68,406580652.33,487148993.53,501979069.27,490608657.92,521910560.52,592416703.06,539227277.63,563024383.30,620974660.23,813963830.18,924318490.76,971977088.16,1107891063.44,1513933983.22,1789333748.68,1711817181.53,1664310769.55,1865915544.12,1741809808.96,1850470042.43,1859898513.27,1596800287.16,1663008687.10,1769787215.42,1976814276.51
Cambodia,..,..,..,2533727592.04,2791435272.27,3441205692.92,3506695719.57,3443413388.69,3120425502.58,3517242477.23,3677897739.08,3984000517.02,4284028482.54,4658246918.27,5337833248.04,6293046161.83,7274595706.67,8639235842.18,10351914093.17,10401851850.61,11242275198.98,12829541141.01,14054443213.46,15227991395.22,16702610842.40,18049954289.42,20159271964.96,22180376505.73,24542474061.24
Cameroon,11151578050.74,12434370004.96,11396310990.22,15498179313.04,10600157683.84,9643953174.77,10513387441.62,10833497457.51,10612847429.35,11198378749.47,10083937740.06,10371327756.45,11579343088.16,14548845764.53,17430933517.30,17944084201.49,19356046327.90,22365265025.66,26409781215.18,26017925551.84,26143818509.64,29337006833.08,29104437355.04,32348149947.37,34942948737.40,30916218544.44,32621535418.90,34922782310.64,38675205293.05
Canada,593929550908.47,610328183643.19,592387689252.92,577170761956.44,578139279437.61,604031623433.40,628546387972.13,652823920265.78,631813279406.81,676084000807.70,742295468318.63,736379777892.56,757950678646.53,892382413817.72,1023196771714.07,1169357979864.66,1315415197461.21,1464977190205.75,1549131208997.19,1371153004986.44,1613542812589.39,1789140665202.84,1823966686523.63,1842018420853.10,1801480123070.82,1552899925233.71,1526705529135.32,1646867220617.47,1713341704877.01
Cayman Islands,..,..,..,..,..,..,..,..,..,..,..,..,..,..,..,2315972638.91,4227798031.92,4466503540.14,4586172566.90,4281813032.52,4156935677.43,4186223808.95,4291159006.36,4405954638.19,4563017880.72,4708336733.47,4898908676.35,5141833913.36,..
Central African Republic,1440711395.67,1377375030.53,1411917558.46,1278781166.72,851174350.65,1115389731.79,1007791186.20,937741468.03,967338348.66,999477510.69,914500299.10,931833302.75,991387870.12,1139754799.16,1270080250.65,1337362392.15,1460561215.44,1697565948.65,1985240986.19,2059094048.26,2140503193.16,2434792412.51,2510270267.73,1691063476.64,1892292911.83,1695143879.57,1823779165.28,2067230996.47,2219894701.95
Chad,1738605558.05,1877138041.64,1881847676.81,1463251055.40,1179837954.72,1445919969.89,1607345450.05,1544689502.82,1744794457.28,1534673583.25,1385058161.77,1709347793.33,1987622279.11,2736666515.83,4414929220.00,6646663561.27,7422102655.99,8638711442.77,10351932604.42,9253484108.50,10657705536.50,12156380425.08,12368071038.74,12949854262.81,13922223233.52,10945989471.63,10090922857.39,9975692095.41,11273115239.43
Channel Islands,..,..,..,..,..,..,..,..,5945677376.61,6262740656.85,6439703434.71,6232906290.49,6663669064.75,7332244897.96,8553643354.08,8827272727.27,9676172953.08,11514605842.34,..,..,..,..,..,..,..,..,..,..,..
Chile,33113887817.97,37834793730.31,45964327558.88,49297773130.12,57008425295.83,73447063319.30,78039572221.60,84952360922.47,81577430181.41,75173794497.03,77860932151.85,70979923960.37,69736811435.10,75643459839.60,99210392857.61,122964812046.07,154788024805.81,173605968179.26,179638496278.57,172389498444.62,218537551220.07,252251992029.44,267122320056.70,278384345259.47,260541629960.73,243919085308.79,250339863130.85,277746461078.32,298231133532.75
China,360857912565.97,383373318083.62,426915712711.15,444731282436.76,564324670005.92,734547898220.51,863746717503.79,961603952951.82,1029043097554.08,1093997267271.06,1211346869605.24,1339395718865.30,1470550015081.55,1660287965662.68,1955347004963.27,2285965892360.54,2752131773355.16,3550342425238.25,4594306848763.08,5101702432883.45,6087164527421.24,7551500425597.77,8532230724141.76,9570405758739.79,10438529153237.60,11015542352468.90,11137945669350.60,12143491448186.10,13608151864637.90
Colombia,47844090709.99,49175565911.07,58418985443.32,66446804802.57,81703500846.04,92507279383.04,97160109277.81,106659508271.26,98443739941.17,86186158684.77,99886577330.73,98211749595.54,97963003804.79,94641378693.22,117081522349.68,145180960251.66,161189825603.14,205706860699.30,241710969502.89,232494134119.68,286103648654.55,334454039093.59,370574421703.06,381866608838.80,381112119657.45,293481748240.78,282825009887.46,311789874617.10,331047040087.88
Comoros,429622147.74,424108796.56,457388578.92,452881443.08,319189200.35,398461789.56,396053797.63,364445589.70,370106776.04,382454989.95,350264287.69,378180913.36,423962976.72,545658929.04,632570092.21,653584808.75,697810988.05,794621676.49,911967428.71,901711442.29,907093130.31,1021746833.43,1015901205.42,1115906341.78,1148058015.48,965640593.04,1012147323.79,1074778460.96,1177955048.65
"Congo, Dem. Rep.",9349764580.37,9625436872.51,8227343907.27,10706259936.74,5820382248.28,5643439376.10,5771454939.62,6090840548.19,6215591269.90,4711259427.27,19088046305.80,7438189100.33,8728038525.14,8937567059.88,10297483481.22,11964484667.91,14451902467.93,16737071816.38,19788515873.89,18648373312.42,21565720044.46,25839749198.82,29306235826.39,32679745297.65,35909040265.93,37917704900.08,37134799974.52,38019265625.88,47227535290.92
"Congo, Rep.",2798746050.58,2724853592.73,2933222714.12,1918970032.41,1769365425.04,2116003977.98,2540697688.06,2322718991.26,1949481296.61,2353909563.94,3219910550.39,2794259783.08,3019993738.77,3495868808.05,4648628921.37,6087003176.12,7731261310.93,8394688284.06,11859013281.00,9593537550.75,12007880438.62,14425607179.66,13677930123.59,14085851348.07,14177437982.26,8553154580.40,9035848070.90,8701334800.22,11263682694.04
Costa Rica,5711687786.76,7168999670.02,8528593420.53,9537297723.11,10432619325.42,11513472785.73,11618286652.06,12552071487.96,13617405297.25,14195623342.90,14949514493.33,15913363440.57,16504795592.80,17196009811.12,18528955524.63,19948261084.37,22602721765.28,26743972564.12,30612927059.10,30562361123.03,37268614024.32,42262697840.39,46473128285.56,49745088111.70,50577769837.75,54775994478.51,57157992434.18,58174549218.34,60130106115.63
Cote d'Ivoire,10795850106.95,10492628915.49,11152971316.07,11045759468.94,8313557450.25,11000146839.50,12139234938.79,11722142706.13,12612033728.86,12376639822.93,10717022462.69,11192560827.30,12346919216.14,15306602560.25,16554441846.52,17084928927.46,17800887796.50,20343635319.62,24224903099.63,24277493862.06,24884505034.56,25381616734.07,26790579775.30,31264187110.36,35316491206.78,33131114321.68,35296977343.65,38053606750.52,43007047821.75
Croatia,..,..,..,..,..,22417450485.59,23710279341.95,23854803103.59,25467053258.53,23400480897.68,21669159307.54,23179799796.20,26815719603.14,34686547352.72,41594418573.82,45386757883.41,50454899071.25,60182977533.33,70288911412.93,62666161453.50,59807966533.28,62354235670.58,56494436182.76,58056951042.09,57642879510.11,49530656285.09,51596929180.14,55319620157.61,60971699315.18
Cuba,28645436569.15,24316556025.66,22085858243.24,22367254864.86,28448326756.76,30429803651.22,25017368700.00,25365908100.00,25736331200.00,28364615200.00,30565400000.00,31682400000.00,33590500000.00,35901200000.00,38203000000.00,42643836100.00,52742800000.00,58603900000.00,60806300000.00,62080000000.00,64328000000.00,68990000000.00,73141000000.00,77148000000.00,80656000000.00,87133000000.00,91370000000.00,96851000000.00,100023000000.00
Curacao,..,..,..,..,..,..,..,..,..,..,..,..,..,..,..,..,..,..,..,..,..,3038699608.94,3131096089.39,3147616201.12,3158406033.52,3151910782.12,3122287932.96,3116610111.73,3127908037.86
Cyprus,5591130217.67,5770197348.48,6912150456.32,6590291048.29,7425703928.57,9933133247.09,10011918444.17,9547818700.11,10248617647.06,10497908306.36,9985844486.33,10397897085.61,11420227884.62,14547325028.31,17320552500.00,18433411267.26,20072786350.52,23968764029.56,27844698989.31,25945391775.49,25732432719.08,27565469098.00,24978513426.70,23900872625.85,23128114786.77,19779150116.50,20890936462.25,22638608224.13,24961988663.20
Czech Republic,40477403219.52,29675502269.57,34590052812.17,40614350197.24,47554674590.93,59775697061.04,66985765439.19,61792161168.00,66490372105.13,64867483193.13,61649492816.52,67523642262.40,81910771993.92,99627140274.38,119162172468.27,136280689891.22,155463807112.89,189227050759.60,235718586901.13,206179982164.40,207477857918.92,227948349666.35,207376427020.82,209402444996.10,207818330723.84,186829940545.76,195090272402.73,215913545038.43,245225882903.37
Denmark,138247285815.86,139224688814.20,152915654478.89,143195627014.61,156162386724.52,185006881515.07,187632346387.98,173537647058.82,176991934992.84,177965188354.69,164158739097.62,164791442543.38,178635163717.43,218096033517.01,251373002954.38,264467336457.17,282884947702.97,319423424509.07,353361038818.38,321241303699.01,321995279401.50,344003137611.27,327148943812.14,343584391647.93,352993631617.71,302673068765.97,313115929314.34,329417067127.82,355675329085.95
Djibouti,452328087.28,462421998.53,478058304.87,466048469.23,491689220.74,497723960.59,494004647.73,502675542.00,514267869.30,536080148.10,551230861.86,572417440.82,591122039.60,622044665.52,666072101.78,708633194.73,768873684.03,847918929.11,999105339.27,1049110684.72,1128611700.36,1239144501.78,1353632941.52,2042817162.86,2216200810.48,2445484583.05,2618587757.15,2766868072.25,2955912228.22
Dominica,201428730.00,219763222.22,234058259.26,245527592.59,264375666.67,274522148.15,292286000.00,302989185.19,322409851.85,331759000.00,333468888.89,340205074.07,333195185.19,343310666.67,367199111.11,364255074.07,390250148.15,421375851.85,458190185.19,489074333.33,493824407.41,501025296.30,485998000.00,498296296.30,520207407.41,540737037.04,576229629.63,519837037.04,550892592.59
Dominican Republic,7073675544.81,9734321854.02,11356271335.97,13081042400.00,14664237666.67,16598679279.07,18241691857.35,20017908829.33,21672526562.79,22137599986.11,24305116729.19,25599311449.38,27362875602.50,21642882856.42,22692574473.35,36119047252.18,38116351526.29,43965459069.81,48122601589.35,48261079522.85,53860187452.88,58029773801.13,60681535893.43,62682158700.64,67179956264.33,71164826720.51,75704647977.31,79998045976.49,85555390387.04
Ecuador,15239278100.35,16988535267.63,18094238119.06,18938717358.68,22708673336.67,24432884442.22,25226393196.60,28162053026.51,27981896948.47,19645272636.32,18327764882.44,24468324000.00,28548945000.00,32432858000.00,36591661000.00,41507085000.00,46802044000.00,51007777000.00,61762635000.00,62519686000.00,69555367000.00,79276664000.00,87924544000.00,95129659000.00,101726331000.00,99290381000.00,99937696000.00,104295862000.00,108398058000.00
"Egypt, Arab Rep.",42978914311.35,37387836490.53,41855986519.42,46578631452.58,51897983392.65,60159245060.45,67629716981.13,78436578171.09,84828807556.08,90710704806.84,99838543960.08,97632008709.85,87850683978.67,82924503942.64,78845185293.50,89685725230.25,107484034870.97,130478960092.50,162818181818.18,188982374700.81,218888324504.75,236001858960.02,279372758361.83,288586231501.88,305529656458.44,332698041030.81,332927833278.04,235369129337.71,250894760351.23
El Salvador,4817542204.03,5252342400.00,5813399300.00,6680269200.00,7679384000.00,8921947100.00,9586327800.00,10221705900.00,10936669900.00,11284197000.00,11784927700.00,12282533600.00,12664190300.00,13243892200.00,13724810900.00,14698001400.00,15999886400.00,17011750900.00,17986890000.00,17601620000.00,18448000000.00,20284000000.00,21386000000.00,21991000000.00,22593000000.00,23438000000.00,24154000000.00,24928000000.00,26057000000.00
Equatorial Guinea,112119406.55,110906032.08,134707184.36,136047896.16,100807001.81,141853368.26,232463036.44,442337849.47,370687618.72,621117885.67,1045998496.44,1461139022.03,1806742742.27,2484745935.09,4410764338.67,8217369092.65,10086528698.86,13071718758.74,19749893536.32,15027795173.22,16314442183.35,21357344847.50,22388345810.25,21948835350.34,21765454404.42,13185496836.41,11240809132.41,12200914929.60,13278488567.31
Eritrea,..,..,477101651.65,467872714.76,531688311.69,578015625.00,693535954.19,686490090.14,745526154.93,688921325.71,706370815.58,752368495.51,729321366.65,870247703.18,1109054005.44,1098425900.74,1211161879.67,1317974491.06,1380188800.00,1856695551.22,2117039512.20,2607739837.40,..,..,..,..,..,..,..
Estonia,..,..,..,4006982535.06,4116735206.81,4497823918.17,4780169853.04,5147711226.33,5665917232.17,5762048126.06,5694069842.44,6259258257.99,7372457191.30,9877636517.62,12144397515.53,14098326327.57,17012321791.49,22445582945.52,24371299985.35,19744110447.35,19685033799.42,23394843529.07,23192709238.82,25271407238.66,26773472961.83,23048864242.61,23996451497.61,26792757827.32,30732144528.98
Ethiopia,12175166763.29,13463868357.49,10492993077.61,8830712713.91,6927950564.56,7663984567.90,8547939730.62,8589211390.50,7818224905.55,7700833482.01,8242392103.68,8231326016.47,7850809498.17,8623691300.04,10131187261.44,12401139453.97,15280861834.60,19707616772.80,27066912635.22,32437389116.04,29933790334.34,31952763089.33,43310721414.08,47648211133.22,55612228233.52,64589334978.80,74296618481.09,81760441158.76,84355604752.53
Faroe Islands,..,..,..,..,..,..,..,..,1107882640.88,1120280381.87,1058702725.44,1147654635.46,1262669892.46,1494011567.01,1688237552.37,1727792692.89,1984445416.02,2290133548.87,2432415998.12,2268387770.71,2320424601.27,2490807830.57,2366301251.62,2627049837.08,2850743875.28,2518096285.62,2689157270.82,..,..
Fiji,1337024782.23,1383843860.12,1531803060.55,1635426125.31,1825285158.12,1970347720.97,2129266728.43,2093994597.22,1656784779.55,1942170999.19,1684109743.49,1660102345.60,1842691481.09,2315935752.72,2727507212.93,3006725014.78,3102741451.02,3405050611.69,3523185919.56,2870624635.68,3140508835.95,3774530615.66,3972012570.53,4190143206.26,4856963229.84,4682546863.08,4930204219.71,5353404418.66,5536759658.87
Finland,141438345513.92,127773856785.77,112532519246.08,89214114708.03,103299943084.80,134189814814.82,132129174216.93,126912152101.71,134038718291.06,135218410398.47,125706651925.56,129421029082.77,139738377564.47,171274266365.69,197116960516.51,204809103345.36,216907539831.89,256052559540.10,284553976856.60,252496526813.00,249181190476.37,275243697751.01,258304834621.61,271285280621.37,274497230802.96,234585368746.27,240570297852.34,254435041879.24,276743120515.76
France,1269179616913.63,1269276828275.78,1401465923172.24,1322815612694.00,1393982750472.59,1601094756209.75,1605675086549.56,1452884917959.09,1503108739159.44,1492647560196.04,1362248940482.77,1376465324384.79,1494286655373.61,1840480812641.08,2115742488204.62,2196126103718.44,2318593651988.46,2657213249384.07,2918382891460.38,2690222283967.77,2642609548930.36,2861408170264.61,2683825225092.63,2811077725703.59,2852165760630.27,2438207896251.84,2471285607081.72,2586285406561.51,2777535239277.98
French Polynesia,3181206304.82,3267367609.90,3558215110.25,3694600399.89,3522272321.41,3982374845.93,3954696873.75,3567062511.87,3775160797.39,3797016068.70,3447543137.94,..,..,..,..,..,..,..,..,..,..,..,..,..,..,..,..,..,..
Gabon,5952293765.84,5402919956.94,5592390848.53,4378645081.02,4190819314.03,4958845906.35,5694040336.83,5326816859.00,4483417119.84,4662992036.21,5067865320.80,5018874179.19,5310381151.36,6497305662.09,7756293574.98,9578973591.01,10318424464.34,12438956756.45,15508574820.35,12065138272.75,14358584300.30,18186478119.96,17171447372.33,17590745162.13,18179752009.75,14377324797.64,14014369641.77,14892609693.17,16853589311.41
"Gambia, The",317083373.52,690314321.37,714255460.50,755042548.06,746491692.58,785996982.49,848237108.56,803630742.53,840285264.63,814723460.08,782915402.42,687408804.63,578236035.10,487038821.61,961900106.89,1027702254.39,1054113426.71,1279704744.83,1561763437.03,1450140385.97,1543292392.55,1409694553.91,1415006238.10,1375608956.10,1229460601.92,1378176868.32,1467255923.49,1504954957.89,1632823198.96
Georgia,7753501867.76,6357615894.04,3690328963.64,2701181331.31,2513870586.73,2693731865.97,3094935186.77,3510520231.21,3613498174.55,2800026339.13,3057475288.78,3219488663.77,3395728013.85,3991284895.37,5125365191.99,6410823633.25,7745394293.42,10172882370.55,12795076469.01,10766836276.56,12243505582.67,15107441446.78,16488403076.36,17189491403.15,17627060089.48,14953950557.44,15141758566.78,16242956764.30,17599660629.02
Germany,1771671207359.88,1868945197407.19,2131571696931.75,2071323790370.28,2205074123177.05,2585792275146.72,2497244606186.64,2211989623279.95,2238990774702.68,2194204133816.32,1943145384190.16,1944107382550.34,2068624129493.69,2496128668171.56,2809187981127.39,2845802760850.64,2992196713084.93,3421229126745.14,3730027830672.33,3397791053070.30,3396354075663.73,3744408602683.94,3527344944139.83,3732743446218.92,3883920155292.26,3360549973888.58,3466790065011.83,3656749414477.08,3947620162502.96
Ghana,5889174825.49,6596546195.65,6413901601.83,5966255778.12,5444560669.46,6465137614.68,6934984709.48,6891308593.75,7480968858.13,7719354838.71,4983024408.15,5314909953.93,6166330136.29,7632406552.84,8881368538.08,10731634116.74,20409668521.55,24758819717.71,28526891010.49,25977847813.74,32174772955.97,39566292432.86,41939728978.73,63277216928.51,53601126663.91,49181854798.26,55009730600.03,58996776237.76,65556464048.15
Gibraltar,..,..,..,..,..,..,..,..,..,..,..,..,..,..,..,..,..,..,..,..,..,..,..,..,..,..,..,..,..
Greece,97891090928.63,105143232379.88,116224673042.55,108809058858.50,116601802106.74,136878366230.33,145861612825.60,143157600024.96,144428172835.24,142540728958.02,130133845771.14,136191353467.56,153830947016.75,201924270316.03,240521260988.33,247783001865.44,273317737046.80,318497936901.18,354460802548.70,330000252153.38,299361576558.22,287797822093.18,245670666639.05,239862011450.10,237029579260.72,196591353761.23,195222443512.94,203085551429.13,218031844583.99
Greenland,1018970364.86,1016493394.83,1037921836.95,927219728.87,1005879948.43,1208946165.93,1197509786.68,1072147778.03,1149862702.96,1131561595.14,1068030829.76,1086172922.57,1169138789.31,1558753434.43,1822486688.59,1849805732.96,2013099482.07,2249811708.95,2499107510.64,2529948329.57,2503156060.53,2684467375.71,2609667673.72,2684952726.88,2842048997.77,2499115623.00,2707146783.13,..,..
Grenada,278098762.96,300757888.89,310160444.44,309812185.19,325111814.81,342172518.52,366911444.44,392190592.59,445903592.59,482009370.37,520044370.37,520444185.19,540336925.93,591018407.41,599118592.59,695370296.30,698700666.67,758683592.59,825976037.04,771275555.56,771013259.26,778655925.93,799882259.26,842620111.11,911497407.41,997007925.93,1061631222.22,1126882296.30,1185925925.93
Guam,..,..,..,..,..,..,..,..,..,..,..,..,3385000000.00,3560000000.00,3857000000.00,4197000000.00,4213000000.00,4375000000.00,4621000000.00,4781000000.00,4895000000.00,4928000000.00,5199000000.00,5336000000.00,5538000000.00,5710000000.00,5795000000.00,5851000000.00,5920000000.00
Guatemala,7650125217.35,9406097735.09,10440842165.32,11399942453.06,12983235568.23,14655404433.28,15674835615.31,17790026221.61,19395491992.99,18318412251.36,19288827158.90,18702802522.08,20776403774.12,21917430694.25,23965275794.37,27211377107.38,30231249625.13,34113107372.32,39136436613.76,37733609794.65,41338008612.77,47654783851.83,50388460924.73,53851153446.70,58722323918.16,63767597193.92,68663649521.70,75620081928.17,78460447919.99
Guinea,2666616176.92,3014890569.04,3284625277.16,3279063317.63,3383218922.79,3693753379.06,3869032270.92,3783788551.08,3588376057.02,3461282293.65,2995360969.16,2833442750.44,2949637039.04,3446442218.90,3666349049.43,2937071767.26,4220019242.75,6281917655.90,6964179193.84,6716904568.76,6853467857.61,6785137172.77,7638045254.43,8376613843.27,8778473614.55,8794202443.67,8603833218.24,10324668266.59,10907214993.57
Guinea-Bissau,243961995.51,257150374.07,226313443.75,236880821.66,235620043.50,253966922.28,270419779.42,268550998.22,206457544.50,224446663.80,370173838.65,392278168.20,415843482.00,476388260.64,531109356.17,586795675.42,591839470.67,695990208.38,864654795.29,826798659.77,849050127.50,1098379391.95,989327811.79,1045790132.99,1053512334.17,1047808175.00,1178204501.39,1346841897.00,1458156026.16
Guyana,396582263.29,348533094.81,373573141.49,454101382.49,540874934.20,621626785.92,705406001.42,749138009.56,717530683.17,694754988.26,712667896.73,712167575.62,726131434.72,743064076.79,787814379.18,824880550.34,1458453715.33,1740180444.26,1916994911.93,2061323853.89,2273225041.96,2576024115.58,2861562265.88,2987684170.24,3077643313.71,3197220338.98,3504024213.08,3555205811.14,3878662620.77
Haiti,3096289800.00,3473540601.82,2257121668.19,1878248741.05,2167564194.73,2813313278.81,2907514522.93,3338938830.02,3723909226.87,4153736347.44,3953846310.66,3596443004.56,3472191962.42,2960306120.94,3537720277.50,4310358095.63,4756204069.62,5885325589.98,6548530572.35,6584649419.28,6622541528.57,7516834160.25,7890647021.76,8485077205.26,8775444941.94,8724656126.50,7970649131.23,8409497402.46,9658721168.87
Honduras,4923009551.52,4648668478.57,4943700431.07,4926728932.95,4642280682.14,5347445005.21,5215028986.49,5737099650.19,6366340265.88,6414520529.62,7103507989.05,7565869927.74,7775078402.93,8140271080.56,8772146604.82,9672035709.40,10841742347.80,12275501784.30,13789715132.50,14587496229.18,15839344591.98,17710315006.00,18528601901.32,18499710127.84,19756494434.70,20979767785.21,21717622071.38,23136232229.61,24024189735.89
"Hong Kong SAR, China",76928290841.87,88959620135.89,104272278634.73,120353947980.76,135812069768.65,144652912433.10,159717233621.66,177352785419.98,168886163221.57,165768095391.56,171668164082.56,169403241524.34,166349228737.39,161384522525.30,169099768875.19,181570082162.19,193536265094.36,211597405593.87,219279678430.16,214046415026.19,228637697575.04,248513617677.29,262629441493.48,275696879834.97,291459356985.34,309383627028.56,320860698504.31,341687111841.09,362682018243.29
Hungary,..,34753569690.24,38730585920.95,40124916944.95,43166678731.41,46425677734.14,46658755151.60,47296952928.76,48706787306.26,49073380173.72,47218405892.43,53749989092.02,67608919144.37,85302003908.04,103960017914.06,112980947728.38,115577256523.60,139966001509.59,158136326477.97,130760312876.68,131135561228.37,141109576981.42,128153691809.35,135409048034.15,140558786480.46,124529741437.18,127507473625.63,141510583019.56,157882912778.25
Iceland,6478459746.96,6920116563.24,7091625419.01,6227928905.73,6399064571.29,7134341218.43,7438183246.62,7580988916.05,8494094642.91,8971609106.48,9003639475.42,8205357164.41,9294651863.32,11414054860.58,13834751482.01,16812529923.77,17216417442.29,21514962936.54,17905251832.05,13164652894.25,13683689802.28,15158548597.39,14724078264.24,16033517529.25,17758089312.49,17344165907.21,20716024757.41,24489493459.01,25878475760.11
India,320979026419.63,270105341879.23,288208430383.96,279296022987.92,327275583539.56,360281952716.80,392897054348.07,415867753863.87,421351477504.74,458820417337.81,468394937262.37,485441014538.64,514937948870.08,607699285433.87,709148514804.66,820381595512.90,940259888792.14,1216735441524.86,1198895582137.51,1341886602798.69,1675615335600.56,1823050405350.42,1827637859135.70,1856722121394.53,2039127446298.55,2103587813812.75,2290432075123.75,2652242857923.91,2718732231257.57
Indonesia,106140727357.04,116621996217.13,128026966579.96,158006700301.53,176892143931.51,202132028723.12,227369679374.97,215748998609.64,95445547872.72,140001351215.46,165021012077.81,160446947784.91,195660611165.18,234772463823.81,256836875295.45,285868618224.02,364570514304.85,432216737774.86,510228634992.26,539580085612.40,755094160363.07,892969107923.09,917869910105.75,912524136718.02,890814755233.23,860854235065.08,931877364177.74,1015423455783.28,1042173300625.55
"Iran, Islamic Rep.",124813263926.25,..,..,63743623232.01,71841461172.55,96419225743.62,120403931885.44,113919163421.12,110276913362.54,113848450088.35,109591707802.23,126878750295.96,128626917503.72,153544751395.43,190043433964.84,226452138291.54,266298911661.14,349881601458.56,406070949553.88,414059094949.06,487069570463.77,583500357530.41,598853401276.10,467414852231.30,434474616831.91,385874474398.59,418976679728.57,454012768723.59,..
Iraq,179885815374.72,..,..,..,..,..,..,..,..,..,..,..,..,..,36627901762.06,49954890353.26,65140293687.54,88840050497.10,131613661510.48,111660855042.74,138516722649.57,185749664444.44,218000986222.64,234637674957.12,234648370497.43,177498577312.92,174878976033.94,195473049875.11,224228010477.89
Ireland,49364679953.11,49847127139.05,55985505024.79,52480251773.46,57166035571.26,69222624368.69,75880630166.33,82826141595.03,90082051923.29,98692079266.99,99852958356.37,109135253959.73,127949875023.53,164284690067.72,193870692699.28,211649034697.18,232083467569.94,269917943471.12,275038896001.17,236316405946.10,222148757313.01,237472361872.56,224999484104.85,238543538776.68,258471885130.30,291499812103.65,300523297712.96,334834010485.56,382487490532.48
Isle of Man,..,..,..,..,..,914727080.64,1023086918.63,1180919719.41,1382548249.78,1567465656.85,1563667799.62,1659131243.74,1947332921.75,2328658227.85,2822358473.17,3032400000.00,3422651333.95,4466100440.18,5928601102.94,5487083657.89,5920177688.50,6566098381.67,6433357030.02,6754330154.76,7428280401.51,6792417112.30,6592627599.24,6770532818.53,..
Israel,59011278705.52,67558017658.49,75607012221.84,75985906529.18,86342662573.56,100384808654.07,109995847228.75,114692617005.86,115932846846.14,117111535207.87,132343042748.88,130756336685.93,121123828591.33,126965980061.92,135477431994.65,142528909909.31,154034316643.48,178959188651.69,216105164966.56,207468170892.35,233995676194.68,261468634231.20,257180147032.14,292636164000.64,309558454718.87,299813121212.64,318950599017.51,353253406954.97,370587977153.58
Italy,1181222652714.93,1246220155454.97,1320161645718.77,1064958075919.77,1099216688640.73,1174662070605.02,1312426527795.21,1241879604365.62,1270052525928.40,1252023758789.69,1143829832319.88,1167012796420.58,1270712309429.70,1574145823927.77,1803226967966.23,1857524312896.41,1947919708944.93,2210292636189.43,2398856598798.89,2191241872742.43,2134017843247.16,2291991045770.29,2087077032435.15,2141315327318.21,2159133919743.77,1835899237320.04,1875579883543.09,1956960611690.59,2083864259622.65
Jamaica,4592224067.37,4071219198.04,3530892749.02,5405097570.69,5419134875.34,6538840169.73,7368000000.00,8375077442.97,8763219645.29,8851581632.65,8985352831.94,9178016493.06,9694169756.90,9399447609.18,10150978154.55,11204416000.00,11901911987.86,12827809965.24,13680482787.00,12067478477.57,13220556882.70,14444655299.88,14807086889.21,14262589157.74,13897804560.35,14187696311.36,14075894320.32,14806340821.09,15713908816.15
Japan,3132817652848.04,3584420077100.84,3908809463463.86,4454143876947.21,4907039384469.68,5449116304981.10,4833712542207.10,4414732843544.43,4032509760872.94,4562078822335.45,4887519660744.86,4303544259842.72,4115116279069.77,4445658071221.86,4815148854362.11,4755410630912.14,4530377224970.40,4515264514430.57,5037908465114.48,5231382674593.70,5700098114744.41,6157459594823.72,6203213121334.12,5155717056270.83,4850413536037.84,4389475622588.97,4926667087367.51,4859950558538.97,4971323079771.87
Jordan,4160003917.43,4344250257.01,5390688437.78,5685784384.47,6326420495.21,6821989155.25,7024203102.96,7347574047.95,8023356840.62,8263921015.51,8579280677.01,9101452750.35,9716868829.34,10338730606.49,11571424541.61,12765218617.77,15268053596.62,17350521861.78,22279907002.96,24154000000.00,26795901408.45,29244647887.32,31371056338.03,34064873239.44,36329267605.63,38043450704.23,39196676056.34,40708943661.97,42231295774.65
Kazakhstan,26932728898.81,24881135586.40,24906939560.11,23409027475.69,21250839258.09,20374307047.12,21035357832.80,22165932062.97,22135245413.23,16870817134.78,18291990619.14,22152694161.89,24636593223.35,30833699702.76,43151647002.61,57123671733.90,81003884545.41,104849886825.58,133441612246.80,115308661142.93,148047348240.64,192626507971.58,207998568865.79,236634552078.10,221415572819.50,184388432148.72,137278320084.17,166805800595.70,179339994859.38
Kenya,8572359162.86,8151479004.21,8209129171.74,5751789915.05,7148145375.79,9046326059.99,12045858436.24,13115773737.57,14093998843.73,12896013576.73,12705357103.01,12986007425.88,13147743910.72,14904517649.85,16095337093.84,18737897744.79,25825524820.81,31958195182.24,35895153327.85,37021512048.82,40000088346.80,41953433591.41,50412754861.02,55096728047.94,61448046801.60,64007750178.50,69188755511.09,78757391333.02,87908262519.92
Kiribati,39809538.68,47515189.28,47737955.35,46919624.64,54832577.86,56338028.17,66515376.79,67537479.59,65334841.06,69032258.06,67254174.40,63101272.37,72196457.68,90231856.80,102367039.27,112133944.25,110234939.76,132671742.95,141042610.30,132420059.27,156120895.25,181705002.58,190243321.60,185113921.61,179703443.30,171117872.44,178328873.03,185572501.53,188284518.83
"Korea, Dem. People’s Rep.",..,..,..,..,..,..,..,..,..,..,..,..,..,..,..,..,..,..,..,..,..,..,..,..,..,..,..,..,..
"Korea, Rep.",279349355713.80,325734233312.88,350051111253.44,386302839273.92,455602962225.40,556130926912.75,598099073901.42,557503074772.15,374241351752.48,485248229336.65,561633125839.99,533052076313.53,609020054512.47,680520724062.40,764880644710.65,898137194716.19,1011797457138.50,1122679154632.41,1002219052967.54,901934953364.71,1094499338702.72,1202463682633.85,1222807284485.31,1305604981271.91,1411333926201.24,1382764027113.82,1414804158515.26,1530750923148.70,1619423701169.63
Kosovo,..,..,..,..,..,..,..,..,..,..,1849196082.06,2535333631.89,2406270658.23,2790455727.69,3556757428.82,3663101604.28,3846819721.49,4655899260.88,5687361945.22,5653823284.25,5830415894.04,6692431192.66,6499759732.75,7071982209.24,7386883375.35,6440067649.99,6714726769.91,7227700022.54,7938990793.20
Kuwait,18427777777.78,11008793176.22,19858555214.72,23941391390.73,24848483838.38,27191353887.40,31493319973.28,30355093966.37,25939960629.92,30123850197.11,37712842242.50,34887512226.93,38137545245.15,47876510067.11,59439090600.61,80798630136.99,101548931771.19,114639690358.90,147395089285.71,105963168867.27,115419050942.08,154027536231.88,174070025008.93,174161495063.47,162631763879.13,114567298105.68,109420059582.92,120707550280.25,140645364238.41
Kyrgyz Republic,2675000000.00,2569444444.44,2316562500.00,2028295454.55,1681006993.01,1661018518.52,1827570586.17,1767864035.72,1645963749.83,1249061487.01,1369688498.07,1525116370.28,1605643104.73,1919008090.50,2211534585.00,2460248026.18,2834168889.42,3802566170.82,5139957784.91,4690062255.12,4794357795.07,6197766118.60,6605139933.41,7335027591.92,7468096566.71,6678178340.45,6813092065.84,7702934800.13,8092836608.79
Lao PDR,865559856.16,1028087972.31,1127806944.62,1327748654.66,1543606345.12,1763536304.54,1873671550.35,1747011857.33,1280177838.72,1454430642.49,1731198022.45,1768619058.35,1758176653.08,2023324407.30,2366398119.88,2735558726.26,3452882514.00,4222962987.54,5443915120.51,5832915387.09,7127792629.58,8749241114.19,10191350119.68,11942230508.33,13268458231.93,14390442307.40,15805692545.87,16853087485.41,17953786416.14
Latvia,..,..,..,..,..,5770516257.84,5952007401.74,6508472054.20,7145882282.85,7518044679.32,7934206257.24,8334748153.12,9529948840.38,11731703357.52,14355307662.29,16909366521.47,21436812139.45,30897981124.33,35657998830.58,26250900750.63,23796118300.84,28246551197.14,28170812351.79,30276485435.75,31382780146.42,27090019662.80,27734140217.37,30198231776.37,34409229177.91
Lebanon,2838485353.96,4690415092.54,5843579160.90,7941744492.12,9599127049.94,11718795528.49,13690217333.27,15751867489.44,17247179005.52,17391056369.23,17260364842.45,17649751243.78,19152238805.97,20082918739.64,21145518599.87,21489962079.60,22048664306.20,24873482491.68,29227542759.60,35477299023.88,38419626534.00,40075674295.19,44230727694.86,46866579767.83,48296099502.49,49973893200.66,51239050082.92,53393799668.33,56639155555.56
Lesotho,596415104.55,704329192.77,831033941.09,835592802.28,878250450.60,1001889856.91,946123275.88,997996028.65,928458205.96,912771290.61,887295267.88,825706961.24,775780697.68,1157832934.55,1511236655.52,1682350934.85,1800105589.60,1716262753.00,1758534994.92,1773199523.23,2394600945.38,2792049477.27,2677545056.02,2533992455.33,2608269551.80,2289799039.80,2314323471.39,2565352373.27,2738786277.79
Liberia,..,..,..,..,..,..,..,..,..,..,874000000.00,906000000.00,927000000.00,748000000.00,897000000.00,949000000.00,1119000000.00,1373000000.00,1726000000.00,1768000000.00,1998000000.00,2398000000.00,2721000000.00,3067000000.00,3144000000.00,3177000000.00,3277826000.00,3285455000.00,3264000000.00
Libya,28901836158.19,31995012468.83,33881392045.45,30657030223.39,28607921928.82,25544128199.00,27884615384.62,30698633109.13,27249786142.00,35976714100.91,38270206950.41,34110064452.16,20481889763.78,26265625000.00,33122307692.31,47334148578.42,54961936662.61,67516236337.72,87140405361.23,63028320702.03,74773444900.54,34699395523.61,81873662518.82,65502870173.78,41142722414.34,27842131479.87,26197143268.12,37881431912.76,48364208571.43
Liechtenstein,1421466239.56,1484152022.32,1631197909.26,1673104493.77,1948118227.68,2428461395.35,2504033252.43,2298410390.68,2479721340.87,2664026095.06,2483953102.79,2491822706.80,2688630822.53,3070691319.52,3454362685.97,3659251525.86,4000239272.61,4601299566.81,5081432924.01,4504549214.23,5082366478.09,5739977477.48,5456009384.66,6391735893.84,6657170923.38,6268391521.20,6214633651.31,..,..
Lithuania,..,..,..,..,..,7870782260.52,8385109020.28,10120274492.88,11240360897.71,10972878636.17,11539211480.36,12252498921.02,14278357283.74,18802576988.16,22649930576.25,26125575942.28,30216060233.40,39738180076.63,47850551148.84,37440673477.90,37024718364.55,43419061504.44,42826586829.82,46450990764.25,48485169331.37,41392396557.63,43021972484.83,47632961168.41,53429066429.13
Luxembourg,13229247947.85,14321878795.04,16065740777.92,16486900186.57,18325791415.48,21588170498.08,21776609771.99,19731912494.36,20209122027.12,22235929043.26,21263514833.24,21272418791.95,23616328816.11,29557325056.43,34685281847.53,37347394602.66,42414308116.92,50888134410.07,55849686538.74,51370543206.45,53212476812.30,60004630234.41,56677961787.07,61739352212.30,66103853236.76,57744457954.73,60691483443.12,64023412339.71,70885325883.09
"Macao SAR, China",3220920084.78,3735117374.41,4879018601.91,5625533410.31,6265844252.10,6996034037.00,7122539666.60,7211264780.01,6742367273.27,6490571703.85,6720492405.84,6811227982.82,7322677820.10,8195033162.12,10585624890.93,12092222041.92,14789661809.18,18340447243.00,20917444919.64,21475520709.39,28123640998.73,36709860068.34,43031577366.43,51552075901.52,55347998647.82,45361678146.52,45387299721.08,50751059058.06,55084050789.72
North Macedonia,4699646643.11,4938775510.20,2436849341.98,2682456896.55,3556581986.14,4680078740.16,4651453634.09,3928975903.61,3756208791.21,3863743409.49,3772851420.25,3709637829.95,4018365247.44,4946292774.79,5682719260.08,6258600713.83,6861222331.96,8336478142.09,9909548410.83,9401731495.72,9407168702.43,10494632699.39,9745251126.01,10817712138.95,11362272837.88,10064515432.03,10672471860.72,11279509013.91,12672131053.16
Madagascar,3081479800.29,2653141958.53,3024459564.32,3370842210.91,2977040722.47,3159901231.97,3995028592.79,3545776697.12,3738704467.52,3717515282.53,3877673539.09,4529575347.57,4397254607.61,5474030080.24,4363934494.37,5039293030.82,5515884348.55,8524620739.24,10725137930.83,9616879571.46,9982711338.12,11551819617.63,11578974887.96,12423555269.39,12522957228.18,11323020828.58,11848613735.19,13176313593.55,13853432868.23
Malawi,1880771556.30,2203545856.67,1799517081.56,2070636935.59,1181802596.03,1397457932.31,2281034131.36,2663234933.90,1750584265.29,1775921718.11,1743506531.33,1716502862.30,3495748397.63,3208837077.25,3476094498.88,3655909664.14,3998020176.67,4432937045.80,5321012192.34,6191127665.20,6959655570.89,8004000737.31,6028487928.83,5518880768.58,6047813437.32,6373212640.85,5433040159.89,6303292264.19,7064971176.34
Malaysia,44024178343.01,49143148094.27,59167550162.96,66894837030.42,74478356957.78,88705342902.71,100855393910.49,100005323301.87,72167498980.84,79148421052.63,93789736842.11,92783947368.42,100845526315.79,110202368421.05,124749473684.21,143534102611.50,162691238209.48,193547824063.30,230813897715.69,202257625195.06,255016609232.87,297951960784.31,314443149443.15,323277158906.98,338061963396.38,301354756113.17,301255454041.42,318958236443.12,358581943446.26
Maldives,215089005.24,244468292.68,284853358.56,322326642.34,355884383.09,398988954.97,450382327.95,508223602.38,540096397.62,589239753.61,624337145.28,870179738.56,897031250.00,1052121054.69,1226829562.50,1163362437.50,1575200390.63,1868383460.94,2271646187.50,2345294875.00,2588176054.69,2774351760.03,2886170571.70,3295011381.75,3697351596.84,4109424799.72,4379136461.83,4735989972.05,5327457149.73
Mali,2681912030.49,2724131545.17,2830673388.82,2818280876.08,2081846482.75,2706425298.37,2780422212.27,2697105694.08,2920358586.75,3439463140.36,2954129565.83,3465305993.48,3889758023.74,4703504466.53,5444474268.42,6245031690.07,6899799785.84,8145694631.88,9750822511.48,10181021770.43,10678749467.47,12978107560.60,12442747897.22,13246412031.41,14345831014.63,13099497220.47,14010787737.84,15337740140.86,17163432832.10
Malta,2547163582.33,2750041434.26,3021910216.72,2709178326.78,2998570146.54,3439931906.61,3570271557.88,3705372038.71,3923637971.05,4127313818.34,4306192435.82,4331870647.72,4689832689.83,5456583589.39,6062780269.06,6394851386.64,6757119558.40,7880509170.54,8977149553.24,8528202278.41,8749171417.21,9510019134.83,9209873465.51,10154463059.25,11303729347.08,10715545898.63,11452895366.67,12768671649.78,14553422928.88
Marshall Islands,78476000.00,82507000.00,91063000.00,99461000.00,108071000.00,120230000.00,110858000.00,110705600.00,112279400.00,114326300.00,115347500.00,122824000.00,131738200.00,131398500.00,133806400.00,141922500.00,145474100.00,153884600.00,153135800.00,151772600.00,162164700.00,174332100.00,182874800.00,187707400.00,184689500.00,184599600.00,200558400.00,212881000.00,221278000.00
Mauritania,1019600785.27,1443688865.08,1464392418.44,1249945002.73,1315932648.19,1415296706.43,1442598431.74,1401946856.50,1375115531.95,1405662876.94,1293654176.88,1295539954.39,1324427093.65,1563074858.38,1833444739.62,2184447591.21,3040716679.08,3356753170.11,4031053345.26,3662279342.60,4337794152.83,5166346516.41,5231255478.39,5639818811.90,5391555433.76,4828858024.69,4679346590.91,4905893854.75,5234817927.17
Mauritius,2653480001.35,2856890680.60,3224267547.81,3263368410.02,3558137040.38,4040345933.29,4421943910.50,4187367601.73,4169664285.39,4343710332.81,4663313620.02,4613630622.78,4841310239.64,5816553826.86,6578844486.06,6488750452.60,7028803365.70,8150138757.16,9990370016.31,9128843109.16,10003670690.35,11518393367.24,11668685524.13,12129642296.44,12803445933.59,11692287066.38,12232463655.57,13259351418.45,14220348672.73
Mexico,261253582805.95,313142768453.49,363157598242.27,500736065605.34,527813238126.28,360073909243.86,410975595310.16,500413483109.18,526502129378.28,600232874042.93,707906744574.64,756706300589.79,772106378935.38,729336319677.45,782240601984.76,877476221382.10,975387131716.09,1052696282278.88,1109989063586.62,900045350649.35,1057801295584.05,1180489601957.61,1201089987015.45,1274443084716.57,1314563967425.24,1170564619927.69,1077903618176.07,1157736189998.15,1220699479845.98
"Micronesia, Fed. Sts.",147200000.00,166200000.00,178100000.00,198400000.00,202500000.00,221575348.03,218534683.23,206626303.65,218873091.44,220140471.85,233271799.46,240970948.95,242517241.24,245432897.20,240236020.57,250281881.17,253541864.15,256787150.87,263145104.61,280284568.06,296944122.02,311301557.09,327248654.76,317214350.10,319271156.35,316489947.49,332265162.50,366666808.58,401932279.02
Moldova,..,..,..,..,..,1752979926.41,1695122173.91,1930081168.83,1698717504.66,1170782957.37,1288429391.80,1480673594.06,1661818168.42,1980907434.77,2598249555.90,2988348836.47,3408244549.20,4401189466.14,6054849884.53,5439422031.40,6974960426.22,8414360571.11,8709165249.27,9496684621.98,9510219299.50,7745231660.33,8071480540.86,9669759987.03,11443671435.90
Monaco,2481316053.85,2480497538.55,2737067001.76,2574440022.98,2720297793.29,3130270895.14,3137848801.04,2840182220.99,2934578821.11,2906009307.67,2647883815.58,2671424966.44,2905840862.04,3589126975.17,4110169853.49,4203084193.51,4582988332.71,5867916780.73,6476490405.74,5451653237.01,5362649006.62,6080344731.72,5743029680.07,6553372278.28,7060236168.24,6258844405.01,6468694690.27,6415370746.00,7184844192.63
Mongolia,2560785660.00,2379018326.32,1317611863.85,768401634.15,925817092.22,1452165005.24,1345719472.36,1180934202.84,1124440248.98,1057408588.68,1136896123.61,1267997934.31,1396555719.97,1595297355.78,1992066808.10,2523471532.01,3414055566.11,4234999823.31,5623216448.87,4583850367.89,7189481824.07,10409797649.31,12292770631.20,12582122604.19,12226514722.09,11749620619.60,11186734674.38,11425755279.54,13066749138.33
Montenegro,..,..,..,..,..,..,..,..,..,..,984297589.36,1159869245.93,1284685050.52,1707710053.15,2073234417.68,2257174480.79,2721903148.91,3680710375.03,4545674527.61,4159328980.27,4139192052.98,4538199888.80,4087725812.67,4464261816.25,4587928884.17,4052913385.83,4374128318.58,4844592066.71,5504166666.67
Morocco,30180108561.93,32285388165.30,33711069430.78,31655473663.83,35604137422.58,39030285468.38,43161452678.44,39147844526.08,41806219378.62,41632027599.85,38857251336.34,39459581217.38,42236836820.62,52064058833.97,59626020162.38,62343022650.87,68640825480.92,79041294874.46,92507257783.57,92897320375.82,93216746661.60,101370474295.11,98266306615.36,106825649872.11,110081248587.37,101179808076.36,103311649248.02,109714300453.98,117921394402.36
Mozambique,..,3704316974.56,2644983401.52,2738413378.55,2793020800.86,2900913488.49,4163397088.64,4976735801.66,5613212495.58,5888561099.33,5553894130.24,5311092495.99,5623299277.81,6254047514.33,7589038159.89,8512116725.21,9149485071.34,10423424155.29,12574681497.58,11899763735.41,11087646867.94,14381552432.95,16350804543.05,16974320551.02,17716084107.59,15950969018.95,11936999283.18,13219084261.37,14717223206.90
Myanmar,..,..,..,..,..,..,..,..,..,..,8905066163.59,6477790688.23,6777632512.08,10467109977.67,10567354056.40,11986972418.51,14502553709.83,20182477480.55,31862554101.94,36906181380.81,49540813342.48,59977326085.99,59937797559.33,60269734044.53,65446199787.84,59687410896.57,63256184700.22,66719084253.48,71214803377.83
Namibia,2785764518.02,2992650454.50,3424733520.34,3218475900.48,3636645995.27,3942478205.73,3945340776.41,4102648719.62,3826527630.56,3818954447.99,3833993702.99,3476452446.22,3275669889.10,4811994024.88,6480441754.26,7121391945.65,7835043624.01,8740865600.25,8486721916.91,8876191120.76,11282192605.04,12409629835.70,13016272898.90,12717790504.50,12786078008.24,11650656642.27,11286139080.01,13566192144.46,14521711633.95
Nauru,..,..,..,..,..,..,..,..,..,..,..,..,..,..,..,..,..,20439158.42,39291316.03,44294212.93,49235796.71,72680074.93,103833367.70,108634964.60,117009639.22,99966636.16,102052700.54,113884908.36,125628504.25
Nepal,3627562402.66,3921476084.89,3401211581.29,3660041666.67,4066775510.20,4401104417.67,4521580381.47,4918691916.54,4856255044.39,5033642384.11,5494252207.91,6007055042.18,6050875806.66,6330473096.54,7273938314.72,8130258041.47,9043715355.89,10325618017.38,12545438605.40,12854985464.08,16002656434.47,18913574370.76,18851513891.07,19271168018.48,20002968837.95,21410840908.52,21185922407.59,25180583769.92,29040398982.35
Netherlands,318330511920.61,327500328264.97,362962871804.51,353550170028.48,379130260200.99,452301674444.14,450490196078.43,416812740004.52,438008220395.47,446898572341.79,416442786069.65,431213422818.79,471613965744.40,578792325056.43,657171591755.65,685092650167.89,733340860619.75,847481522036.68,947997656364.44,868077243678.80,846554894931.08,904085980796.02,838971306990.91,876923518850.41,890981311077.66,765264949781.00,783528181704.57,831809944960.88,913658465709.13
New Caledonia,2529310103.84,2653781596.46,2923764926.40,3070161471.04,3038727617.04,3628440274.67,3606968433.93,3291489840.57,3158806480.26,3056999988.09,2682347064.36,..,..,..,..,..,..,..,..,..,..,..,..,..,..,..,..,..,..
New Zealand,45495129385.05,42745329732.16,41649829859.63,46775620817.43,55314732279.14,63918703506.91,70140835299.01,66075143415.50,56227169851.04,58762260625.88,52623281956.70,53872425916.62,66627729311.45,88250885550.26,103905210084.03,114720129550.10,111608845081.38,137316087308.00,133280382371.55,121338622025.11,146583831538.33,168461998741.30,176193696737.93,190784384693.44,200834001603.85,177208110322.70,187854022728.46,202590814084.99,204923917869.36
Nicaragua,1009455483.87,1488804123.71,1792800000.00,1756454248.37,3863185119.05,4140470000.00,4308351902.79,4389965590.97,4635267224.84,4855717874.68,5107329007.09,5323146565.70,5224213017.54,5322454925.85,5795568204.65,6321335612.22,6763418645.81,7423367753.48,8496946608.23,8298679908.55,8758639096.48,9774262741.76,10531964139.35,10982979274.19,11880472593.21,12756706583.31,13286048705.50,13785943183.07,13063873077.85
Niger,2480673194.99,2327986215.86,2344987614.27,1606581743.78,1563207224.65,1880803361.69,1987770898.54,1845599608.44,2076737356.68,2018193703.06,1798374468.36,1945327564.65,2170481508.87,2731416346.48,3052898739.47,3405134831.85,3646728060.06,4291363390.91,5379299887.70,5373097440.57,5718664504.91,6409184724.23,6942258305.19,7667952566.39,8229731383.76,7217667780.60,7528285443.61,8119710126.33,9290938457.29
Nigeria,54035795388.09,49118433047.53,47794925814.76,27752204320.09,33833042987.76,44062465800.17,51075815092.50,54457835193.49,54604050168.18,59372613485.66,69448756932.58,74030364472.05,95385819320.57,104911947834.12,136385979322.44,176134087150.34,236103982431.64,275625684968.62,337035512676.94,291880204327.42,363359886203.41,410334579160.75,459376049764.00,514966287334.28,568498937615.66,494583180777.10,404649527537.75,375745486520.72,397269616080.91
Northern Mariana Islands,..,..,..,..,..,..,..,..,..,..,..,..,1284000000.00,1239000000.00,1210000000.00,1061000000.00,990000000.00,938000000.00,939000000.00,795000000.00,799000000.00,733000000.00,751000000.00,782000000.00,845000000.00,931000000.00,1250000000.00,1601000000.00,1323000000.00
Norway,119791683307.51,121872464483.49,130838040067.58,120579072750.60,127131461119.93,152029612324.79,163520109150.67,161356631888.48,154163364302.66,162284465073.34,171247131268.60,173972218824.03,195524186477.62,228858506821.84,264511630666.98,308884284051.22,345581369965.54,400937100158.66,462250000000.00,386190385318.77,428757038466.84,498283438454.28,509506317146.54,522761531914.89,498410050251.26,385801550067.17,368827142857.14,398393955268.99,434166615431.91
Oman,11685045513.65,11341482444.73,12452275682.70,12493107932.38,12918855656.70,13802600780.23,15277763329.00,15837451235.37,14085373211.96,15710148244.47,19507412223.67,19452015604.68,20142782834.85,21633810143.04,24763589076.72,31081924577.37,37215864759.43,42085305591.68,60905331599.48,48388296488.95,58642392717.82,67937581274.38,76689206762.03,78784395318.60,81076723016.91,68921456436.93,65941482444.73,70597919375.81,79276723016.91
Pakistan,40010424928.72,45451960731.72,48635176852.77,51478304859.59,51894781281.89,60636022422.62,63320122807.12,62433300338.09,62191955814.35,62973855718.89,73952374969.80,72309738921.33,72306820396.23,83244801092.71,97977766197.67,109502102510.88,137264061106.04,152385716311.92,170077814106.31,168152775283.03,177165635077.07,213587413184.00,224383620829.57,231218567178.98,244360888750.81,270556131701.17,278654637737.69,304567253219.10,314588210501.06
Palau,..,..,..,..,..,..,..,..,..,..,146113700.00,156737100.00,163026600.00,153761900.00,164886100.00,184468800.00,189028900.00,194630300.00,198024400.00,183369300.00,183498800.00,193143900.00,211103300.00,223388400.00,243147000.00,280376100.00,300125600.00,286321800.00,283994900.00
Panama,6433967000.00,7074675500.00,8042337700.00,8782585400.00,9365289800.00,9573813700.00,9870494000.00,10677286100.00,11575486400.00,12130252200.00,12304115000.00,12502013400.00,12994310400.00,13693981200.00,15013381700.00,16374393900.00,18141666300.00,21295984200.00,25155888600.00,27116635600.00,29440300000.00,34686200000.00,40429700000.00,45600000000.00,49921500000.00,54091700000.00,57957600000.00,62283800000.00,65055100000.00
Papua New Guinea,3219730365.00,3787394957.98,4377980510.06,4974550286.18,5502786069.65,4636057476.43,5155311077.39,4936615298.79,3789443014.62,3477038204.02,3521339699.07,3081024212.43,2999511040.20,3536411824.30,3927157866.96,4865892972.28,8355006711.25,9545177004.87,11670840924.14,11619637815.98,14250755221.51,17984910495.73,21295659249.24,21261432774.50,23210682536.84,21723531182.14,20759069104.55,22742613549.40,23497607690.12
Paraguay,5812114523.03,6984367762.90,7157424031.06,7249533620.31,7870982004.82,9062131475.02,9788391780.52,9965225678.05,9260481572.42,8837070235.52,8855705139.56,8495806432.18,7196260656.85,7691367471.18,9624440836.29,10737500188.11,13429430050.26,17856270473.15,24578067861.40,22341754513.96,27215968615.55,33715524703.93,33283228891.09,38585317742.98,40276532540.88,36164068797.25,36054281572.40,39008900331.67,40496953779.07
Peru,26410386669.36,34341465998.20,35966302303.26,34832077220.85,44882079766.89,53312793687.38,55252414130.30,58147522522.52,55501467877.38,50187324567.88,51744749133.21,52030158775.41,54777553515.08,58731030121.87,66768703497.57,76060606060.61,88643193061.75,102170981144.14,120550599815.44,120822986521.48,147528937028.78,171761737046.59,192648999090.08,201175469114.33,200789362451.57,189805300841.60,191895943823.89,211007207483.52,222044970486.22
Philippines,44311593755.78,45417561302.25,52976344928.96,54368083953.11,64084460124.46,74119987244.50,82848140618.03,82344260570.67,72207028767.76,82995145792.93,81026300310.01,76262072467.38,81357605641.85,83908206647.93,91371242495.08,103071582125.97,122210716311.05,149359918060.00,174195136253.39,168334601260.08,199590775190.26,224143083706.78,250092092998.14,271836123723.68,284584522898.87,292774099013.69,304897590205.41,313619747740.19,330910343610.96
Poland,65977748210.53,85500935934.99,94337050693.27,96045645026.18,110803391516.70,142137319587.63,159942880456.96,159117799530.39,174388271853.60,169717677900.73,171885598582.64,190521263343.02,198680637254.90,217513049291.61,255102252843.40,306125173852.57,344748646558.39,429063549983.74,533815789473.68,439796160379.48,479321460551.19,528832185770.22,500360816827.88,524234322596.98,545389126644.48,477576866958.48,472028000405.80,526216495118.14,585663814824.04
Portugal,78713859794.68,89233599833.50,107592098901.10,95009751901.26,99688640942.03,118122007430.01,122630089680.27,117016535162.95,123946327916.30,127427343916.47,118310710337.20,121498889485.46,134156091661.96,164862142212.19,189034502110.75,197180330804.63,208581694893.99,240190803449.22,262344779551.78,243701635176.44,237880908317.65,244797226567.11,216236608773.98,226369502104.24,229596170847.00,199313894327.49,206286022781.89,220811110492.15,240674524464.24
Puerto Rico,30603919000.00,32287031000.00,34630430000.00,36922456000.00,39690630000.00,42647331000.00,45340835000.00,48187039000.00,54086400000.00,57841000000.00,61701800000.00,69208400000.00,71623500000.00,74827400000.00,80322313000.00,83914521300.00,87276164400.00,89524131600.00,93639300000.00,96385600000.00,98381300000.00,100351700000.00,101564800000.00,102450000000.00,102445800000.00,103375500000.00,104336700000.00,104250200000.00,101130900000.00
Qatar,7360439423.08,6883516483.52,7646153983.52,7156593653.85,7374450769.23,8137911978.02,9059340384.62,11297802115.38,10255495027.47,12393131868.13,17759890109.89,17538461538.46,19363736263.74,23533791208.79,31734065934.07,44530494505.49,60882142857.14,79712087912.09,115270054945.06,97798351648.35,125122306346.15,167775274725.28,186833516483.52,198727747252.75,206224725274.73,161739835164.84,151732142857.14,166928571428.57,191362087912.09
Romania,38995454545.45,28998684210.53,25121666666.67,26362894736.84,30074440483.38,37435317265.13,36937074278.30,35574916294.64,41694118972.51,35952781582.21,37253259017.00,40394824679.12,46066101951.29,57806506024.10,74972669056.59,98452791982.70,122022997508.01,174585202805.23,214313628965.02,174103695930.21,166225180150.41,183443154234.73,171196268957.96,190949066979.18,199626806401.53,177893451831.14,188494136775.72,211695422578.66,239552516744.47
Russian Federation,516814274021.96,517962962962.96,460290556900.73,435083713850.84,395077301248.46,395537185734.85,391724890744.50,404928954191.88,270955486862.44,195907128350.93,259710142196.94,306602070620.50,345470494417.86,430347770731.79,591016690742.80,764017107992.39,989930542278.70,1299705764823.62,1660846387624.78,1222644282201.86,1524917468442.01,2051661732059.78,2210256976945.38,2297128039058.21,2059984158438.46,1363594369577.82,1282723881134.01,1578624060588.26,1657554647149.87
Rwanda,2550185618.15,1911600969.77,2029026704.03,1971525998.88,753636370.45,1293535010.94,1382334879.41,1851558301.70,1989343495.22,1817654508.16,1734938652.21,1674685248.20,1677552332.40,1846198770.59,2088961968.94,2581313485.69,3194248865.75,3875655218.44,4924731465.94,5450464409.09,5849863212.53,6646901207.97,7428848122.02,7621924854.17,8016593394.23,8277614580.59,8475622319.01,9140429057.89,9508715596.44
Samoa,125766269.76,125597205.42,132303041.36,133122897.20,221098106.51,224865731.38,249908970.66,285475591.90,269481523.20,258833766.58,269019710.33,273088357.16,288078881.43,338838639.38,420320176.36,465568018.30,505832439.82,570469196.67,619260721.58,584706020.21,663161528.41,737401684.08,760549577.70,770021643.56,756919933.52,788307314.85,799376440.00,831903814.09,820491798.30
San Marino,..,..,..,..,..,..,..,..,..,1215640315.36,1101897917.82,1160626398.21,1253529079.62,1600451467.27,1877328035.76,1958711603.03,2092585622.88,2488365726.80,2752307016.26,2363156432.34,2139072847.68,2054489852.65,1800077091.10,1865374402.55,1788510017.25,1523012088.28,1564380530.97,1632860040.57,..
Sao Tome and Principe,..,..,..,..,..,..,..,..,..,..,..,75951127.73,85171074.21,102085766.47,114582285.80,136450661.34,142775106.81,149146923.10,188021168.84,187821029.03,197454052.15,233213521.69,252560556.02,302925488.13,348941656.44,318265835.26,347545391.79,375040173.82,422296762.32
Saudi Arabia,117630271802.40,132223268491.32,137087876662.22,132967901415.22,135174886488.65,143343036341.79,158662398744.99,165963557409.88,146775498080.00,161716960000.00,189514926213.33,184137469733.33,189605920240.00,215807655253.33,258742133333.33,328459608764.11,376900133511.35,415964509673.12,519796800000.00,429097866666.67,528207200000.00,671238840106.67,735974843360.00,746647127413.33,756350347333.33,654269902880.00,644935541440.00,688586133333.33,786521831571.96
Senegal,7237100724.34,7111252865.85,7602005274.44,7189226453.28,4908415368.78,6176312552.14,6413189839.20,5915250258.28,6368265193.70,6512207622.20,5924239700.82,6174898370.14,6752510282.96,8683229268.12,10167441854.47,11022821631.87,11847848224.89,14285970085.14,16949789464.53,16248212852.22,16215069255.59,17878780184.89,17825417949.41,18960182371.47,19770840285.99,17767704596.93,19027392875.85,21081669869.98,24129599551.79
Serbia,..,..,..,..,..,16750000000.00,20948677839.85,24147996549.57,18284194680.38,18409364146.98,6540247190.34,12267175481.25,16116843146.48,21188704081.24,24861483280.63,27683225959.25,32482070360.32,43170990616.47,52194221468.50,45162894380.93,41819468691.83,49258136128.97,43309252921.06,48394239474.68,47062206677.65,39628550868.75,40630392018.54,44120424391.86,50597289146.70
Seychelles,368584758.94,374359556.08,433667193.81,473916819.45,486451204.56,508221508.22,503068472.20,562958836.52,608369282.23,622985493.68,614879764.78,622262057.19,697518248.18,705704816.04,839319927.27,919103254.55,1016418229.25,1033561654.06,967199593.96,847397850.09,969936525.30,1065826669.90,1060226125.63,1328157608.83,1343007845.04,1377495054.04,1427524565.30,1503168689.82,1590180446.19
Sierra Leone,649644826.80,779981458.92,679997997.60,768812334.80,911915970.68,870758739.41,941742152.71,850218033.62,672375927.35,669384768.87,635874002.20,1090467712.31,1253340519.53,1385810072.19,1448536630.88,1650494367.00,1885112201.85,2158496872.86,2505458705.03,2453899846.88,2578026297.16,2942546781.05,3801862611.36,4920343194.99,5015157815.73,4218723875.14,3674794530.19,3739577973.24,4085114794.22
Singapore,36144336768.70,45466164978.29,52130263965.62,60603478153.24,73690847191.31,87810991957.10,96295886524.82,100124191810.35,85728310229.45,86284660766.96,96074477958.24,89794943349.89,92537752708.59,97645448283.78,115035498757.54,127807618360.97,148630373214.17,180941941477.01,193611986712.84,194152286008.94,239809387605.43,279351168707.27,295087220933.02,307576360584.99,314851156183.41,308004146057.61,318068476293.88,338406474038.67,364156657769.87
Sint Maarten (Dutch part),..,..,..,..,..,..,..,..,..,..,..,..,..,..,..,..,..,..,..,..,..,..,..,..,..,..,..,..,..
Slovak Republic,12747380523.11,14272201508.22,15495514426.19,16520676622.16,20162935816.82,25840146405.23,27925036755.39,27706028095.62,29856000671.22,30453383763.05,29169953012.71,30752150335.57,35130340673.82,46816589164.79,57332015147.75,62785305310.28,70708098105.63,86454081576.79,100469509301.30,89046289247.01,90183986821.64,98997521242.39,94416582465.28,98723944143.69,101171217100.82,88457167724.28,89640741266.03,95241436351.76,105904632155.76
Slovenia,18198205508.47,13263688695.65,13101056603.77,13258920423.28,15049621395.35,21352223817.23,21507233002.83,20763101590.64,22146232111.94,22711383651.94,20289627636.68,20876309575.52,23489889975.06,29634713062.59,34414784504.24,36206396343.74,39481044912.81,48006373117.99,55552508715.39,50368056543.48,48161250935.02,51516367349.89,46580457470.28,48401896409.98,49930685013.46,43090173061.97,44651537259.97,48441722815.61,54007972106.46
Solomon Islands,302515026.89,320355090.61,378778047.20,410923236.19,464756638.51,519334096.71,565163750.56,567919502.81,471177008.06,482214092.31,435103853.49,400463452.07,341661643.55,332738245.91,375111894.93,413909879.28,456705434.00,516074228.96,608229326.66,597765363.13,681151193.50,932725583.34,1063879445.83,1129787198.20,1172268300.95,1154650068.86,1230459709.77,1309631135.23,1395608472.01
Somalia,917044228.01,..,..,..,..,..,..,..,..,..,..,..,..,..,..,..,..,..,..,..,..,..,..,3892402684.76,3963532309.00,4048860871.41,4198485403.88,4508845348.33,4720727278.19
South Africa,115552349035.44,123942759156.42,134544563096.78,134308050011.81,139752515748.81,155460927990.38,147606294673.67,152587423868.18,137774755609.07,136632320704.65,136361298082.06,121514658737.17,115482368343.66,175256916996.05,228590027400.65,257772710832.95,271638484826.11,299415505152.30,286769839732.73,295936485832.64,375349442837.24,416418874936.30,396332702639.50,366829390478.95,350904575292.32,317620522794.83,296357282715.11,349554116683.82,368288939768.32
South Sudan,..,..,..,..,..,..,..,..,..,..,..,..,..,..,..,..,..,..,14586253365.77,12231264525.07,14602072425.39,14907308933.93,11931472172.58,18426469030.21,13962212837.47,11997800751.06,..,..,..
Spain,536558591903.36,577166174219.38,630916018690.07,525075636161.59,530562634952.18,614609020549.77,642588992512.81,590077272727.27,619214834614.10,634693160025.57,596877648793.07,627286800894.86,705394315829.10,905492099322.80,1067093369754.16,1153285660987.44,1259343871534.31,1472131125102.66,1625224842536.99,1485583495415.39,1420722034063.00,1478772824224.03,1324820091194.67,1354757433212.72,1369398844599.58,1195119269971.52,1232076017361.53,1309309642308.24,1419041949909.82
Sri Lanka,8032551173.24,9000362581.58,9703011635.87,10338679635.76,11717604208.82,13029697560.98,13897738375.25,15091913883.71,15794972847.17,15656327859.57,16330814179.98,15749753804.83,16536535647.08,18881765437.22,20662525941.30,24405791044.78,28279814924.59,32350248410.82,40713812309.73,42066217871.53,56725749221.90,65292753005.47,68434409315.11,74317806538.36,79356449840.58,80604080688.58,82401038709.54,88019706803.83,88900770857.64
St. Kitts and Nevis,217258907.78,220539518.52,242135407.41,263754666.67,295157666.67,313483370.37,333946111.11,374640306.97,383257146.03,406597041.49,433520483.45,475443702.96,497328958.59,486344344.34,529250444.44,577730925.93,657227370.37,723938703.70,793368444.44,767066407.41,760170370.37,817759259.26,800414814.81,839774074.07,916566666.67,923155555.56,971166666.67,996944444.44,1010822222.22
St. Lucia,518433324.81,548819074.07,602911074.07,612538814.81,638422518.52,682370000.00,705672777.78,721068259.26,784752481.48,824732888.89,834327296.30,798333814.81,805069148.15,883314333.33,954317407.41,1015934666.67,1134567222.22,1279428222.22,1286720333.33,1278745518.52,1399203481.48,1444269666.67,1440016851.85,1483814333.33,1559072148.15,1659110888.89,1701596814.81,1816728740.74,1921848222.22
St. Martin (French part),..,..,..,..,..,..,..,..,..,..,..,..,..,..,..,..,..,..,..,..,..,..,..,..,..,..,..,..,..
St. Vincent and the Grenadines,240365262.59,254829629.63,277954111.11,286307814.81,289438481.48,316008481.48,331489703.70,347770000.00,373619851.85,390719148.15,396261370.37,430039296.30,461883444.44,481806296.30,521975111.11,550728666.67,610930037.04,684446259.26,695428851.85,674922481.48,681225962.96,676129407.41,692933740.74,721207407.41,727714814.81,755400000.00,774429629.63,792177777.78,811300000.00
Sudan,12408647540.98,11379222222.22,7034219712.53,8881785938.48,12794192334.25,13829744878.64,9018243044.45,11681494637.30,11250327988.05,10682045258.36,12257418326.07,13182979783.53,14803189092.70,17646503525.17,21457470202.78,26524538565.74,35822408611.56,45898948564.06,54526580231.56,53150209167.93,65634109236.77,67327289319.73,68125631150.29,72065940085.77,82151588418.83,96741742021.67,95558220776.92,123053386001.14,40851536133.76
Suriname,388400000.00,448100000.00,404600000.00,428764705.88,605492537.31,691590497.74,861411471.32,926422500.00,1110850000.00,886290697.67,947671969.70,834279357.80,1093574468.09,1274190311.42,1484092538.41,1793388732.29,2626380435.18,2936612021.86,3532969034.61,3875409836.07,4368398047.64,4422276621.79,4980000000.00,5145757575.76,5240606060.61,4787367928.12,3166040522.75,3068766109.75,3590753768.84
Eswatini,1114703088.16,1156141998.33,1284766234.22,1357206995.75,1419293455.00,1698982437.76,1602760100.48,1716699913.19,1576904292.46,1547884442.26,1738100848.10,1542477354.99,1432228172.70,2197612760.59,2770082815.21,3178126547.93,3291353812.86,3469363931.16,3294093359.62,3580417156.54,4438778553.64,4820499498.18,4886658800.24,4597702897.95,4422304976.53,4073390988.35,3840677844.58,4446248678.17,4710618471.93
Sweden,259702295566.67,271983749284.83,281993200315.95,211209754092.04,227272161741.84,265392735480.07,289755592007.16,266383711639.97,268916086994.81,272292917312.16,261337451703.74,241018965834.39,265336496492.80,332269146581.26,382624474411.14,389752445437.64,420223767314.52,487972865005.62,515413663880.08,435114191643.37,495328620126.03,572744002632.36,550926978153.43,584637790103.99,580249344644.96,503650641896.13,515744370225.39,540545236387.73,556086488936.56
Switzerland,258066552980.13,261113787377.96,271814366804.15,264353008121.28,292646657673.47,342617336152.22,330091423948.22,286518982980.78,295044833770.18,289912794567.97,272055305542.40,278631192225.65,301416655973.31,352914531818.52,394164053076.00,408689367169.93,430921199553.36,479913362212.60,554363401347.98,541506295377.26,583783396408.58,699579502158.20,668043476123.36,688504215507.03,709182183359.84,679832391757.54,671308872735.11,679950915261.12,705140354166.31
Syrian Arab Republic,12308624283.98,12981833333.33,13253565898.96,13695962019.21,10122020000.00,11396706586.83,13789560878.24,14505233968.87,15200846138.46,15873875968.99,19325894913.13,21099833783.50,21582248881.66,21828144686.04,25086930693.07,28858965517.24,33332844574.78,40405006007.21,..,..,..,..,..,..,..,..,..,..,..
Tajikistan,2629395066.27,2534720480.32,1909246640.81,1646693642.11,1522018435.70,1231567145.36,1043654822.34,921572114.53,1320242080.87,1086605267.41,860521119.30,1080768906.50,1221120798.81,1555301496.05,2076182460.87,2312327536.42,2830220713.07,3719506172.84,5161337336.40,4979481980.35,5642178579.58,6522732202.51,7633049792.09,8448469837.54,9112544556.06,7854602391.65,6952678127.03,7157865188.25,7522947810.12
Tanzania,4258743262.83,4956588278.56,4601413263.53,4257702196.54,4510846967.87,5255221424.81,6496195450.61,7683852496.84,12270448700.20,12711213451.03,13375976353.70,13581644245.74,14142035080.28,15224257698.48,16675948414.76,18399046025.27,18649590248.26,21843529024.92,27941177434.51,29081425282.29,32014249841.42,34657139495.40,39650530214.33,45680532613.76,49964788814.09,47378599025.30,49774021003.07,53320625958.56,58001200572.40
Thailand,85343063965.92,98234695722.03,111452869378.47,128889832382.82,146683499005.96,169278552851.27,183035154107.49,150180268649.39,113675706127.27,126668932159.51,126392308497.75,120296746256.63,134300851255.00,152280653543.73,172895476152.59,189318499954.00,221758486880.31,262942650543.77,291383081231.82,281710095724.76,341105009515.33,370818747396.83,397558094269.88,420333333333.33,407339361695.58,401295970240.34,412352789519.61,455275517239.35,504992757705.00
Timor-Leste,..,..,..,..,..,..,..,..,..,..,367085715.69,477454392.38,469459037.83,490397950.78,440730847.38,462259749.48,453793943.46,542793414.47,648490994.28,726880268.12,881825544.16,1054725856.53,1147780082.93,1395525350.39,1447312263.56,1596658766.71,1656039024.03,1609669330.12,1568611562.01
Togo,1628427515.42,1602299862.92,1692959110.18,1233496846.33,982624324.51,1309382885.33,1465448290.34,1498950899.09,1587345950.97,1576094566.49,1488185772.48,1481141849.98,1698678686.38,2111093197.99,2255942249.33,2280575830.08,2349495620.59,2659095101.10,3310277926.59,3365711796.38,3429461495.41,3872459249.75,3873308389.30,4321655656.33,4574986536.91,4180866177.04,4486979198.31,4819949975.18,5356344850.49
Tonga,113563821.58,132201141.45,137066290.55,138489884.39,193775943.04,202547013.93,219583570.09,212155124.65,188686997.32,196686674.67,202363492.16,181244788.47,182737040.10,202543202.00,229358214.79,262176133.73,294137737.07,300143056.87,349484427.61,318166562.78,369485198.82,423011844.33,472358251.22,450686353.67,443911052.25,435438217.28,401109307.36,430174168.74,450353313.88
Trinidad and Tobago,5068000000.00,5307905882.35,5439552941.18,4669488516.38,4947205860.01,5329214163.22,5759537726.27,5737751331.64,6043694330.22,6808982520.76,8154338232.96,8824873259.32,9008273720.93,11305459802.07,13280275123.04,15982282462.38,18369361094.39,21641620049.94,27871587349.54,19172165225.50,22157948396.20,25433011405.30,25763220107.01,27268478564.55,27615843098.09,25062893969.33,22284780326.89,22474828527.18,23808146747.80
Tunisia,12290568181.82,13074782608.70,15497286295.79,14608946896.48,15632463424.28,18030876599.34,19587322786.11,20746360430.42,21803372266.62,22943685719.10,21473188881.59,22066101341.49,23142294436.24,27453084982.54,31183139301.49,32273007553.57,34378437265.21,38908069299.20,44856586316.05,43454935940.16,44050929160.26,45810626509.45,45044112939.37,46251061734.47,47632326088.24,43173480831.97,41802653631.28,39813383483.51,39871132267.94
Turkey,150676291094.21,150027833333.33,158459130434.78,180169736363.64,130690172297.30,169485941048.04,181475555282.56,189834649111.26,275768693191.09,255884300638.53,272979390333.74,200251925227.88,238428125942.40,311823003788.62,404786739602.81,501416301536.12,552486912921.99,675770112179.99,764335657637.62,644639901973.70,771901768870.08,832523680908.06,873982246611.95,950579413122.56,934185915386.10,859796872677.61,863721648068.81,852676778300.89,771350330455.27
Turkmenistan,3189539641.32,3208098919.01,3200539816.06,3179225948.58,2561118608.36,2482228439.71,2378759975.45,2450349634.47,2605688065.08,2450564467.58,2904662604.82,3534803921.57,4461978498.87,5977560877.44,6838351088.47,8103901996.37,10276674364.90,12664165103.19,19271523178.81,20214385964.91,22583157894.74,29233333333.33,35164210526.32,39197543859.65,43524210526.32,35799714285.71,36180000000.00,37926285714.29,40761142857.14
Turks and Caicos Islands,..,..,..,..,..,..,..,..,..,..,..,358744800.00,366707910.00,409753640.00,485598810.00,578645760.00,721891470.00,773489740.00,862683630.00,703175750.00,686787810.00,728789570.00,715722770.00,740776770.00,823968140.00,893501650.00,950357510.00,962525840.00,1022312010.00
Tuvalu,8824447.74,9365165.91,9742949.47,9630762.95,10886825.56,11025945.14,12334846.23,12700905.45,12757632.87,13687141.11,13742057.05,13196544.95,15450994.24,18231078.54,21534931.61,21839098.89,22902861.45,27030996.03,30290770.26,27101312.79,31824701.28,38713279.62,37671734.49,37507514.54,37291841.43,35492333.86,36547419.87,40620557.13,42587778.47
Uganda,4304398865.88,3321729057.12,2857457860.05,3220439044.19,3990430446.71,5755818947.42,6044585326.94,6269333313.17,6584815846.53,5998563257.95,6193246837.10,5840503868.57,6178563590.89,6336696288.98,7940362799.18,9013834373.41,9942597779.99,12292813603.23,14239026629.64,18168902153.88,20186496527.13,20176025256.92,23114293416.39,24599550623.73,27291879819.36,27102650386.60,24133664284.51,25995031850.15,27461440192.35
Ukraine,81456918678.50,77464561149.51,73942235330.44,65648559903.06,52549555149.20,48213868178.09,44558077827.14,50150399791.65,41883241471.74,31580639045.45,31261527363.14,37972301334.67,42351593887.28,50084197498.45,64819702951.68,86057915585.30,107647920792.08,142579603960.40,179816790704.74,117113410001.03,136013155905.04,163159671670.27,175781379051.43,183310146378.08,133503411375.74,91030959454.70,93355993628.50,112190355158.18,130832374404.88
United Arab Emirates,50701443748.30,51552165622.45,54239171887.77,55625170253.34,59305093979.84,65743666575.86,73571233996.19,78839008444.57,75674336283.19,84445473110.96,104337372362.15,103311640571.82,109816201497.62,124346358066.71,147824370319.95,180617467954.23,222116541865.21,257916133424.10,315474615738.60,253547358747.45,289787338325.39,350666031313.82,374590605854.32,390107556160.65,403137100068.07,358135057862.49,357045064669.84,377701060177.47,414178942592.48
United Kingdom,1093169389204.55,1142797178130.51,1179659529659.53,1061388722255.55,1140489745944.29,1341584345905.00,1415358814352.57,1559078258022.27,1650172242464.39,1682399288141.08,1657816613708.58,1640246149417.01,1784473920863.31,2053018775510.20,2416931526913.22,2538680000000.00,2713749770009.20,3100882352941.18,2922667279411.76,2410909799034.12,2475244321361.11,2659310054646.23,2704887678386.72,2786022872706.81,3063803240208.01,2928591002002.51,2694283209613.29,2666229179958.01,2855296731521.96
United States,5963144000000.00,6158129000000.00,6520327000000.00,6858559000000.00,7287236000000.00,7639749000000.00,8073122000000.00,8577554463000.00,9062818211000.00,9630664202000.00,10252345464000.00,10581821399000.00,10936419054000.00,11458243878000.00,12213729147000.00,13036640229000.00,13814611414000.00,14451858650000.00,14712844084000.00,14448933025000.00,14992052727000.00,15542581104000.00,16197007349000.00,16784849190000.00,17521746534000.00,18219297584000.00,18707188235000.00,19485393853000.00,20544343456936.50
Uruguay,9298839655.23,11205971155.28,12878199880.98,15002106518.48,17474647792.38,19297663096.55,20515543039.21,23969823010.44,25385928198.32,23983945190.62,22823255801.84,20898788416.63,13606494599.43,12045631092.54,13686329890.12,17362857684.87,19579457964.75,23410572633.29,30366213118.41,31660911278.56,40284481653.43,47962439302.67,51264390114.23,57531233351.21,57236013057.64,53274304222.18,52687612262.18,56488991831.02,59596885024.35
Uzbekistan,13360607917.88,13677622222.22,12941297376.09,13099013835.51,12899156990.62,13350468917.41,13948892215.57,14744603773.58,14988971210.84,17078465982.03,13760513969.31,11401421329.20,9687788512.80,10134453435.46,12030023547.88,14307509838.81,17330833852.92,22311393927.88,29549438883.83,33689223673.26,46679875793.57,56516280748.38,63628854498.50,68997168337.68,76658542757.47,81847410181.80,81779012350.88,59159945320.57,50499921557.51
Vanuatu,158397403.04,188869985.67,196142585.01,188080374.40,219260341.05,233902114.87,245177633.17,255890221.80,262301252.77,267999225.26,272014693.05,257926881.72,262603781.80,314463144.04,364996869.13,394962552.34,439376794.09,526428309.95,607958616.14,610066628.69,700804286.22,792149700.68,781702874.11,801787555.86,814954306.97,759689950.93,804332795.58,880043553.75,914301119.29
"Venezuela, RB",48598315565.03,53476971830.99,60401798245.61,60065011013.22,58418666666.67,77407726244.34,70543211119.10,85843534588.62,91331203433.16,97976886247.32,117140723529.41,122903960204.51,92893587733.65,83620628582.11,112453382329.62,145510008134.75,183477522123.89,230364012575.69,315953388510.68,329787628928.47,393192354510.65,316482190800.36,381286237847.67,371005379786.57,482359318767.70,..,..,..,..
Vietnam,6471740805.57,9613369520.42,9866990236.44,13180953598.17,16286433533.32,20736164458.95,24657470574.75,26843700441.55,27209602050.05,28683659006.78,31172518403.32,32685198735.31,35064105500.83,39552513316.07,45427854693.26,57633255618.27,66371664817.04,77414425532.25,99130304099.13,106014659770.22,115931749697.24,135539438559.71,155820001920.49,171222025117.38,186204652922.26,193241108709.54,205276172134.90,223779865815.18,245213686369.16
Virgin Islands (U.S.),..,..,..,..,..,..,..,..,..,..,..,..,3269000000.00,3453000000.00,3799000000.00,4439000000.00,4504000000.00,4803000000.00,4250000000.00,4203000000.00,4339000000.00,4239000000.00,4095000000.00,3762000000.00,3622000000.00,3748000000.00,3863000000.00,3855000000.00,..
West Bank and Gaza,..,..,..,..,2843300000.00,3282800000.00,3409600000.00,3759800000.00,4067800000.00,4271200000.00,4313600000.00,4003700000.00,3555800000.00,3968000000.00,4329200000.00,4831800000.00,4910100000.00,5505800000.00,6673500000.00,7268200000.00,8913100000.00,10465400000.00,11279400000.00,12476000000.00,12715600000.00,12673000000.00,13425700000.00,14498100000.00,14615900000.00
"Yemen, Rep.",5647119229.01,5930370370.37,6463649985.02,5368270614.85,4167356037.15,4258788725.45,5785685310.87,6838557384.40,6325141675.87,7641102523.15,9652436179.65,9861560094.74,10694628091.67,11777966673.39,13872791658.55,16746344766.20,19061978586.13,21650532264.23,26910851361.76,25130274124.25,30906749533.22,32726417878.39,35401339869.31,40415233436.18,43228585321.33,42628328212.10,30968242967.78,26818703092.59,26914402223.78
Zambia,3285217391.30,3378882352.94,3181921787.71,3273237853.36,3656647744.25,3807067121.86,3597220962.00,4303281932.29,3537683046.02,3404311976.55,3600683039.73,4094480988.12,4193845678.17,4901839731.27,6221077674.78,8331870169.15,12756858899.28,14056957976.26,17910858637.90,15328342303.96,20265556273.58,23460098339.75,25503370699.20,28045460442.19,27150630607.20,21243350632.50,20954754378.14,25868142076.79,26720073435.90
Zimbabwe,8783816700.00,8641481700.00,6751472200.00,6563813300.00,6890675000.00,7111270700.00,8553146600.00,8529571600.00,6401968200.00,6858013100.00,6689957600.00,6777384700.00,6342116400.00,5727591800.00,5805598400.00,5755215200.00,5443896500.00,5291950100.00,4415702800.00,9665793300.00,12041655200.00,14101920300.00,17114849900.00,19091020000.00,19495519600.00,19963120600.00,20548678100.00,22813010116.13,31000519447.18
