Afghanistan,9.89,38.24,14.14,14.15,13.26,11.74,9.00,11.92,8.32,7.08,6.55,18.99,54.13,64.96,91.74,109.73,109.55,183.86,173.55,215.29,213.64,223.98,213.94,159.67,148.12,124.20,115.01,105.02,101.93
Albania,3.36,101.61,126.16,83.87,50.85,56.65,71.54,53.44,85.90,157.03,102.90,87.75,100.74,114.92,99.42,104.63,108.28,103.92,123.79,122.00,125.32,130.62,120.38,93.25,97.32,116.35,59.47,58.54,119.62
Algeria,12.88,8.00,13.87,11.81,10.47,10.28,10.49,8.33,13.91,4.51,6.44,6.32,5.84,7.42,9.70,10.48,7.15,11.56,9.35,8.56,5.59,5.27,3.94,5.33,4.13,1.79,3.56,4.22,3.41
American Samoa,..,..,..,..,..,..,..,..,..,..,..,..,..,..,..,..,..,..,..,..,..,..,..,..,..,..,..,..,..
Andorra,..,..,..,..,..,..,..,..,..,..,..,..,..,..,..,..,..,..,..,..,..,..,..,..,..,..,..,..,..
Angola,22.43,22.62,27.15,22.13,33.11,29.86,31.89,23.85,21.83,24.42,18.43,16.68,23.63,27.23,61.02,21.34,8.12,12.44,17.01,10.61,10.07,7.97,9.70,10.98,8.74,13.63,7.16,7.49,5.18
Antigua and Barbuda,73.73,114.10,72.44,45.61,61.90,33.06,55.15,60.67,136.29,145.16,129.97,111.12,172.55,71.00,23.65,98.94,39.66,59.39,71.08,49.11,223.34,172.77,23.12,17.37,27.55,15.92,0.63,103.95,174.27
Argentina,5.26,8.40,7.96,7.24,4.68,4.25,3.47,2.78,2.05,2.26,2.02,4.23,2.63,3.09,2.53,2.41,2.91,2.27,3.12,2.87,3.19,2.35,4.26,0.82,1.14,-0.44,0.06,-0.03,1.60
Armenia,..,0.78,6.52,32.55,58.25,67.67,92.25,53.07,62.49,67.74,70.33,69.32,97.30,82.97,85.35,57.90,72.81,120.00,101.81,140.44,111.33,130.71,93.81,96.76,91.82,118.77,111.18,87.00,47.12
Aruba,482.39,386.40,439.36,342.88,238.07,321.20,234.74,293.38,129.01,-82.92,..,..,..,..,..,..,..,..,..,..,..,..,..,..,..,..,..,..,..
Australia,..,..,..,..,..,..,..,..,..,..,..,..,..,..,..,..,..,..,..,..,..,..,..,..,..,..,..,..,..
Austria,..,..,..,..,..,..,..,..,..,..,..,..,..,..,..,..,..,..,..,..,..,..,..,..,..,..,..,..,..
Azerbaijan,..,0.04,1.01,3.18,19.62,15.55,12.41,23.48,15.21,21.42,17.47,28.47,42.93,36.68,21.17,25.07,24.03,24.86,25.69,24.32,17.28,31.37,30.85,-7.52,22.73,7.21,8.14,12.54,8.45
"Bahamas, The",12.29,10.57,10.64,4.28,3.63,15.67,..,..,..,..,..,..,..,..,..,..,..,..,..,..,..,..,..,..,..,..,..,..,..
Bahrain,277.26,185.77,153.15,207.81,174.30,177.17,228.66,252.60,325.44,97.21,90.93,101.51,83.77,169.22,70.16,..,..,..,..,..,..,..,..,..,..,..,..,..,..
Bangladesh,17.34,15.27,13.88,10.56,12.28,8.97,8.20,7.18,7.98,8.03,7.65,7.06,6.09,9.66,10.38,9.00,7.29,9.17,12.24,7.42,8.99,9.63,14.26,17.24,15.68,16.59,16.03,23.68,18.84
Barbados,8.74,8.86,4.87,18.87,10.95,1.92,21.46,21.78,63.79,-2.18,6.63,1.17,17.37,77.53,110.07,-2.28,-3.21,67.10,33.15,41.80,55.22,..,..,..,..,..,..,..,..
Belarus,..,..,..,..,..,..,..,..,..,..,..,..,..,..,..,6.00,7.78,8.94,11.66,10.33,14.36,12.65,10.87,11.32,12.73,11.02,-2.35,-26.34,12.34
Belgium,..,..,..,..,..,..,..,..,..,..,..,..,..,..,..,..,..,..,..,..,..,..,..,..,..,..,..,..,..
Belize,161.66,113.90,134.62,157.42,159.51,90.98,98.43,62.14,63.06,198.34,65.30,88.17,88.73,47.06,24.23,41.30,26.53,71.16,76.17,83.39,75.05,63.56,77.54,148.30,106.29,78.32,94.90,90.69,87.09
Benin,53.61,51.59,50.46,52.11,44.87,47.51,47.31,35.21,31.72,31.88,35.65,39.63,30.37,40.16,50.55,43.73,48.72,56.22,73.21,75.75,74.93,71.09,52.20,65.99,58.26,41.29,46.06,60.85,49.65
Bermuda,711.16,-79.97,-85.33,-81.82,-210.38,-34.81,-67.69,..,..,..,..,..,..,..,..,..,..,..,..,..,..,..,..,..,..,..,..,..,..
Bhutan,78.09,103.55,99.01,115.92,136.15,129.92,105.45,107.56,92.92,113.55,79.69,90.47,97.43,116.05,112.91,121.42,140.58,143.85,117.66,149.44,141.85,171.14,230.41,192.61,181.68,133.65,70.04,158.99,133.18
Bolivia,70.66,68.15,91.73,74.75,72.20,89.06,97.71,79.16,67.85,62.95,50.61,78.78,68.67,85.63,77.92,58.80,85.96,45.91,60.60,61.88,55.76,53.46,63.76,66.62,63.00,72.80,63.13,84.80,64.03
Bosnia and Herzegovina,0.00,0.00,3.71,17.22,103.79,252.23,226.28,230.74,245.02,343.61,196.72,170.44,147.84,144.04,182.27,143.38,142.57,159.22,123.86,111.71,137.95,170.92,157.57,147.13,180.98,103.92,131.74,131.44,105.77
Botswana,112.86,98.82,81.60,92.84,59.40,61.03,49.56,78.95,67.43,37.81,18.63,17.27,21.89,16.17,26.40,26.83,36.28,56.02,377.47,144.54,77.84,58.80,35.83,52.06,47.58,30.90,41.93,46.30,36.59
Brazil,1.17,1.29,-1.53,1.26,1.63,1.63,1.57,1.37,1.53,0.84,1.46,1.42,1.32,1.26,0.97,1.17,0.59,1.73,2.44,1.93,2.37,4.26,6.47,5.75,4.51,4.91,3.27,1.32,2.05
British Virgin Islands,318.49,334.33,295.04,176.20,575.65,74.04,62.04,95.09,59.03,127.83,..,..,..,..,..,..,..,..,..,..,..,..,..,..,..,..,..,..,..
Brunei Darussalam,15.00,13.60,19.61,18.00,18.17,14.44,..,..,..,..,..,..,..,..,..,..,..,..,..,..,..,..,..,..,..,..,..,..,..
Bulgaria,..,..,..,..,..,..,..,..,..,..,..,..,..,..,..,..,..,..,..,..,..,..,..,..,..,..,..,..,..
Burkina Faso,37.06,46.37,46.61,49.10,44.12,48.61,40.42,34.61,36.48,35.34,15.49,32.73,35.81,42.74,49.68,52.02,65.12,66.15,68.10,71.57,66.94,61.06,69.54,61.21,63.88,55.13,55.21,46.45,56.23
Burundi,48.27,46.07,54.40,37.42,52.74,47.93,18.24,9.21,11.11,11.98,14.63,21.34,25.64,32.94,50.31,49.64,56.79,64.17,64.04,68.56,72.34,63.88,56.69,58.58,52.36,36.08,70.81,40.25,40.25
Cabo Verde,311.53,294.60,327.41,314.05,317.93,299.60,294.44,274.60,314.58,325.77,221.05,179.16,208.83,323.01,314.88,351.75,296.50,349.53,461.44,404.32,663.71,503.89,486.19,479.06,446.47,292.05,216.96,228.86,152.99
Cambodia,4.60,9.66,20.21,29.54,28.78,47.44,35.01,28.74,26.58,21.14,28.43,29.58,32.23,34.47,31.15,34.12,35.34,46.50,44.12,45.26,47.58,47.58,54.65,53.79,52.55,43.75,46.20,53.45,47.30
Cameroon,37.72,42.53,57.18,42.27,55.28,32.65,29.45,34.86,33.87,28.75,24.31,28.76,37.03,52.71,45.24,23.49,94.18,103.57,28.66,32.53,26.56,29.28,27.79,34.06,37.74,28.51,31.62,49.52,46.17
Canada,..,..,..,..,..,..,..,..,..,..,..,..,..,..,..,..,..,..,..,..,..,..,..,..,..,..,..,..,..
Cayman Islands,118.13,-10.93,0.00,-15.82,-33.43,-17.72,-59.59,..,..,..,..,..,..,..,..,..,..,..,..,..,..,..,..,..,..,..,..,..,..
Central African Republic,88.68,60.25,60.03,56.38,53.45,52.06,51.12,26.99,34.71,33.38,20.85,20.48,15.78,13.27,27.79,22.03,32.44,42.88,60.93,55.59,59.49,60.83,51.40,45.60,136.87,108.33,111.64,111.40,140.51
Chad,52.08,42.60,37.24,34.05,31.31,33.53,40.79,30.38,22.45,23.34,15.72,21.73,25.42,26.88,34.11,38.27,27.80,34.02,39.51,48.30,41.01,37.02,37.16,34.74,28.68,42.97,42.88,43.13,56.56
Channel Islands,..,..,..,..,..,..,..,..,..,..,..,..,..,..,..,..,..,..,..,..,..,..,..,..,..,..,..,..,..
Chile,8.22,9.26,9.96,12.82,10.96,11.18,13.48,8.84,7.18,4.69,3.29,3.60,-0.45,5.07,3.38,10.55,6.05,6.43,6.16,4.50,10.66,9.35,7.36,4.58,13.83,3.02,9.80,3.80,..
China,1.79,1.67,2.57,2.72,2.63,2.87,2.18,1.68,1.98,1.92,1.39,1.18,1.18,1.06,1.32,1.38,0.97,1.10,0.99,0.86,0.50,-0.45,-0.13,-0.48,-0.69,-0.22,-0.57,-0.71,-0.53
Colombia,3.05,3.89,6.93,3.03,2.57,4.99,5.26,5.06,4.67,8.16,5.11,9.93,11.21,19.67,12.74,15.08,23.26,16.96,22.13,23.67,14.88,22.20,16.59,18.44,26.06,28.53,22.97,17.39,35.50
Comoros,109.04,149.34,109.68,108.22,83.72,87.51,80.22,60.16,78.81,41.77,35.60,49.78,48.43,42.20,43.33,37.83,51.08,70.21,63.97,75.42,101.36,78.34,140.37,109.55,98.70,84.61,67.56,82.59,104.03
"Congo, Dem. Rep.",25.88,13.24,7.19,4.58,6.08,4.68,3.89,3.60,2.83,2.95,3.79,5.09,23.58,105.34,36.16,34.35,38.84,23.07,29.25,37.83,53.96,82.79,41.24,36.21,32.53,34.09,26.68,28.17,29.85
"Congo, Rep.",92.14,55.02,46.19,48.58,138.22,46.85,154.82,93.70,22.02,46.25,10.28,22.96,17.26,20.34,32.99,393.50,68.97,30.01,121.31,68.50,307.71,59.44,31.07,32.66,22.42,18.29,17.45,20.94,27.55
Costa Rica,71.33,57.47,48.43,34.73,25.60,13.00,-0.06,1.01,7.83,0.89,6.43,3.54,3.23,9.61,6.10,7.61,7.33,14.62,17.28,24.91,22.09,7.67,6.07,6.92,11.38,22.96,20.56,20.05,18.84
Cote d'Ivoire,57.56,50.95,58.98,57.54,116.03,85.38,65.79,29.54,62.05,27.93,21.33,11.04,61.95,14.42,8.94,4.97,13.18,8.92,29.82,119.80,41.17,68.37,134.98,57.66,40.84,28.06,25.85,33.92,38.04
Croatia,..,..,0.00,..,23.57,11.53,29.25,8.90,8.69,10.74,14.66,26.08,30.36,27.98,27.80,28.64,45.58,37.80,55.93,39.22,30.63,..,..,..,..,..,..,..,..
Cuba,4.89,3.46,2.31,4.07,4.35,5.84,5.23,5.95,7.26,5.36,4.05,4.89,5.55,6.82,8.84,8.00,7.30,8.58,11.17,10.03,11.80,7.77,7.62,8.82,23.13,49.27,238.03,64.79,65.87
Curacao,..,..,..,..,..,..,..,..,..,..,..,..,..,..,..,..,..,..,..,..,..,..,..,..,..,..,..,..,..
Cyprus,50.13,50.77,32.69,41.28,52.60,25.05,25.85,..,..,..,..,..,..,..,..,..,..,..,..,..,..,..,..,..,..,..,..,..,..
Czech Republic,..,..,..,..,..,..,..,..,..,..,..,..,..,..,..,..,..,..,..,..,..,..,..,..,..,..,..,..,..
Denmark,..,..,..,..,..,..,..,..,..,..,..,..,..,..,..,..,..,..,..,..,..,..,..,..,..,..,..,..,..
Djibouti,350.63,176.59,182.41,217.35,206.58,167.45,150.83,129.60,119.01,107.36,100.67,81.04,99.20,104.34,83.37,94.69,145.21,139.88,172.50,200.32,157.14,165.64,171.01,168.97,184.83,189.71,199.49,150.93,184.93
Dominica,278.90,250.52,180.03,125.79,275.75,351.63,608.01,206.24,275.70,142.19,219.38,282.65,423.84,156.49,417.72,299.06,278.01,274.74,301.86,507.40,457.83,344.63,361.87,282.75,229.16,164.51,120.18,265.75,371.66
Dominican Republic,12.74,10.65,10.77,0.54,7.63,13.79,10.40,7.98,13.07,22.23,7.24,13.64,18.46,9.68,11.60,10.44,8.14,15.49,18.75,14.58,19.99,24.72,26.19,14.62,16.35,27.23,16.99,11.19,8.15
Ecuador,14.14,18.89,20.65,16.94,17.13,16.38,20.37,13.23,14.84,12.31,12.24,13.26,17.77,15.17,13.56,18.65,15.21,16.09,17.09,15.13,11.23,11.89,9.57,9.58,10.35,19.62,14.78,12.11,23.20
"Egypt, Arab Rep.",108.05,94.19,63.71,41.50,44.07,32.54,34.49,30.97,29.82,24.00,19.92,18.54,18.31,13.97,20.26,13.85,11.82,14.56,21.20,12.11,7.24,5.01,20.98,62.36,39.12,27.31,25.81,0.34,20.97
El Salvador,62.33,50.96,66.97,62.13,49.15,49.60,48.17,46.28,32.33,33.87,32.68,42.68,41.84,35.27,39.40,36.10,29.32,17.61,39.68,47.49,48.90,47.88,35.25,26.99,15.58,14.18,20.29,23.73,38.71
Equatorial Guinea,143.68,143.65,138.22,113.83,62.05,67.23,59.75,44.53,39.68,34.79,35.09,20.96,30.61,30.48,40.66,50.87,33.41,38.17,37.27,35.25,90.15,24.88,14.01,4.30,0.46,6.41,5.69,5.49,4.22
Eritrea,1.99,..,0.44,30.25,69.49,67.28,71.70,56.26,76.51,66.98,77.66,119.89,91.36,121.86,96.89,123.73,43.24,52.90,47.48,45.71,51.19,41.51,..,..,..,..,..,..,..
Estonia,..,..,..,..,..,..,..,..,..,..,..,..,..,..,..,..,..,..,..,..,..,..,..,..,..,..,..,..,..
Ethiopia,21.08,22.01,22.61,20.29,19.27,15.37,13.87,9.54,10.56,10.00,10.39,16.19,18.89,22.46,24.65,25.27,25.92,32.31,40.00,44.86,39.42,38.78,34.98,40.74,36.54,32.12,39.42,38.76,45.14
Faroe Islands,..,..,..,..,..,..,..,..,..,..,..,..,..,..,..,..,..,..,..,..,..,..,..,..,..,..,..,..,..
Fiji,67.56,60.93,84.27,79.26,51.08,55.20,59.65,56.15,46.10,43.66,36.21,32.17,41.91,62.80,80.12,80.43,67.40,60.85,53.33,77.80,88.20,87.31,121.81,105.38,108.77,117.98,134.59,166.28,125.76
Finland,..,..,..,..,..,..,..,..,..,..,..,..,..,..,..,..,..,..,..,..,..,..,..,..,..,..,..,..,..
France,..,..,..,..,..,..,..,..,..,..,..,..,..,..,..,..,..,..,..,..,..,..,..,..,..,..,..,..,..
French Polynesia,1298.92,1528.87,1576.83,1583.21,1717.62,2067.81,1817.50,1619.41,1599.39,1488.01,..,..,..,..,..,..,..,..,..,..,..,..,..,..,..,..,..,..,..
Gabon,138.21,146.25,68.33,97.94,171.23,132.49,113.67,34.02,38.15,39.86,9.65,6.87,55.62,-8.27,29.58,36.17,21.82,36.13,42.22,49.68,65.43,41.23,39.35,47.99,59.07,50.72,20.67,51.51,54.84
"Gambia, The",101.78,100.27,105.93,80.03,62.96,40.25,30.98,32.40,31.86,26.90,37.67,38.77,45.91,43.65,40.99,39.36,47.25,59.27,56.02,71.93,67.53,73.43,72.95,57.19,49.57,54.62,42.80,125.77,102.03
Georgia,..,0.04,4.18,21.34,36.67,44.88,68.88,55.64,49.17,59.38,42.17,73.27,79.73,57.87,80.01,75.17,92.05,98.94,212.58,208.18,155.51,145.10,176.78,173.85,151.57,120.51,124.14,119.83,158.04
Germany,..,..,..,..,..,..,..,..,..,..,..,..,..,..,..,..,..,..,..,..,..,..,..,..,..,..,..,..,..
Ghana,37.89,57.78,39.24,38.94,33.07,38.20,37.30,27.59,38.34,32.43,31.16,32.64,34.05,47.47,66.71,52.84,55.24,50.64,55.69,65.56,68.49,71.05,69.21,49.92,41.25,63.57,46.30,43.37,35.85
Gibraltar,19.21,88.55,108.88,-0.35,19.93,7.32,-8.28,12.58,7.35,0.98,..,..,..,..,..,..,..,..,..,..,..,..,..,..,..,..,..,..,..
Greece,..,..,..,..,..,..,..,..,..,..,..,..,..,..,..,..,..,..,..,..,..,..,..,..,..,..,..,..,..
Greenland,..,..,..,..,..,..,..,..,..,..,..,..,..,..,..,..,..,..,..,..,..,..,..,..,..,..,..,..,..
Grenada,143.26,170.54,133.07,80.12,237.64,107.89,117.33,87.43,61.36,101.53,164.05,109.35,98.62,103.65,149.50,502.57,255.50,248.03,301.55,433.22,318.64,112.64,71.29,115.84,364.64,219.89,77.82,52.67,275.45
Guam,..,..,..,..,..,..,..,..,..,..,..,..,..,..,..,..,..,..,..,..,..,..,..,..,..,..,..,..,..
Guatemala,20.07,20.16,20.43,22.02,19.27,19.73,17.17,23.54,20.68,24.67,22.38,19.05,20.74,20.74,18.25,20.58,37.37,33.94,38.52,26.58,27.48,23.65,19.97,31.84,17.57,25.31,16.01,21.68,22.82
Guinea,45.90,57.77,66.60,59.49,50.59,57.21,39.93,49.78,45.74,29.53,18.62,34.36,29.60,28.63,30.79,21.18,18.60,27.07,36.06,21.84,21.68,19.40,59.46,42.92,50.50,47.14,48.28,39.14,47.57
Guinea-Bissau,129.56,113.10,105.16,90.60,163.51,108.00,162.73,109.96,83.17,44.68,67.49,49.46,47.73,113.28,59.27,49.64,64.03,88.96,93.78,100.68,84.72,77.19,50.04,64.09,65.14,54.71,110.42,62.01,81.29
Guyana,221.67,171.60,90.14,116.65,89.74,89.44,116.72,310.74,100.00,74.19,85.21,85.77,63.45,79.56,135.89,135.84,173.53,104.60,161.20,148.76,141.99,140.45,152.13,133.34,210.39,41.88,90.62,65.96,131.50
Haiti,22.12,23.77,13.73,16.17,80.93,84.55,41.98,34.97,42.93,25.70,21.46,19.75,17.36,20.98,30.96,39.87,56.88,65.57,85.48,101.12,290.46,149.15,124.22,110.77,102.60,97.78,98.86,89.33,89.20
Honduras,82.95,58.76,59.99,53.45,46.13,65.63,40.64,45.57,45.58,118.37,60.82,83.27,55.14,44.64,74.09,87.06,67.88,52.19,57.90,51.33,56.57,42.36,65.53,71.13,67.70,59.31,44.48,46.83,68.83
"Hong Kong SAR, China",6.69,6.27,-6.72,5.13,4.45,2.88,2.05,..,..,..,..,..,..,..,..,..,..,..,..,..,..,..,..,..,..,..,..,..,..
Hungary,..,..,..,..,..,..,..,..,..,..,..,..,..,..,..,..,..,..,..,..,..,..,..,..,..,..,..,..,..
Iceland,..,..,..,..,..,..,..,..,..,..,..,..,..,..,..,..,..,..,..,..,..,..,..,..,..,..,..,..,..
India,1.60,3.07,2.67,1.58,2.46,1.80,1.94,1.64,1.58,1.44,1.31,1.61,1.59,0.65,0.69,1.63,1.19,1.12,1.68,2.02,2.29,2.62,1.33,1.92,2.31,2.42,2.02,2.39,1.81
Indonesia,8.78,9.71,10.22,9.83,7.76,6.36,5.29,3.93,6.15,10.22,7.78,6.80,5.96,7.89,0.44,11.00,5.36,3.17,4.87,3.78,5.47,1.46,0.28,0.28,-1.50,-0.11,-0.41,1.06,3.54
"Iran, Islamic Rep.",1.89,3.35,1.80,2.35,2.15,3.04,2.64,3.18,2.57,2.49,1.98,1.72,1.70,1.92,2.74,1.44,1.66,1.45,1.39,1.27,1.52,1.42,2.01,1.72,1.05,1.41,1.46,1.74,2.03
Iraq,3.62,30.88,7.50,8.90,12.97,16.52,16.83,10.35,5.33,3.37,4.33,5.07,4.55,89.21,176.74,819.29,323.86,329.77,348.22,96.34,73.24,62.32,40.79,46.49,39.79,41.69,62.49,77.42,59.84
Ireland,..,..,..,..,..,..,..,..,..,..,..,..,..,..,..,..,..,..,..,..,..,..,..,..,..,..,..,..,..
Isle of Man,..,..,..,..,..,..,..,..,..,..,..,..,..,..,..,..,..,..,..,..,..,..,..,..,..,..,..,..,..
Israel,294.40,353.50,403.23,240.67,229.15,60.52,389.45,..,..,..,..,..,..,..,..,..,..,..,..,..,..,..,..,..,..,..,..,..,..
Italy,..,..,..,..,..,..,..,..,..,..,..,..,..,..,..,..,..,..,..,..,..,..,..,..,..,..,..,..,..
Jamaica,112.23,67.24,49.95,42.26,48.29,45.19,24.39,29.52,8.85,-6.54,5.32,22.02,10.59,3.89,31.83,15.97,14.78,11.44,32.28,54.47,50.21,14.52,9.87,25.04,33.39,20.43,9.24,21.03,33.66
Japan,..,..,..,..,..,..,..,..,..,..,..,..,..,..,..,..,..,..,..,..,..,..,..,..,..,..,..,..,..
Jordan,266.88,249.78,106.91,73.98,84.76,117.78,107.56,98.09,83.72,86.49,108.19,86.31,105.82,243.14,108.35,123.12,95.73,100.96,111.96,107.41,131.48,127.12,143.06,164.35,302.37,231.05,285.61,304.61,253.51
Kazakhstan,..,6.78,0.73,0.94,3.26,3.72,7.61,8.10,13.97,11.27,12.42,10.07,12.74,19.42,18.14,14.87,11.68,16.87,21.54,18.32,12.99,12.14,7.85,5.33,5.37,4.66,3.53,3.30,4.14
Kenya,49.79,37.37,34.94,35.03,25.15,26.40,20.86,15.25,13.73,10.01,16.08,14.38,11.50,15.08,18.41,20.66,25.01,34.35,34.26,43.58,38.81,57.41,59.84,72.65,56.98,51.45,44.61,49.39,48.42
Kiribati,266.30,259.46,340.93,201.15,185.99,186.95,163.37,196.17,213.60,252.86,200.60,128.95,230.46,182.70,160.89,288.55,270.50,285.00,273.18,249.18,230.94,616.26,617.37,602.37,737.36,585.50,540.68,675.82,640.33
"Korea, Dem. People’s Rep.",0.38,0.42,0.51,0.66,0.26,0.62,1.16,3.96,4.67,8.84,3.21,5.10,11.33,5.57,6.78,3.66,2.29,4.12,8.48,2.67,3.21,4.80,3.95,4.38,6.13,5.22,4.73,5.23,4.72
"Korea, Rep.",1.22,1.26,-0.07,-0.79,-2.56,1.26,-3.27,-3.47,-1.09,-1.18,..,..,..,..,..,..,..,..,..,..,..,..,..,..,..,..,..,..,..
Kosovo,..,..,..,..,..,..,..,..,..,..,..,..,..,..,..,..,..,..,..,444.02,297.08,325.62,313.95,311.69,318.03,242.98,203.74,214.33,186.88
Kuwait,6.14,5.79,..,..,..,2.63,..,..,..,..,..,..,..,..,..,..,..,..,..,..,..,..,..,..,..,..,..,..,..
Kyrgyz Republic,..,..,4.67,21.04,37.90,53.65,44.13,39.96,41.14,42.06,39.47,26.17,31.76,34.56,40.49,46.08,51.85,48.31,59.47,51.90,68.29,79.40,83.91,94.32,107.37,130.05,85.45,75.02,65.42
Lao PDR,24.61,24.91,31.77,33.59,40.38,50.86,50.18,48.16,41.26,47.91,43.88,37.83,42.66,45.49,40.79,41.95,52.55,57.88,75.64,60.68,62.28,58.60,63.73,64.72,71.45,69.88,58.35,69.06,80.03
Latvia,..,..,..,..,..,..,..,..,..,..,..,..,..,..,..,..,..,..,..,..,..,..,..,..,..,..,..,..,..
Lebanon,101.92,42.87,35.81,43.24,67.00,54.21,65.16,71.41,92.28,51.90,52.36,49.85,48.78,121.83,58.36,49.10,172.08,205.35,224.22,120.52,89.86,91.40,128.48,105.10,131.09,147.81,168.28,191.29,207.28
Lesotho,81.66,70.76,80.32,78.51,62.12,59.33,53.36,46.49,30.96,15.68,18.29,27.29,37.93,39.21,47.51,34.29,35.77,65.88,72.82,61.44,128.31,128.14,137.10,158.08,52.45,42.01,54.01,69.65,72.03
Liberia,54.79,77.26,59.75,61.89,31.92,60.21,79.92,32.54,28.60,34.80,23.67,13.03,18.18,34.70,68.05,69.01,78.37,324.39,346.58,136.05,363.91,189.74,137.03,126.15,171.94,244.72,178.56,134.11,118.44
Libya,1.88,1.65,0.71,0.60,0.81,1.18,0.75,0.78,1.07,0.89,..,..,..,..,..,4.11,6.37,3.25,12.25,6.53,1.23,102.62,13.86,20.38,33.05,24.52,27.65,65.63,45.42
Liechtenstein,..,..,..,..,..,..,..,..,..,..,..,..,..,..,..,..,..,..,..,..,..,..,..,..,..,..,..,..,..
Lithuania,..,..,..,..,..,..,..,..,..,..,..,..,..,..,..,..,..,..,..,..,..,..,..,..,..,..,..,..,..
Luxembourg,..,..,..,..,..,..,..,..,..,..,..,..,..,..,..,..,..,..,..,..,..,..,..,..,..,..,..,..,..
"Macao SAR, China",0.67,0.34,0.36,0.49,0.77,-10.40,0.81,0.90,1.22,0.76,..,..,..,..,..,..,..,..,..,..,..,..,..,..,..,..,..,..,..
North Macedonia,..,..,..,1.67,52.61,39.73,52.97,49.15,52.14,136.81,123.28,121.22,133.66,129.59,128.34,110.37,97.35,97.72,98.10,93.87,93.84,92.78,71.21,94.76,101.99,103.07,80.91,72.02,81.58
Madagascar,34.22,38.11,29.39,28.50,22.05,22.22,25.51,58.38,32.73,23.71,20.58,23.03,22.30,31.56,70.35,49.96,41.55,46.15,42.37,21.12,22.57,20.57,16.49,21.74,24.93,27.96,24.97,30.47,26.30
Malawi,53.20,57.24,59.68,51.22,48.34,44.20,49.14,33.52,41.19,41.16,40.20,35.96,32.42,43.30,41.25,45.43,55.72,57.46,67.36,54.76,69.94,53.35,76.05,71.50,57.16,62.67,72.16,85.88,70.05
Malaysia,25.88,15.55,10.65,4.82,3.29,5.21,-21.72,-11.15,9.12,6.44,2.10,1.24,3.69,4.47,11.88,1.14,9.21,7.57,5.74,5.04,-0.22,1.42,0.63,-3.85,0.67,-0.02,-1.69,-0.94,-1.21
Maldives,70.13,117.61,131.00,109.40,110.58,206.54,102.21,88.99,92.49,111.21,64.93,77.89,73.18,56.16,85.52,226.50,104.10,100.81,154.11,82.32,241.38,130.96,142.81,52.21,51.81,52.74,47.76,87.13,230.99
Mali,56.71,52.07,48.55,40.71,47.15,56.38,49.83,42.53,33.48,33.30,26.31,31.21,36.20,46.42,47.32,56.72,65.83,74.79,68.57,67.53,72.53,81.71,62.30,84.96,72.98,68.90,67.08,73.46,78.22
Malta,14.99,59.92,12.59,83.14,113.37,24.40,189.97,58.49,56.76,64.76,54.45,4.33,27.88,..,..,..,..,..,..,..,..,..,..,..,..,..,..,..,..
Marshall Islands,..,5.78,113.11,605.25,922.63,661.75,1384.05,1049.16,843.59,1171.69,935.12,1316.75,1064.16,975.19,916.37,1018.68,992.16,951.28,947.24,1087.47,442.29,1495.11,1478.39,1646.35,974.13,993.40,217.55,1248.92,922.06
Mauritania,116.10,104.12,93.17,153.67,119.24,99.51,114.74,98.24,66.44,86.94,85.02,104.63,130.83,91.30,66.27,62.43,69.51,108.93,137.97,110.80,106.92,106.07,110.56,77.21,66.32,81.42,73.81,67.92,101.56
Mauritius,83.39,62.90,42.13,24.37,13.34,21.22,17.93,36.63,34.82,35.58,17.48,17.79,19.80,-11.97,26.86,28.01,15.50,55.83,87.35,125.08,99.64,148.27,140.68,115.79,35.36,62.11,33.51,9.21,52.71
Mexico,2.12,3.39,3.90,5.04,4.99,4.48,3.28,1.20,0.31,0.47,-0.41,0.99,1.33,1.12,1.30,1.89,2.29,1.03,1.34,1.66,3.99,8.36,3.48,4.73,6.77,2.63,6.56,6.05,4.28
"Micronesia, Fed. Sts.",..,4.66,130.09,597.89,968.22,684.00,1040.33,778.39,680.54,954.53,907.62,1263.38,1034.57,1050.22,800.66,987.67,1008.25,1069.57,880.12,1174.17,619.66,1262.83,1370.83,1351.98,1089.01,747.42,459.37,879.43,876.69
Moldova,..,..,..,..,..,..,..,22.24,13.56,36.61,41.95,40.87,49.13,41.02,41.41,58.76,78.06,94.07,103.97,85.81,165.30,161.44,166.29,121.98,181.24,110.28,93.52,87.91,85.34
Monaco,..,..,..,..,..,..,..,..,..,..,..,..,..,..,..,..,..,..,..,..,..,..,..,..,..,..,..,..,..
Mongolia,5.97,31.36,44.93,47.22,68.56,66.66,71.30,78.58,72.93,74.30,77.40,75.76,75.13,86.51,87.92,77.26,71.28,81.77,87.63,114.73,105.39,121.81,158.08,149.39,107.79,78.82,106.55,245.51,104.64
Montenegro,..,..,..,..,..,..,..,..,..,..,..,..,..,13.29,32.82,6.28,155.42,171.54,169.33,123.71,129.26,204.22,166.11,188.63,161.50,160.67,137.76,189.36,248.85
Morocco,50.03,60.67,37.09,29.82,25.71,18.54,23.72,16.99,18.90,23.97,15.54,16.96,12.37,19.62,25.92,24.06,35.76,39.12,46.08,32.76,30.47,43.93,44.26,59.58,65.52,43.80,58.71,67.91,22.53
Mozambique,76.81,79.91,105.73,81.90,80.27,68.68,55.56,57.83,61.85,47.48,51.23,52.76,118.17,54.29,62.49,62.94,77.89,82.36,89.47,87.95,82.58,85.39,83.33,90.48,80.12,67.27,55.11,63.04,61.70
Myanmar,3.74,4.17,2.70,2.41,4.08,3.65,1.11,1.36,1.59,1.76,2.26,2.66,2.50,2.60,2.54,2.96,2.96,3.95,10.71,7.08,7.01,7.45,9.81,75.91,26.48,22.18,28.97,28.89,31.42
Namibia,83.48,122.22,93.83,98.10,86.13,116.94,111.77,97.27,104.43,101.27,84.93,60.05,72.92,78.96,91.90,58.49,75.75,110.07,100.56,159.12,123.33,129.00,115.02,116.87,99.51,61.51,72.17,77.70,61.28
Nauru,16.83,38.92,40.88,40.83,1059.25,238.05,304.54,246.08,200.66,626.85,386.96,710.72,1160.17,1614.97,1388.61,938.17,1782.66,2602.11,3158.43,2357.38,2776.61,3731.73,3465.32,2656.87,1899.94,2505.01,1738.06,2000.62,2482.68
Nepal,18.89,19.27,19.49,14.61,18.26,17.64,15.00,13.96,13.35,12.43,13.00,14.29,13.53,18.06,16.90,15.82,17.36,21.11,23.05,26.37,28.41,27.71,28.52,32.44,32.85,45.32,39.05,45.94,51.65
Netherlands,..,..,..,..,..,..,..,..,..,..,..,..,..,..,..,..,..,..,..,..,..,..,..,..,..,..,..,..,..
New Caledonia,1769.52,1771.65,1991.00,2139.50,2155.51,2328.03,2005.12,1682.17,1648.44,1503.29,..,..,..,..,..,..,..,..,..,..,..,..,..,..,..,..,..,..,..
New Zealand,..,..,..,..,..,..,..,..,..,..,..,..,..,..,..,..,..,..,..,..,..,..,..,..,..,..,..,..,..
Nicaragua,78.97,187.23,140.24,71.02,118.13,122.32,186.30,73.36,102.74,119.76,99.01,160.35,79.71,139.33,205.95,120.68,113.14,130.55,116.85,115.12,87.77,90.90,88.98,81.78,70.35,73.58,68.37,88.11,54.43
Niger,48.29,44.59,41.64,38.21,40.68,28.70,25.65,32.74,27.72,17.13,18.46,22.04,24.27,38.03,41.80,38.39,38.32,39.19,40.35,29.71,45.03,37.67,50.08,43.09,47.70,43.46,45.82,56.62,53.30
Nigeria,2.68,2.64,2.58,2.81,1.80,1.95,1.71,1.76,1.75,1.27,1.42,1.34,2.33,2.35,4.28,46.10,80.20,13.38,8.61,10.62,12.95,11.12,11.46,14.65,14.05,13.42,13.43,17.60,16.86
Northern Mariana Islands,1366.93,601.29,159.01,1943.92,50.70,-15.26,-33.04,13.78,3.77,2.16,..,..,..,..,..,..,..,..,..,..,..,..,..,..,..,..,..,..,..
Norway,..,..,..,..,..,..,..,..,..,..,..,..,..,..,..,..,..,..,..,..,..,..,..,..,..,..,..,..,..
Oman,37.63,6.91,19.98,62.58,72.36,34.07,37.08,44.63,246.79,23.57,35.13,3.62,32.97,26.95,41.03,7.58,20.95,80.53,27.14,50.24,-7.11,..,..,..,..,..,..,..,..
Pakistan,8.44,10.32,7.43,7.06,9.86,4.04,5.40,5.21,6.12,4.43,3.86,12.23,13.05,6.81,8.47,9.21,12.56,11.94,6.18,14.43,16.35,20.26,10.77,11.47,18.51,18.87,14.54,11.37,6.42
Palau,..,..,0.63,0.61,12076.93,8291.77,3582.11,2130.57,4840.85,1536.00,2048.15,1768.29,1602.08,1303.95,995.62,1196.60,1913.51,1169.75,2261.01,1909.76,1601.78,1381.80,876.42,2011.81,1332.12,788.56,1001.97,1243.82,4711.57
Panama,40.36,44.27,76.50,30.69,14.33,16.99,20.75,19.25,11.01,8.20,8.89,11.27,9.46,11.39,9.47,8.54,11.44,-36.97,10.08,18.59,35.58,29.93,13.62,2.40,-49.54,2.58,5.60,10.17,9.17
Papua New Guinea,80.20,72.87,89.58,57.16,58.98,69.08,71.36,62.19,64.28,37.16,47.02,34.47,33.38,35.81,41.26,41.32,41.18,48.27,43.92,56.74,70.35,82.50,87.84,84.41,73.23,72.94,64.26,63.12,91.27
Paraguay,13.81,30.83,16.22,23.33,19.36,25.40,14.73,16.41,11.88,14.19,15.06,12.69,11.93,11.63,6.03,10.92,11.67,20.12,22.78,26.23,17.98,12.63,16.28,20.08,9.46,9.00,13.06,20.79,23.22
Peru,17.99,29.53,19.00,24.65,14.56,15.92,13.40,15.96,19.21,17.61,15.60,17.21,18.36,18.60,17.34,16.70,16.37,11.34,16.62,15.38,-10.30,20.19,13.07,12.21,10.91,10.99,10.35,-0.17,13.80
Philippines,18.47,14.97,25.17,20.87,14.80,12.29,12.06,8.64,7.94,8.68,7.09,6.94,6.80,8.73,5.49,6.81,6.77,7.12,0.74,3.68,6.20,-1.42,-0.03,1.94,6.74,5.04,2.74,1.53,5.07
Poland,..,..,..,..,..,..,..,..,..,..,..,..,..,..,..,..,..,..,..,..,..,..,..,..,..,..,..,..,..
Portugal,..,..,..,..,..,..,..,..,..,..,..,..,..,..,..,..,..,..,..,..,..,..,..,..,..,..,..,..,..
Puerto Rico,..,..,..,..,..,..,..,..,..,..,..,..,..,..,..,..,..,..,..,..,..,..,..,..,..,..,..,..,..
Qatar,6.24,5.91,5.89,7.52,6.35,7.28,..,..,..,..,..,..,..,..,..,..,..,..,..,..,..,..,..,..,..,..,..,..,..
Romania,..,..,..,..,..,..,..,..,..,..,..,..,..,..,..,..,..,..,..,..,..,..,..,..,..,..,..,..,..
Russian Federation,..,..,..,..,..,..,..,..,..,..,..,..,..,..,..,..,..,..,..,..,..,..,..,..,..,..,..,..,..
Rwanda,39.50,50.70,52.06,56.50,119.90,119.03,77.38,35.78,50.29,49.74,40.52,37.01,42.67,39.26,56.58,64.78,66.94,84.11,98.22,95.50,102.90,122.72,83.29,100.48,93.38,95.73,98.59,102.76,90.98
Samoa,220.57,258.91,276.09,290.45,262.31,225.93,189.64,163.37,190.12,142.04,165.37,232.68,215.64,187.45,170.11,240.53,266.76,214.78,221.05,366.99,669.22,473.68,620.29,592.55,488.97,484.31,455.65,672.94,586.55
San Marino,..,..,..,..,..,..,..,..,..,..,..,..,..,..,..,..,..,..,..,..,..,..,..,..,..,..,..,..,..
Sao Tome and Principe,453.99,418.27,452.98,365.88,385.78,638.60,354.24,246.04,203.56,196.63,245.60,263.76,176.94,251.64,219.08,207.66,142.63,307.10,276.36,173.19,278.26,398.21,269.10,279.82,211.42,245.45,231.47,194.26,210.11
Saudi Arabia,0.90,0.82,2.88,1.64,0.92,0.91,0.74,0.07,0.84,1.10,1.06,0.62,0.77,0.61,0.87,1.05,0.99,-5.20,..,..,..,..,..,..,..,..,..,..,..
Senegal,107.85,80.91,82.90,59.94,75.11,75.07,64.39,46.49,53.71,56.01,44.11,42.21,43.30,43.47,98.64,63.24,76.38,74.04,88.78,82.53,73.86,80.91,80.27,72.16,78.22,59.64,48.77,58.83,62.54
Serbia,..,..,..,..,6.36,12.47,9.12,12.82,14.30,93.81,150.91,173.81,278.08,175.18,155.39,143.60,213.12,114.13,132.77,85.12,90.72,190.65,151.10,108.91,51.48,44.04,89.75,240.49,152.90
Seychelles,511.60,322.83,274.86,273.21,176.13,175.16,252.04,222.46,308.83,165.65,290.89,165.14,691.92,113.43,128.89,207.58,162.06,71.50,86.14,265.30,600.76,259.83,393.53,304.84,131.35,72.58,60.84,169.03,..
Sierra Leone,13.73,23.75,30.60,47.70,63.51,49.32,42.32,27.22,24.31,16.52,39.40,70.39,77.17,64.83,69.24,60.22,65.25,91.91,61.85,71.31,71.43,64.59,65.51,65.42,130.26,132.02,94.59,72.27,66.13
Singapore,-0.57,2.48,6.17,7.13,4.93,4.73,..,..,..,..,..,..,..,..,..,..,..,..,..,..,..,..,..,..,..,..,..,..,..
Sint Maarten (Dutch part),..,..,..,..,..,..,..,..,..,..,..,..,..,..,..,..,..,..,..,..,..,..,..,..,..,..,..,..,..
Slovak Republic,..,..,..,..,..,..,..,..,..,..,..,..,..,..,..,..,..,..,..,..,..,..,..,..,..,..,..,..,..
Slovenia,..,..,..,3.58,16.02,26.40,41.34,48.65,20.06,15.66,30.57,63.03,26.45,..,..,..,..,..,..,..,..,..,..,..,..,..,..,..,..
Solomon Islands,133.42,114.85,134.37,157.38,134.25,133.13,115.69,109.97,73.28,99.78,165.71,139.59,60.12,138.56,265.10,418.78,415.11,481.92,445.33,399.43,630.56,605.48,548.68,507.29,341.56,315.08,283.32,293.71,296.31
Somalia,71.25,25.63,89.60,121.94,72.58,25.09,11.48,10.23,9.87,13.53,11.52,16.25,16.07,17.95,19.87,22.99,36.81,35.54,67.20,56.47,41.99,88.80,77.89,80.73,82.63,91.36,83.44,120.66,104.81
South Africa,..,..,..,6.82,7.23,9.32,8.58,11.53,11.80,12.25,10.90,9.41,10.98,13.74,13.36,14.23,14.92,16.19,22.40,21.28,20.23,26.86,20.17,24.13,19.75,25.64,21.00,17.80,15.83
South Sudan,..,..,..,..,..,..,..,..,..,..,..,..,..,..,..,..,..,..,..,..,..,44.33,117.29,135.13,186.09,156.30,146.51,200.10,143.71
Spain,..,..,..,..,..,..,..,..,..,..,..,..,..,..,..,..,..,..,..,..,..,..,..,..,..,..,..,..,..
Sri Lanka,35.55,42.10,28.78,30.38,28.32,25.84,18.93,13.74,17.32,9.75,11.85,14.06,13.11,27.36,21.06,53.20,34.78,25.53,31.75,30.14,27.57,30.03,24.03,19.59,23.66,21.22,17.61,14.62,-11.90
St. Kitts and Nevis,201.69,185.99,198.29,261.82,149.22,92.69,160.80,168.71,154.79,109.14,90.53,227.14,622.16,1.97,-1.73,55.70,110.48,72.00,971.67,66.05,234.21,318.73,435.78,597.05,..,..,..,..,..
St. Lucia,89.19,165.15,191.31,178.72,217.12,328.32,259.21,168.71,40.58,166.07,70.76,103.24,208.86,96.93,-133.92,65.35,112.71,115.96,98.17,226.40,236.38,201.03,151.72,142.86,108.64,76.82,84.60,84.99,46.73
St. Martin (French part),..,..,..,..,..,..,..,..,..,..,..,..,..,..,..,..,..,..,..,..,..,..,..,..,..,..,..,..,..
St. Vincent and the Grenadines,143.00,147.81,167.95,126.72,116.79,440.97,243.76,55.05,191.65,153.03,58.45,75.26,42.28,57.88,97.50,72.37,44.20,606.81,242.45,265.78,155.65,163.96,76.64,78.44,90.85,123.69,83.32,106.90,159.06
Sudan,32.91,32.65,19.56,15.82,13.97,7.88,7.02,4.35,6.43,7.29,6.48,5.37,8.29,16.38,25.53,45.55,49.65,49.95,58.76,52.37,43.88,47.20,36.30,39.14,22.23,22.38,19.69,19.93,..
Suriname,150.63,104.74,189.78,182.30,137.94,173.66,242.01,165.98,126.02,72.67,73.96,49.83,25.57,22.83,50.24,85.85,124.74,294.04,193.42,295.39,190.52,142.63,74.55,56.31,24.20,28.58,29.26,35.29,22.66
Eswatini,65.21,62.61,64.60,61.07,63.66,62.31,34.95,29.52,35.68,29.32,13.06,28.76,21.75,33.43,21.36,45.32,33.57,48.60,66.68,52.74,85.59,115.75,83.04,108.38,78.88,83.90,132.40,130.35,105.24
Sweden,..,..,..,..,..,..,..,..,..,..,..,..,..,..,..,..,..,..,..,..,..,..,..,..,..,..,..,..,..
Switzerland,..,..,..,..,..,..,..,..,..,..,..,..,..,..,..,..,..,..,..,..,..,..,..,..,..,..,..,..,..
Syrian Arab Republic,70.93,41.78,14.92,19.06,53.33,24.81,14.64,13.05,10.00,14.32,9.74,9.17,3.68,6.80,5.97,3.87,1.05,4.24,7.63,9.60,6.14,15.91,81.77,185.76,223.04,273.40,509.90,610.96,590.95
Tajikistan,..,..,2.15,4.64,11.71,11.29,17.63,14.47,26.64,18.40,17.98,25.74,24.07,20.38,34.36,33.34,29.87,27.81,32.48,40.50,51.54,36.65,50.06,48.46,43.19,51.13,41.52,36.96,43.68
Tanzania,46.15,41.18,49.48,33.87,33.47,29.38,28.48,30.26,31.37,30.35,31.77,37.08,35.67,47.49,47.46,38.82,47.73,69.41,55.70,72.60,66.75,53.46,59.98,70.81,53.05,50.21,43.69,47.30,43.56
Thailand,14.04,12.47,12.78,9.97,9.81,14.06,13.83,10.27,11.36,16.31,11.13,4.48,4.65,-14.54,0.80,-2.52,-3.25,-4.64,-9.25,-0.46,-0.30,-1.99,-1.94,0.42,5.18,0.85,3.30,3.61,-6.10
Timor-Leste,0.14,1.24,0.17,0.52,0.28,0.02,0.09,0.50,1.93,175.02,261.51,215.45,237.40,184.80,165.90,185.52,205.76,270.13,257.10,197.71,265.15,247.69,250.35,224.20,212.50,177.46,183.34,186.57,159.77
Togo,68.42,51.58,56.37,23.78,30.25,45.27,35.73,27.89,27.73,14.96,14.14,9.10,9.84,9.40,11.91,14.72,13.85,20.69,54.27,79.11,62.82,82.23,36.18,32.54,29.55,27.24,22.39,44.74,37.57
Tonga,285.58,179.33,231.24,297.41,306.35,333.83,304.55,265.68,207.05,198.19,167.60,209.57,181.88,223.52,202.66,325.95,221.82,312.14,248.02,354.70,637.78,855.14,760.97,796.81,795.13,678.70,816.85,851.98,846.92
Trinidad and Tobago,13.95,-1.52,4.75,1.15,16.13,18.82,12.01,26.57,11.54,21.31,-1.23,-4.86,-7.38,-2.45,-1.18,-1.86,9.44,15.64,7.07,5.07,3.27,..,..,..,..,..,..,..,..
Tunisia,47.62,42.06,45.04,27.65,11.80,8.26,13.69,20.78,15.87,26.36,22.95,37.39,22.02,30.33,33.29,36.45,42.82,31.68,36.37,46.90,51.73,86.13,94.23,65.25,83.40,44.35,57.22,70.99,69.63
Turkey,24.18,29.36,6.39,7.90,3.45,5.36,4.14,0.11,0.46,0.20,5.20,2.08,4.20,2.54,4.31,5.88,8.28,11.43,15.87,19.02,14.51,44.77,41.69,37.51,44.63,27.27,45.21,38.81,14.42
Turkmenistan,..,..,1.69,7.75,6.46,7.30,5.51,4.78,6.24,5.68,7.87,16.42,9.57,6.19,11.49,6.11,8.55,5.91,3.67,8.12,8.61,7.89,7.15,6.69,6.31,4.12,5.69,4.89,3.06
Turks and Caicos Islands,957.81,1366.01,1085.68,750.38,1024.86,342.25,246.96,239.08,330.19,387.10,329.80,309.18,176.48,87.96,117.98,184.53,-14.29,506.50,..,..,..,..,..,..,..,..,..,..,..
Tuvalu,567.71,555.06,884.55,440.50,728.49,800.17,1109.09,1086.56,556.15,425.85,429.00,879.38,1220.30,635.41,812.65,902.00,1406.13,1045.89,1527.05,1528.20,1320.99,3503.24,2372.66,2541.22,3126.14,4473.38,2177.28,2331.57,1634.52
Uganda,38.21,36.94,39.06,31.81,37.99,40.85,32.09,37.56,29.52,26.48,36.19,33.99,29.12,38.63,45.57,43.18,55.62,58.95,54.00,56.87,52.12,46.99,47.53,47.54,44.26,42.86,44.46,48.81,45.43
Ukraine,..,..,..,..,..,..,..,..,..,..,..,..,..,..,..,8.58,10.36,9.05,13.35,14.22,14.32,17.02,16.93,17.38,31.01,32.10,33.85,26.34,27.37
United Arab Emirates,1.94,-3.95,-4.74,-4.68,-3.50,2.24,..,..,..,..,..,..,..,..,..,..,..,..,..,..,..,..,..,..,..,..,..,..,..
United Kingdom,..,..,..,..,..,..,..,..,..,..,..,..,..,..,..,..,..,..,..,..,..,..,..,..,..,..,..,..,..
United States,..,..,..,..,..,..,..,..,..,..,..,..,..,..,..,..,..,..,..,..,..,..,..,..,..,..,..,..,..
Uruguay,14.77,13.35,20.82,35.86,23.43,21.38,11.27,11.39,8.36,7.74,6.49,4.94,4.87,5.20,7.37,5.52,7.40,11.12,9.84,15.14,13.67,5.41,5.14,10.77,26.93,6.79,5.33,12.06,..
Uzbekistan,..,..,0.07,0.36,1.26,3.67,3.78,5.91,6.57,6.43,7.51,5.99,7.26,7.51,9.40,6.46,5.65,6.24,6.57,6.17,6.94,4.90,8.59,9.76,10.56,14.41,16.05,19.73,16.87
Vanuatu,319.23,306.07,250.05,209.96,247.06,265.23,179.01,154.76,165.74,171.57,191.87,153.53,140.73,165.91,189.10,192.56,231.33,262.54,414.59,438.62,463.44,382.81,408.58,355.91,380.50,688.08,463.69,463.14,422.99
"Venezuela, RB",4.10,1.55,1.69,2.00,1.28,2.05,1.61,0.32,1.73,1.84,3.23,1.83,2.29,3.23,1.80,1.85,2.13,2.68,2.17,2.11,1.87,1.70,1.73,1.27,1.44,1.22,1.46,2.96,5.10
Vietnam,2.66,3.27,7.99,3.46,12.16,10.39,11.97,11.05,13.45,15.69,18.59,15.56,13.05,18.64,19.96,20.20,19.97,27.47,26.91,38.21,31.49,37.49,45.80,45.02,45.96,34.18,31.03,25.41,17.10
Virgin Islands (U.S.),..,..,..,..,..,..,..,..,..,..,..,..,..,..,..,..,..,..,..,..,..,..,..,..,..,..,..,..,..
West Bank and Gaza,..,..,..,78.99,199.46,207.75,213.45,226.50,220.62,203.81,234.25,332.78,315.93,330.22,358.66,305.90,399.33,491.38,687.67,766.49,663.62,627.03,504.05,638.34,596.12,438.45,549.95,481.99,490.34
"Yemen, Rep.",38.41,24.09,19.59,23.01,12.01,11.52,16.31,22.25,23.97,27.23,17.97,20.75,11.74,12.86,13.64,14.72,13.91,11.41,19.60,24.84,28.81,20.06,29.09,41.34,45.05,67.12,84.70,116.19,280.20
Zambia,59.08,106.46,121.97,100.15,80.63,223.23,65.10,63.53,35.29,61.46,76.29,53.39,73.89,68.44,97.70,98.60,120.78,81.78,86.76,96.16,67.57,73.70,66.17,76.73,64.79,50.20,59.06,61.74,57.16
Zimbabwe,32.04,36.39,72.49,45.01,49.85,43.07,32.21,28.89,22.25,20.69,14.78,13.44,16.66,15.60,15.58,30.88,22.89,38.96,49.50,58.80,56.11,56.04,76.37,61.99,55.98,57.06,46.63,50.98,54.96
