Afghanistan,12412308.00,13299017.00,14485546.00,15816603.00,17075727.00,18110657.00,18853437.00,19357126.00,19737765.00,20170844.00,20779953.00,21606988.00,22600770.00,23680871.00,24726684.00,25654277.00,26433049.00,27100536.00,27722276.00,28394813.00,29185507.00,30117413.00,31161376.00,32269589.00,33370794.00,34413603.00,35383128.00,36296400.00,37172386.00,..
Albania,3286542.00,3266790.00,3247039.00,3227287.00,3207536.00,3187784.00,3168033.00,3148281.00,3128530.00,3108778.00,3089027.00,3060173.00,3051010.00,3039616.00,3026939.00,3011487.00,2992547.00,2970017.00,2947314.00,2927519.00,2913021.00,2905195.00,2900401.00,2895092.00,2889104.00,2880703.00,2876101.00,2873457.00,2866376.00,..
Algeria,25758869.00,26400479.00,27028326.00,27635515.00,28213774.00,28757785.00,29266405.00,29742979.00,30192754.00,30623406.00,31042235.00,31451514.00,31855109.00,32264157.00,32692163.00,33149724.00,33641002.00,34166972.00,34730608.00,35333881.00,35977455.00,36661444.00,37383887.00,38140132.00,38923687.00,39728025.00,40551404.00,41389198.00,42228429.00,..
American Samoa,47347.00,48685.00,49896.00,51020.00,52095.00,53161.00,54211.00,55221.00,56171.00,57053.00,57821.00,58494.00,59080.00,59504.00,59681.00,59562.00,59107.00,58365.00,57492.00,56683.00,56079.00,55759.00,55667.00,55713.00,55791.00,55812.00,55741.00,55620.00,55465.00,..
Andorra,54509.00,56671.00,58888.00,60971.00,62677.00,63850.00,64360.00,64327.00,64142.00,64370.00,65390.00,67341.00,70049.00,73182.00,76244.00,78867.00,80993.00,82684.00,83862.00,84463.00,84449.00,83747.00,82427.00,80774.00,79213.00,78011.00,77297.00,77001.00,77006.00,..
Angola,11848386.00,12248901.00,12657366.00,13075049.00,13503747.00,13945206.00,14400719.00,14871570.00,15359601.00,15866869.00,16395473.00,16945753.00,17519417.00,18121479.00,18758145.00,19433602.00,20149901.00,20905363.00,21695634.00,22514281.00,23356246.00,24220661.00,25107931.00,26015780.00,26941779.00,27884381.00,28842484.00,29816748.00,30809762.00,..
Antigua and Barbuda,62528.00,63367.00,64471.00,65777.00,67204.00,68670.00,70173.00,71704.00,73224.00,74674.00,76016.00,77212.00,78295.00,79300.00,80336.00,81465.00,82704.00,84026.00,85397.00,86746.00,88028.00,89253.00,90409.00,91516.00,92562.00,93566.00,94527.00,95426.00,96286.00,..
Argentina,32618651.00,33079000.00,33529326.00,33970111.00,34402672.00,34828170.00,35246374.00,35657429.00,36063459.00,36467218.00,36870787.00,37275652.00,37681749.00,38087868.00,38491972.00,38892931.00,39289878.00,39684295.00,40080160.00,40482788.00,40788453.00,41261490.00,41733271.00,42202935.00,42669500.00,43131966.00,43590368.00,44044811.00,44494502.00,..
Armenia,3538171.00,3505258.00,3442817.00,3363108.00,3283667.00,3217348.00,3168221.00,3133089.00,3108687.00,3089022.00,3069591.00,3050687.00,3033978.00,3017932.00,3000720.00,2981269.00,2958307.00,2932618.00,2907618.00,2888092.00,2877319.00,2876538.00,2884229.00,2897584.00,2912403.00,2925553.00,2936146.00,2944809.00,2951776.00,..
Aruba,62149.00,64622.00,68235.00,72504.00,76700.00,80324.00,83200.00,85451.00,87277.00,89005.00,90853.00,92898.00,94992.00,97017.00,98737.00,100031.00,100834.00,101222.00,101358.00,101455.00,101669.00,102046.00,102560.00,103159.00,103774.00,104341.00,104872.00,105366.00,105845.00,..
Australia,17065100.00,17284000.00,17495000.00,17667000.00,17855000.00,18072000.00,18311000.00,18517000.00,18711000.00,18926000.00,19153000.00,19413000.00,19651400.00,19895400.00,20127400.00,20394800.00,20697900.00,20827600.00,21249200.00,21691700.00,22031750.00,22340024.00,22733465.00,23128129.00,23475686.00,23815995.00,24190907.00,24601860.00,24982688.00,..
Austria,7677850.00,7754891.00,7840709.00,7905633.00,7936118.00,7948278.00,7959017.00,7968041.00,7976789.00,7992324.00,8011566.00,8042293.00,8081957.00,8121423.00,8171966.00,8227829.00,8268641.00,8295487.00,8321496.00,8343323.00,8363404.00,8391643.00,8429991.00,8479823.00,8546356.00,8642699.00,8736668.00,8797566.00,8840521.00,..
Azerbaijan,7159000.00,7271000.00,7382000.00,7495000.00,7597000.00,7685000.00,7763000.00,7838250.00,7913000.00,7982750.00,8048600.00,8111200.00,8171950.00,8234100.00,8306500.00,8391850.00,8484550.00,8581300.00,8763400.00,8947243.00,9054332.00,9173082.00,9295784.00,9416801.00,9535079.00,9649341.00,9757812.00,9854033.00,9939800.00,..
"Bahamas, The",256223.00,261008.00,266029.00,271069.00,275846.00,280184.00,283978.00,287358.00,290597.00,294062.00,298051.00,302618.00,307660.00,313129.00,318894.00,324859.00,331033.00,337389.00,343681.00,349604.00,354942.00,359577.00,363584.00,367168.00,370633.00,374206.00,377931.00,381761.00,385640.00,..
Bahrain,495931.00,509760.00,523086.00,536210.00,549583.00,563697.00,578666.00,594931.00,613700.00,636541.00,664611.00,697545.00,735146.00,778708.00,829844.00,889164.00,958418.00,1035919.00,1114641.00,1185076.00,1240860.00,1278151.00,1299943.00,1315029.00,1336075.00,1371851.00,1425791.00,1494074.00,1569439.00,..
Bangladesh,103171956.00,105599127.00,107983704.00,110350639.00,112737683.00,115169930.00,117649932.00,120160564.00,122682815.00,125189651.00,127657854.00,130088702.00,132478086.00,134791603.00,136986432.00,139035505.00,140921167.00,142660376.00,144304167.00,145924797.00,147575430.00,149273778.00,151007807.00,152764676.00,154520167.00,156256276.00,157970840.00,159670593.00,161356039.00,..
Barbados,260936.00,261905.00,262886.00,263874.00,264893.00,265955.00,267049.00,268187.00,269336.00,270451.00,271515.00,272500.00,273425.00,274329.00,275284.00,276323.00,277477.00,278700.00,279946.00,281104.00,282131.00,282987.00,283700.00,284296.00,284825.00,285324.00,285796.00,286233.00,286641.00,..
Belarus,10189000.00,10194000.00,10216000.00,10239000.00,10227000.00,10194000.00,10160000.00,10117000.00,10069000.00,10026738.00,9979610.00,9928549.00,9865548.00,9796749.00,9730146.00,9663915.00,9604924.00,9560953.00,9527985.00,9506765.00,9490583.00,9473172.00,9464495.00,9465997.00,9474511.00,9489616.00,9501534.00,9498264.00,9483499.00,..
Belgium,9967379.00,10004486.00,10045158.00,10084475.00,10115603.00,10136811.00,10156637.00,10181245.00,10203008.00,10226419.00,10251250.00,10286570.00,10332785.00,10376133.00,10421137.00,10478617.00,10547958.00,10625700.00,10709973.00,10796493.00,10895586.00,11038264.00,11106932.00,11159407.00,11209057.00,11274196.00,11331422.00,11375158.00,11433256.00,..
Belize,187552.00,191128.00,194324.00,197622.00,201680.00,206963.00,213664.00,221580.00,230244.00,238988.00,247315.00,255063.00,262378.00,269425.00,276504.00,283800.00,291329.00,299025.00,306823.00,314655.00,322464.00,330237.00,338000.00,345715.00,353366.00,360933.00,368400.00,375769.00,383071.00,..
Benin,4978496.00,5149499.00,5331803.00,5521763.00,5714220.00,5905558.00,6094259.00,6281639.00,6470265.00,6664098.00,6865951.00,7076733.00,7295394.00,7520555.00,7750004.00,7982225.00,8216897.00,8454793.00,8696921.00,8944708.00,9199259.00,9460830.00,9729248.00,10004588.00,10286842.00,10575952.00,10872067.00,11175204.00,11485048.00,..
Bermuda,59326.00,59021.00,58595.00,58910.00,59320.00,59746.00,60129.00,60497.00,60943.00,61285.00,61833.00,62504.00,62912.00,63325.00,63740.00,64154.00,64523.00,64888.00,65273.00,65636.00,65124.00,64564.00,64798.00,65001.00,65139.00,65239.00,64555.00,63874.00,63973.00,..
Bhutan,530804.00,534632.00,534516.00,532596.00,531897.00,534620.00,541465.00,551709.00,564377.00,577881.00,591021.00,603640.00,616018.00,627839.00,638815.00,648739.00,657410.00,664876.00,671613.00,678323.00,685503.00,693298.00,701583.00,710238.00,719056.00,727876.00,736709.00,745568.00,754394.00,..
Bolivia,6864842.00,7011453.00,7160920.00,7312850.00,7466793.00,7622338.00,7779267.00,7937458.00,8096761.00,8257066.00,8418264.00,8580235.00,8742814.00,8905823.00,9069039.00,9232306.00,9395446.00,9558439.00,9721454.00,9884781.00,10048590.00,10212954.00,10377676.00,10542376.00,10706517.00,10869730.00,11031813.00,11192854.00,11353142.00,..
Bosnia and Herzegovina,4463423.00,4369319.00,4233676.00,4078937.00,3936524.00,3829050.00,3764425.00,3736070.00,3734337.00,3743354.00,3751176.00,3755512.00,3759387.00,3762173.00,3764194.00,3765331.00,3765424.00,3762786.00,3754271.00,3735938.00,3705472.00,3661175.00,3604972.00,3542605.00,3482104.00,3429361.00,3386267.00,3351527.00,3323929.00,..
Botswana,1286756.00,1326322.00,1363554.00,1399110.00,1434059.00,1469174.00,1504730.00,1540425.00,1575824.00,1610264.00,1643334.00,1674678.00,1704642.00,1734398.00,1765527.00,1799078.00,1835908.00,1875459.00,1915639.00,1953498.00,1987105.00,2015402.00,2039551.00,2062536.00,2088614.00,2120716.00,2159944.00,2205128.00,2254126.00,..
Brazil,149003223.00,151648011.00,154259380.00,156849078.00,159432716.00,162019896.00,164614688.00,167209040.00,169785250.00,172318675.00,174790340.00,177196054.00,179537520.00,181809246.00,184006481.00,186127103.00,188167356.00,190130443.00,192030362.00,193886508.00,195713635.00,197514534.00,199287296.00,201035903.00,202763735.00,204471769.00,206163058.00,207833831.00,209469333.00,..
British Virgin Islands,17489.00,18006.00,18438.00,18786.00,19074.00,19313.00,19502.00,19665.00,19821.00,20026.00,20311.00,20675.00,21129.00,21672.00,22334.00,23107.00,24023.00,25047.00,26097.00,27039.00,27794.00,28319.00,28650.00,28847.00,28989.00,29152.00,29355.00,29577.00,29802.00,..
Brunei Darussalam,258721.00,266210.00,273892.00,281681.00,289454.00,297114.00,304622.00,311958.00,319144.00,326210.00,333165.00,340034.00,346782.00,353293.00,359433.00,365114.00,370263.00,374965.00,379421.00,383906.00,388646.00,393688.00,398989.00,404421.00,409769.00,414907.00,419800.00,424473.00,428962.00,..
Bulgaria,8718289.00,8632367.00,8540164.00,8472313.00,8443591.00,8406067.00,8362826.00,8312068.00,8256786.00,8210624.00,8170172.00,8009142.00,7837161.00,7775327.00,7716860.00,7658972.00,7601022.00,7545338.00,7492561.00,7444443.00,7395599.00,7348328.00,7305888.00,7265115.00,7223938.00,7177991.00,7127822.00,7075947.00,7025037.00,..
Burkina Faso,8811034.00,9050084.00,9297113.00,9552476.00,9816588.00,10089878.00,10372745.00,10665546.00,10968724.00,11282701.00,11607942.00,11944587.00,12293100.00,12654621.00,13030569.00,13421930.00,13829176.00,14252021.00,14689725.00,15141098.00,15605217.00,16081911.00,16571246.00,17072775.00,17586017.00,18110624.00,18646378.00,19193284.00,19751535.00,..
Burundi,5438957.00,5564926.00,5685565.00,5798053.00,5898967.00,5987043.00,6060111.00,6122130.00,6185562.00,6267124.00,6378871.00,6525545.00,6704113.00,6909154.00,7131693.00,7364862.00,7607849.00,7862214.00,8126102.00,8397668.00,8675602.00,8958406.00,9245988.00,9540289.00,9844297.00,10160030.00,10487998.00,10827024.00,11175378.00,..
Cabo Verde,337950.00,346230.00,355757.00,366053.00,376407.00,386284.00,395533.00,404259.00,412514.00,420452.00,428188.00,435709.00,442951.00,449930.00,456617.00,463032.00,469170.00,475060.00,480842.00,486671.00,492654.00,498856.00,505235.00,511748.00,518269.00,524743.00,531146.00,537497.00,543767.00,..
Cambodia,8975597.00,9289299.00,9623889.00,9970733.00,10317899.00,10656138.00,10982917.00,11298600.00,11600508.00,11886458.00,12155239.00,12405408.00,12637727.00,12856163.00,13066469.00,13273354.00,13477709.00,13679962.00,13883834.00,14093604.00,14312212.00,14541423.00,14780454.00,15026332.00,15274503.00,15521436.00,15766293.00,16009414.00,16249798.00,..
Cameroon,11780088.00,12137912.00,12499499.00,12864090.00,13230984.00,13599988.00,13970813.00,14344449.00,14723768.00,15112592.00,15513945.00,15928910.00,16357602.00,16800865.00,17259322.00,17733410.00,18223674.00,18730282.00,19252666.00,19789919.00,20341241.00,20906388.00,21485266.00,22077298.00,22681858.00,23298368.00,23926539.00,24566045.00,25216237.00,..
Canada,27691138.00,28037420.00,28371264.00,28684764.00,29000663.00,29302311.00,29610218.00,29905948.00,30155173.00,30401286.00,30685730.00,31020902.00,31360079.00,31644028.00,31940655.00,32243753.00,32571174.00,32889025.00,33247118.00,33628895.00,34004889.00,34339328.00,34714222.00,35082954.00,35437435.00,35702908.00,36109487.00,36543321.00,37057765.00,..
Cayman Islands,25312.00,26544.00,27780.00,29069.00,30514.00,32166.00,34065.00,36156.00,38329.00,40420.00,42303.00,43935.00,45351.00,46632.00,47902.00,49261.00,50740.00,52280.00,53836.00,55322.00,56672.00,57878.00,58958.00,59932.00,60848.00,61724.00,62569.00,63382.00,64174.00,..
Central African Republic,2806734.00,2878509.00,2959236.00,3046149.00,3135015.00,3222656.00,3308233.00,3392436.00,3475492.00,3558014.00,3640427.00,3722018.00,3802128.00,3881181.00,3959875.00,4038382.00,4118069.00,4198010.00,4273366.00,4337625.00,4386768.00,4418636.00,4436415.00,4447942.00,4464175.00,4493170.00,4537687.00,4596028.00,4666377.00,..
Chad,5963252.00,6157079.00,6356748.00,6563922.00,6781053.00,7010145.00,7250975.00,7503493.00,7770048.00,8053536.00,8355654.00,8678051.00,9019233.00,9373916.00,9734767.00,10096633.00,10457124.00,10818024.00,11183588.00,11560147.00,11952136.00,12360989.00,12784750.00,13220424.00,13663559.00,14110975.00,14561666.00,15016773.00,15477751.00,..
Channel Islands,140671.00,141467.00,142006.00,142415.00,142863.00,143484.00,144335.00,145373.00,146498.00,147555.00,148443.00,149097.00,149596.00,150068.00,150716.00,151678.00,153008.00,154636.00,156433.00,158178.00,159734.00,160998.00,162056.00,163038.00,164100.00,165385.00,166923.00,168665.00,170499.00,..
Chile,13274623.00,13495258.00,13719819.00,13944937.00,14166340.00,14380866.00,14587370.00,14786220.00,14977733.00,15162800.00,15342353.00,15516113.00,15684409.00,15849652.00,16014971.00,16182721.00,16354504.00,16530195.00,16708258.00,16886186.00,17062536.00,17233576.00,17400347.00,17571507.00,17758959.00,17969353.00,18209068.00,18470439.00,18729160.00,..
China,1135185000.00,1150780000.00,1164970000.00,1178440000.00,1191835000.00,1204855000.00,1217550000.00,1230075000.00,1241935000.00,1252735000.00,1262645000.00,1271850000.00,1280400000.00,1288400000.00,1296075000.00,1303720000.00,1311020000.00,1317885000.00,1324655000.00,1331260000.00,1337705000.00,1344130000.00,1350695000.00,1357380000.00,1364270000.00,1371220000.00,1378665000.00,1386395000.00,1392730000.00,..
Colombia,33102575.00,33758337.00,34422569.00,35091275.00,35758979.00,36421438.00,37076387.00,37723800.00,38364309.00,38999471.00,39629968.00,40255967.00,40875360.00,41483869.00,42075955.00,42647723.00,43200897.00,43737516.00,44254975.00,44750054.00,45222700.00,45663099.00,46076848.00,46497267.00,46969209.00,47520667.00,48171392.00,48901066.00,49648685.00,..
Comoros,411594.00,423872.00,436448.00,449274.00,462277.00,475394.00,488627.00,501953.00,515385.00,528848.00,542357.00,555888.00,569479.00,583211.00,597228.00,611627.00,626425.00,641620.00,657229.00,673252.00,689692.00,706569.00,723871.00,741505.00,759390.00,777424.00,795592.00,813892.00,832322.00,..
"Congo, Dem. Rep.",34612023.00,35908244.00,37333914.00,38815834.00,40252975.00,41576234.00,42757243.00,43827180.00,44849967.00,45919613.00,47105826.00,48428545.00,49871666.00,51425580.00,53068880.00,54785903.00,56578037.00,58453683.00,60411195.00,62448574.00,64563854.00,66755153.00,69020747.00,71358807.00,73767447.00,76244544.00,78789127.00,81398764.00,84068091.00,..
"Congo, Rep.",2356737.00,2422305.00,2489952.00,2559873.00,2632345.00,2707537.00,2785810.00,2867280.00,2951647.00,3038433.00,3127411.00,3217933.00,3310387.00,3406922.00,3510468.00,3622775.00,3745141.00,3876119.00,4011486.00,4145391.00,4273731.00,4394844.00,4510198.00,4622761.00,4736974.00,4856095.00,4980999.00,5110702.00,5244363.00,..
Costa Rica,3119433.00,3202085.00,3286520.00,3372298.00,3458834.00,3545534.00,3632362.00,3718949.00,3803887.00,3885430.00,3962372.00,4034074.00,4100925.00,4164053.00,4225155.00,4285502.00,4345412.00,4404628.00,4463125.00,4520740.00,4577378.00,4633086.00,4688000.00,4742107.00,4795396.00,4847804.00,4899345.00,4949954.00,4999441.00,..
Cote d'Ivoire,11924877.00,12362407.00,12812421.00,13271643.00,13735433.00,14199762.00,14665127.00,15130663.00,15589414.00,16032573.00,16454668.00,16853026.00,17231539.00,17599610.00,17970494.00,18354514.00,18754916.00,19171237.00,19605569.00,20059147.00,20532950.00,21028655.00,21547188.00,22087505.00,22647683.00,23226143.00,23822714.00,24437469.00,25069229.00,..
Croatia,4777368.00,4689022.00,4575818.00,4600463.00,4652024.00,4620030.00,4557097.00,4534920.00,4532135.00,4512597.00,4468302.00,4299642.00,4302174.00,4303399.00,4304600.00,4310145.00,4311159.00,4310217.00,4309705.00,4305181.00,4295427.00,4280622.00,4267558.00,4255689.00,4238389.00,4203604.00,4174349.00,4124531.00,4087843.00,..
Cuba,10596987.00,10673542.00,10736387.00,10789306.00,10838462.00,10888252.00,10939293.00,10989732.00,11038692.00,11084670.00,11126430.00,11164667.00,11199651.00,11229183.00,11250365.00,11261582.00,11261248.00,11251122.00,11236971.00,11226709.00,11225832.00,11236670.00,11257101.00,11282720.00,11306902.00,11324781.00,11335109.00,11339259.00,11338138.00,..
Curacao,145400.00,144403.00,143912.00,144299.00,144630.00,145139.00,146306.00,146956.00,144472.00,139428.00,133860.00,129047.00,129205.00,131897.00,134192.00,137658.00,141239.00,144056.00,145880.00,146833.00,148703.00,150831.00,152088.00,153822.00,155909.00,157980.00,159664.00,160175.00,159800.00,..
Cyprus,766615.00,783124.00,800611.00,818746.00,837110.00,855383.00,873423.00,891190.00,908702.00,926046.00,943290.00,960276.00,976964.00,993563.00,1010408.00,1027662.00,1045507.00,1063713.00,1081563.00,1098083.00,1112612.00,1124833.00,1135046.00,1143866.00,1152285.00,1160985.00,1170187.00,1179680.00,1189265.00,..
Czech Republic,10333355.00,10308578.00,10319123.00,10329855.00,10333587.00,10327253.00,10315241.00,10304131.00,10294373.00,10283860.00,10255063.00,10216605.00,10196916.00,10193998.00,10197101.00,10211216.00,10238905.00,10298828.00,10384603.00,10443936.00,10474410.00,10496088.00,10510785.00,10514272.00,10525347.00,10546059.00,10566332.00,10594438.00,10629928.00,..
Denmark,5140939.00,5154298.00,5171370.00,5188628.00,5206180.00,5233373.00,5263074.00,5284991.00,5304219.00,5321799.00,5339616.00,5358783.00,5375931.00,5390574.00,5404523.00,5419432.00,5437272.00,5461438.00,5493621.00,5523095.00,5547683.00,5570572.00,5591572.00,5614932.00,5643475.00,5683483.00,5728010.00,5764980.00,5793636.00,..
Djibouti,590398.00,606844.00,615054.00,618495.00,622366.00,630388.00,643654.00,660863.00,680463.00,699975.00,717584.00,733015.00,746942.00,759641.00,771603.00,783254.00,794563.00,805451.00,816358.00,827823.00,840198.00,853674.00,868136.00,883293.00,898696.00,913993.00,929112.00,944097.00,958920.00,..
Dominica,70419.00,70374.00,70544.00,70831.00,71043.00,71098.00,70936.00,70599.00,70185.00,69835.00,69650.00,69661.00,69837.00,70100.00,70382.00,70589.00,70718.00,70795.00,70827.00,70851.00,70878.00,70916.00,70965.00,71016.00,71085.00,71183.00,71307.00,71458.00,71625.00,..
Dominican Republic,7133494.00,7270409.00,7408342.00,7546463.00,7683707.00,7819247.00,7952763.00,8084407.00,8214426.00,8343283.00,8471321.00,8598601.00,8724975.00,8850317.00,8974444.00,9097257.00,9218686.00,9338861.00,9458075.00,9576737.00,9695121.00,9813210.00,9930911.00,10048224.00,10165178.00,10281680.00,10397743.00,10513131.00,10627165.00,..
Ecuador,10230934.00,10472475.00,10716129.00,10961466.00,11208001.00,11455204.00,11703174.00,11951452.00,12198449.00,12442115.00,12681123.00,12914667.00,13143465.00,13369678.00,13596388.00,13825847.00,14059384.00,14296557.00,14535739.00,14774424.00,15011117.00,15243883.00,15474102.00,15707474.00,15951838.00,16212020.00,16491115.00,16785361.00,17084357.00,..
"Egypt, Arab Rep.",56134475.00,57424549.00,58666814.00,59880658.00,61095804.00,62334034.00,63601629.00,64892270.00,66200269.00,67515591.00,68831561.00,70152661.00,71485043.00,72826097.00,74172073.00,75523569.00,76873663.00,78232126.00,79636079.00,81134798.00,82761235.00,84529250.00,86422240.00,88404640.00,90424654.00,92442547.00,94447072.00,96442593.00,98423595.00,..
El Salvador,5270079.00,5342198.00,5416323.00,5490477.00,5561919.00,5628600.00,5689938.00,5746284.00,5797765.00,5844846.00,5887936.00,5927006.00,5962136.00,5994077.00,6023797.00,6052123.00,6079399.00,6105810.00,6131764.00,6157686.00,6183875.00,6210568.00,6237923.00,6266070.00,6295128.00,6325124.00,6356143.00,6388122.00,6420744.00,..
Equatorial Guinea,419188.00,432853.00,447266.00,462637.00,479098.00,496768.00,515853.00,536460.00,558492.00,581770.00,606181.00,631666.00,658384.00,686664.00,716949.00,749535.00,784496.00,821687.00,860840.00,901599.00,943639.00,986853.00,1031191.00,1076413.00,1122276.00,1168568.00,1215179.00,1262001.00,1308974.00,..
Eritrea,2258653.00,2266358.00,2257596.00,2238626.00,2218430.00,2204222.00,2196464.00,2195179.00,2206432.00,2237405.00,2292416.00,2374722.00,2481058.00,2600973.00,2719803.00,2826659.00,2918205.00,2996536.00,3062779.00,3119920.00,3170435.00,3213972.00,..,..,..,..,..,..,..,..
Estonia,1569174.00,1561314.00,1533091.00,1494128.00,1462514.00,1436634.00,1415594.00,1399535.00,1386156.00,1390244.00,1396985.00,1388115.00,1379350.00,1370720.00,1362550.00,1354775.00,1346810.00,1340680.00,1337090.00,1334515.00,1331475.00,1327439.00,1322696.00,1317997.00,1314545.00,1315407.00,1315790.00,1317384.00,1321977.00,..
Ethiopia,47887865.00,49609969.00,51423585.00,53295566.00,55180998.00,57047908.00,58883530.00,60697443.00,62507724.00,64343013.00,66224804.00,68159423.00,70142091.00,72170584.00,74239505.00,76346311.00,78489206.00,80674348.00,82916235.00,85233913.00,87639964.00,90139927.00,92726971.00,95385785.00,98094253.00,100835458.00,103603501.00,106400024.00,109224559.00,..
Faroe Islands,47274.00,47120.00,46739.00,46266.00,45856.00,45625.00,45615.00,45796.00,46096.00,46436.00,46735.00,46997.00,47233.00,47432.00,47600.00,47722.00,47792.00,47825.00,47820.00,47808.00,47814.00,47823.00,47843.00,47892.00,47960.00,48051.00,48173.00,48331.00,48497.00,..
Fiji,728573.00,735401.00,744469.00,754963.00,765609.00,775425.00,784386.00,792736.00,800157.00,806303.00,811006.00,813925.00,815257.00,816076.00,817860.00,821604.00,827870.00,836190.00,845361.00,853637.00,859818.00,863449.00,865069.00,865608.00,866453.00,868627.00,872399.00,877459.00,883483.00,..
Finland,4986431.00,5013740.00,5041992.00,5066447.00,5088333.00,5107790.00,5124573.00,5139835.00,5153498.00,5165474.00,5176209.00,5188008.00,5200598.00,5213014.00,5228172.00,5246096.00,5266268.00,5288720.00,5313399.00,5338871.00,5363352.00,5388272.00,5413971.00,5438972.00,5461512.00,5479531.00,5495303.00,5508214.00,5515525.00,..
France,58235697.00,58559311.00,58851217.00,59106768.00,59327192.00,59541899.00,59753100.00,59964851.00,60186288.00,60496718.00,60912500.00,61357430.00,61805267.00,62244886.00,62704895.00,63179351.00,63621381.00,64016225.00,64374984.00,64707040.00,65027507.00,65342780.00,65659809.00,65998687.00,66312067.00,66548272.00,66721256.00,66865144.00,66977107.00,..
French Polynesia,199905.00,203726.00,207245.00,210642.00,214197.00,218071.00,222322.00,226866.00,231570.00,236221.00,240686.00,244931.00,248972.00,252703.00,255992.00,258780.00,261010.00,262721.00,264061.00,265254.00,266455.00,267698.00,268998.00,270328.00,271705.00,273124.00,274575.00,276103.00,277679.00,..
Gabon,949488.00,975783.00,1002579.00,1029778.00,1057255.00,1084946.00,1112955.00,1141338.00,1170061.00,1199052.00,1228360.00,1258003.00,1288315.00,1319953.00,1353795.00,1390549.00,1430152.00,1472575.00,1518540.00,1568928.00,1624140.00,1684635.00,1749682.00,1817071.00,1883800.00,1947686.00,2007873.00,2064823.00,2119275.00,..
"Gambia, The",955593.00,992673.00,1027475.00,1060862.00,1094212.00,1128575.00,1164091.00,1200526.00,1238125.00,1277133.00,1317703.00,1360074.00,1404261.00,1449925.00,1496527.00,1543741.00,1591445.00,1639848.00,1689285.00,1740279.00,1793196.00,1848147.00,1905011.00,1963711.00,2024042.00,2085860.00,2149139.00,2213894.00,2280102.00,..
Georgia,4802000.00,4835900.00,4873500.00,4911100.00,4836076.00,4657722.00,4491699.00,4349913.00,4243607.00,4157192.00,4077131.00,4014373.00,3978515.00,3951736.00,3927340.00,3902469.00,3880347.00,3860158.00,3848449.00,3814419.00,3786695.00,3756441.00,3728874.00,3717668.00,3719414.00,3725276.00,3727505.00,3728004.00,3726549.00,..
Germany,79433029.00,80013896.00,80624598.00,81156363.00,81438348.00,81678051.00,81914831.00,82034771.00,82047195.00,82100243.00,82211508.00,82349925.00,82488495.00,82534176.00,82516260.00,82469422.00,82376451.00,82266372.00,82110097.00,81902307.00,81776930.00,80274983.00,80425823.00,80645605.00,80982500.00,81686611.00,82348669.00,82657002.00,82905782.00,..
Ghana,14773277.00,15207367.00,15653336.00,16106765.00,16561674.00,17014057.00,17462496.00,17908985.00,18357156.00,18812359.00,19278856.00,19756928.00,20246381.00,20750299.00,21272323.00,21814642.00,22379055.00,22963946.00,23563825.00,24170940.00,24779619.00,25387710.00,25996449.00,26607642.00,27224472.00,27849205.00,28481946.00,29121471.00,29767108.00,..
Gibraltar,29147.00,29022.00,28840.00,28675.00,28602.00,28692.00,28971.00,29408.00,29947.00,30529.00,31077.00,31602.00,32102.00,32555.00,32928.00,33219.00,33417.00,33517.00,33559.00,33565.00,33585.00,33612.00,33646.00,33692.00,33725.00,33736.00,33737.00,33728.00,33718.00,..
Greece,10196792.00,10319927.00,10399061.00,10460415.00,10512922.00,10562153.00,10608800.00,10661259.00,10720509.00,10761698.00,10805808.00,10862132.00,10902022.00,10928070.00,10955141.00,10987314.00,11020362.00,11048473.00,11077841.00,11107017.00,11121341.00,11104899.00,11045011.00,10965211.00,10892413.00,10820883.00,10775971.00,10754679.00,10731726.00,..
Greenland,55600.00,55500.00,55300.00,55200.00,55500.00,55800.00,55900.00,56000.00,56100.00,56100.00,56200.00,56350.00,56609.00,56765.00,56911.00,56935.00,56774.00,56555.00,56328.00,56323.00,56905.00,56890.00,56810.00,56483.00,56295.00,56114.00,56186.00,56171.00,56025.00,..
Grenada,96331.00,96460.00,97165.00,98230.00,99352.00,100288.00,101001.00,101567.00,102021.00,102432.00,102833.00,103249.00,103634.00,104005.00,104347.00,104661.00,104933.00,105190.00,105456.00,105789.00,106233.00,106796.00,107446.00,108170.00,108902.00,109599.00,110261.00,110874.00,111454.00,..
Guam,130482.00,133558.00,136692.00,139818.00,142802.00,145561.00,148060.00,150303.00,152277.00,153953.00,155329.00,156401.00,157176.00,157717.00,158101.00,158402.00,158648.00,158847.00,159036.00,159226.00,159444.00,159692.00,159996.00,160407.00,161016.00,161853.00,162951.00,164281.00,165768.00,..
Guatemala,9263813.00,9483270.00,9708544.00,9938692.00,10172297.00,10408489.00,10646674.00,10887634.00,11133501.00,11387203.00,11650743.00,11924946.00,12208848.00,12500478.00,12796925.00,13096028.00,13397021.00,13700327.00,14006428.00,14316263.00,14630417.00,14948803.00,15270778.00,15595821.00,15923243.00,16252429.00,16583060.00,16914936.00,17247807.00,..
Guinea,6352283.00,6534939.00,6716038.00,6897166.00,7081116.00,7269625.00,7463782.00,7662075.00,7860781.00,8054743.00,8240730.00,8417081.00,8586074.00,8753093.00,8925743.00,9109581.00,9307425.00,9518162.00,9738792.00,9964469.00,10192176.00,10420471.00,10652029.00,10892810.00,11150977.00,11432088.00,11738441.00,12067539.00,12414318.00,..
Guinea-Bissau,975261.00,997522.00,1020350.00,1043423.00,1066346.00,1088854.00,1110833.00,1132510.00,1154371.00,1177131.00,1201301.00,1227106.00,1254453.00,1283305.00,1313492.00,1344930.00,1377581.00,1411543.00,1446936.00,1483921.00,1522599.00,1562989.00,1604979.00,1648257.00,1692439.00,1737202.00,1782437.00,1828146.00,1874309.00,..
Guyana,743309.00,744474.00,748602.00,754144.00,758896.00,761291.00,760795.00,757970.00,753778.00,749674.00,746715.00,745206.00,744789.00,745143.00,745737.00,746163.00,746343.00,746474.00,746817.00,747718.00,749436.00,752028.00,755399.00,759285.00,763380.00,767432.00,771366.00,775221.00,779004.00,..
Haiti,7037917.00,7178607.00,7319493.00,7460689.00,7602320.00,7744503.00,7887304.00,8030726.00,8174680.00,8319057.00,8463806.00,8608819.00,8754150.00,8900104.00,9047077.00,9195288.00,9344785.00,9495328.00,9646580.00,9798046.00,9949322.00,10100320.00,10250930.00,10400673.00,10549008.00,10695542.00,10839970.00,10982366.00,11123176.00,..
Honduras,4955303.00,5098591.00,5244678.00,5394412.00,5548960.00,5709014.00,5874809.00,6045699.00,6220406.00,6397151.00,6574509.00,6751912.00,6929265.00,7106319.00,7282953.00,7458985.00,7634298.00,7808518.00,7980955.00,8150775.00,8317470.00,8480671.00,8640691.00,8798521.00,8955589.00,9112916.00,9270795.00,9429013.00,9587522.00,..
"Hong Kong SAR, China",5704500.00,5752000.00,5800500.00,5901000.00,6035400.00,6156100.00,6435500.00,6489300.00,6543700.00,6606500.00,6665000.00,6714300.00,6744100.00,6730800.00,6783500.00,6813200.00,6857100.00,6916300.00,6957800.00,6972800.00,7024200.00,7071600.00,7150100.00,7178900.00,7229500.00,7291300.00,7336600.00,7391700.00,7451000.00,..
Hungary,10373988.00,10373400.00,10369341.00,10357523.00,10343355.00,10328965.00,10311238.00,10290486.00,10266570.00,10237530.00,10210971.00,10187576.00,10158608.00,10129552.00,10107146.00,10087065.00,10071370.00,10055780.00,10038188.00,10022650.00,10000023.00,9971727.00,9920362.00,9893082.00,9866468.00,9843028.00,9814023.00,9787966.00,9775564.00,..
Iceland,254826.00,257797.00,261057.00,263725.00,266021.00,267468.00,268916.00,271128.00,274047.00,277381.00,281205.00,284968.00,287523.00,289521.00,292074.00,296734.00,303782.00,311566.00,317414.00,318499.00,318041.00,319014.00,320716.00,323764.00,327386.00,330815.00,335439.00,343400.00,352721.00,..
India,873277798.00,891273209.00,909307016.00,927403860.00,945601831.00,963922588.00,982365243.00,1000900030.00,1019483581.00,1038058156.00,1056575549.00,1075000085.00,1093317189.00,1111523144.00,1129623456.00,1147609927.00,1165486291.00,1183209472.00,1200669765.00,1217726215.00,1234281170.00,1250288729.00,1265782790.00,1280846129.00,1295604184.00,1310152403.00,1324509589.00,1338658835.00,1352617328.00,..
Indonesia,181413402.00,184591903.00,187739786.00,190851175.00,193917462.00,196934260.00,199901228.00,202826446.00,205724592.00,208615169.00,211513823.00,214427417.00,217357793.00,220309469.00,223285676.00,226289470.00,229318262.00,232374245.00,235469762.00,238620563.00,241834215.00,245116206.00,248452413.00,251806402.00,255129004.00,258383256.00,261554226.00,264645886.00,267663435.00,..
"Iran, Islamic Rep.",56366217.00,57679034.00,58780370.00,59723764.00,60590614.00,61442664.00,62294920.00,63136312.00,63971836.00,64800880.00,65623405.00,66449112.00,67284796.00,68122938.00,68951281.00,69762347.00,70554760.00,71336475.00,72120604.00,72924837.00,73762519.00,74634956.00,75539862.00,76481943.00,77465753.00,78492215.00,79564016.00,80673951.00,81800269.00,..
Iraq,17419113.00,17889459.00,18402734.00,18955085.00,19539340.00,20149338.00,20783073.00,21439574.00,22114324.00,22802064.00,23497585.00,24208180.00,24931919.00,25644499.00,26313838.00,26922284.00,27448124.00,27911248.00,28385746.00,28973162.00,29741976.00,30725300.00,31890011.00,33157050.00,34411951.00,35572261.00,36610632.00,37552781.00,38433600.00,..
Ireland,3513974.00,3534235.00,3558430.00,3576261.00,3590386.00,3608841.00,3637510.00,3674171.00,3712696.00,3754786.00,3805174.00,3866243.00,3931947.00,3996521.00,4070262.00,4159914.00,4273591.00,4398942.00,4489544.00,4535375.00,4560155.00,4580084.00,4599533.00,4623816.00,4657740.00,4701957.00,4755335.00,4807388.00,4867309.00,..
Isle of Man,70298.00,70932.00,71254.00,71428.00,71661.00,72131.00,72878.00,73850.00,74943.00,76001.00,76941.00,77703.00,78318.00,78884.00,79520.00,80305.00,81285.00,82408.00,83508.00,84376.00,84857.00,84886.00,84533.00,83976.00,83488.00,83234.00,83287.00,83598.00,84077.00,..
Israel,4660000.00,4949000.00,5123000.00,5261000.00,5399000.00,5545000.00,5692000.00,5836000.00,5971000.00,6125000.00,6289000.00,6439000.00,6570000.00,6689700.00,6809000.00,6930100.00,7053700.00,7180100.00,7308800.00,7485600.00,7623600.00,7765800.00,7910500.00,8059500.00,8215700.00,8380100.00,8546000.00,8713300.00,8882800.00,..
Italy,56719240.00,56758521.00,56797087.00,56831821.00,56843400.00,56844303.00,56860281.00,56890372.00,56906744.00,56916317.00,56942108.00,56974100.00,57059007.00,57313203.00,57685327.00,57969484.00,58143979.00,58438310.00,58826731.00,59095365.00,59277417.00,59379449.00,59539717.00,60233948.00,60789140.00,60730582.00,60627498.00,60536709.00,60421760.00,..
Jamaica,2419906.00,2439334.00,2461049.00,2484581.00,2509043.00,2533711.00,2558637.00,2583916.00,2608873.00,2632675.00,2654701.00,2674702.00,2692845.00,2709437.00,2725015.00,2740003.00,2754407.00,2768227.00,2781876.00,2795837.00,2810460.00,2825929.00,2842132.00,2858709.00,2875136.00,2891021.00,2906238.00,2920853.00,2934855.00,..
Japan,123537000.00,123921000.00,124229000.00,124536000.00,124961000.00,125439000.00,125757000.00,126057000.00,126400000.00,126631000.00,126843000.00,127149000.00,127445000.00,127718000.00,127761000.00,127773000.00,127854000.00,128001000.00,128063000.00,128047000.00,128070000.00,127833000.00,127629000.00,127445000.00,127276000.00,127141000.00,126994511.00,126785797.00,126529100.00,..
Jordan,3565890.00,3760496.00,3977672.00,4201555.00,4410359.00,4588843.00,4732854.00,4848541.00,4943975.00,5031762.00,5122493.00,5217336.00,5317506.00,5434030.00,5580244.00,5765635.00,5991540.00,6255280.00,6556478.00,6893260.00,7261539.00,7663131.00,8090872.00,8520420.00,8920049.00,9266575.00,9551467.00,9779173.00,9956011.00,..
Kazakhstan,16348000.00,16450500.00,16439095.00,16330419.00,16095199.00,15815626.00,15577894.00,15333703.00,15071300.00,14928426.00,14883626.00,14858335.00,14858948.00,14909018.00,15012985.00,15147029.00,15308084.00,15484192.00,15674000.00,16092822.00,16321872.00,16557201.00,16792089.00,17035550.00,17288285.00,17542806.00,17794055.00,18037776.00,18272430.00,..
Kenya,23724579.00,24521703.00,25326078.00,26136216.00,26950513.00,27768296.00,28589451.00,29415659.00,30250488.00,31098757.00,31964557.00,32848564.00,33751739.00,34678779.00,35635271.00,36624895.00,37649033.00,38705932.00,39791981.00,40901792.00,42030676.00,43178257.00,44343410.00,45519889.00,46699981.00,47878336.00,49051686.00,50221473.00,51393010.00,..
Kiribati,72400.00,73692.00,74766.00,75716.00,76670.00,77723.00,78903.00,80187.00,81556.00,82972.00,84396.00,85849.00,87305.00,88835.00,90499.00,92325.00,94343.00,96527.00,98761.00,100930.00,102927.00,104728.00,106370.00,107890.00,109391.00,110930.00,112524.00,114158.00,115847.00,..
"Korea, Dem. People’s Rep.",20293054.00,20609150.00,20937404.00,21265834.00,21577982.00,21862299.00,22113438.00,22335267.00,22536753.00,22731482.00,22929075.00,23132980.00,23339453.00,23542426.00,23732731.00,23904167.00,24054864.00,24188331.00,24310142.00,24428341.00,24548836.00,24673385.00,24800612.00,24929452.00,25057752.00,25183833.00,25307744.00,25429985.00,25549819.00,..
"Korea, Rep.",42869283.00,43295704.00,43747962.00,44194628.00,44641540.00,45092991.00,45524681.00,45953580.00,46286503.00,46616677.00,47008111.00,47370164.00,47644736.00,47892330.00,48082519.00,48184561.00,48438292.00,48683638.00,49054708.00,49307835.00,49554112.00,49936638.00,50199853.00,50428893.00,50746659.00,51014947.00,51217803.00,51361911.00,51606633.00,..
Kosovo,1862000.00,1898000.00,1932000.00,1965000.00,1997000.00,2029000.00,2059000.00,2086000.00,1966000.00,1762000.00,1700000.00,1701154.00,1702310.00,1703466.00,1704622.00,1705780.00,1719536.00,1733404.00,1747383.00,1761474.00,1775680.00,1791000.00,1805200.00,1824100.00,1821800.00,1801800.00,1816200.00,1830700.00,1845300.00,..
Kuwait,2095344.00,2031296.00,..,..,..,1605901.00,1626857.00,1710256.00,1831119.00,1951636.00,2045123.00,2103282.00,2136997.00,2161626.00,2200492.00,2270198.00,2373672.00,2504019.00,2656009.00,2821045.00,2991884.00,3168060.00,3348853.00,3526378.00,3690942.00,3835591.00,3956873.00,4056097.00,4137309.00,..
Kyrgyz Republic,4391200.00,4463600.00,4515400.00,4516700.00,4515100.00,4560400.00,4628400.00,4696400.00,4769000.00,4840400.00,4898400.00,4945100.00,4990700.00,5043300.00,5104700.00,5162600.00,5218400.00,5268400.00,5318700.00,5383300.00,5447900.00,5514600.00,5607200.00,5719600.00,5835500.00,5956900.00,6079500.00,6198200.00,6322800.00,..
Lao PDR,4258472.00,4379236.00,4500351.00,4619944.00,4735845.00,4846483.00,4951195.00,5050315.00,5144602.00,5235346.00,5323700.00,5409582.00,5493246.00,5576640.00,5662208.00,5751676.00,5846074.00,5944948.00,6046620.00,6148623.00,6249165.00,6347567.00,6444530.00,6541304.00,6639756.00,6741164.00,6845846.00,6953035.00,7061507.00,..
Latvia,2663151.00,2650581.00,2614338.00,2563290.00,2520742.00,2485056.00,2457222.00,2432851.00,2410019.00,2390482.00,2367550.00,2337170.00,2310173.00,2287955.00,2263122.00,2238799.00,2218357.00,2200325.00,2177322.00,2141669.00,2097555.00,2059709.00,2034319.00,2012647.00,1993782.00,1977527.00,1959537.00,1942248.00,1927174.00,..
Lebanon,2803044.00,2921706.00,3076132.00,3246126.00,3403357.00,3528380.00,3610665.00,3658424.00,3693520.00,3747766.00,3842778.00,3991001.00,4182205.00,4388375.00,4569378.00,4698763.00,4759753.00,4767344.00,4764741.00,4813026.00,4953061.00,5202343.00,5538634.00,5914621.00,6262410.00,6532678.00,6711121.00,6811873.00,6848925.00,..
Lesotho,1703747.00,1742539.00,1782285.00,1822236.00,1861324.00,1898598.00,1934291.00,1968044.00,1997516.00,2019731.00,2032804.00,2035740.00,2029829.00,2018348.00,2005940.00,1996114.00,1989939.00,1986922.00,1987129.00,1990131.00,1995581.00,2003787.00,2014990.00,2028519.00,2043437.00,2059021.00,2075001.00,2091412.00,2108132.00,..
Liberia,2075912.00,2040139.00,2001624.00,1976699.00,1986493.00,2044661.00,2160478.00,2326202.00,2517481.00,2699712.00,2848456.00,2953927.00,3024729.00,3077058.00,3135651.00,3218116.00,3329211.00,3461911.00,3607860.00,3754133.00,3891356.00,4017443.00,4135659.00,4248334.00,4359505.00,4472230.00,4586788.00,4702228.00,4818977.00,..
Libya,4436661.00,4544242.00,4650885.00,4755133.00,4854875.00,4948798.00,5036171.00,5118007.00,5196780.00,5275926.00,5357891.00,5443248.00,5531089.00,5620547.00,5710154.00,5798614.00,5886872.00,5974787.00,6058748.00,6133984.00,6197663.00,6247439.00,6285750.00,6320359.00,6362037.00,6418315.00,6492164.00,6580724.00,6678567.00,..
Liechtenstein,28789.00,29159.00,29553.00,29975.00,30426.00,30880.00,31348.00,31830.00,32311.00,32769.00,33184.00,33552.00,33879.00,34175.00,34452.00,34713.00,34970.00,35217.00,35471.00,35727.00,35994.00,36293.00,36615.00,36934.00,37223.00,37470.00,37658.00,37800.00,37910.00,..
Lithuania,3697838.00,3704134.00,3700114.00,3682613.00,3657144.00,3629102.00,3601613.00,3575137.00,3549331.00,3524238.00,3499536.00,3470818.00,3443067.00,3415213.00,3377075.00,3322528.00,3269909.00,3231294.00,3198231.00,3162916.00,3097282.00,3028115.00,2987773.00,2957689.00,2932367.00,2904910.00,2868231.00,2828403.00,2801543.00,..
Luxembourg,381850.00,387000.00,392175.00,397475.00,402925.00,408625.00,414225.00,419450.00,424700.00,430475.00,436300.00,441525.00,446175.00,451630.00,458095.00,465158.00,472637.00,479993.00,488650.00,497783.00,506953.00,518347.00,530946.00,543360.00,556319.00,569604.00,582014.00,596336.00,607950.00,..
"Macao SAR, China",343808.00,353626.00,362311.00,370199.00,377798.00,385513.00,393373.00,401352.00,409616.00,418383.00,427782.00,437938.00,448821.00,460165.00,471597.00,482858.00,493799.00,504511.00,515239.00,526400.00,538219.00,550832.00,564039.00,577372.00,590208.00,602085.00,612836.00,622585.00,631636.00,..
North Macedonia,1996228.00,1993302.00,1988659.00,1984028.00,1981703.00,1983252.00,1989443.00,1999598.00,2012057.00,2024394.00,2034819.00,2042842.00,2048928.00,2053426.00,2057048.00,2060273.00,2063131.00,2065426.00,2067313.00,2069039.00,2070741.00,2072487.00,2074278.00,2076067.00,2077775.00,2079328.00,2080745.00,2081996.00,2082958.00,..
Madagascar,11598633.00,11942819.00,12301336.00,12675460.00,13066543.00,13475400.00,13902688.00,14347854.00,14808791.00,15282521.00,15766806.00,16260932.00,16765117.00,17279141.00,17802997.00,18336724.00,18880269.00,19433530.00,19996473.00,20569117.00,21151640.00,21743967.00,22346641.00,22961253.00,23589887.00,24234088.00,24894380.00,25570540.00,26262368.00,..
Malawi,9404500.00,9600355.00,9685973.00,9710331.00,9745690.00,9844415.00,10022789.00,10264906.00,10552338.00,10854322.00,11148758.00,11432000.00,11713664.00,12000181.00,12301838.00,12625952.00,12973699.00,13341806.00,13727890.00,14128155.00,14539612.00,14962112.00,15396005.00,15839269.00,16289540.00,16745303.00,17205289.00,17670260.00,18143315.00,..
Malaysia,18029824.00,18519937.00,19002656.00,19484898.00,19977500.00,20487607.00,21017613.00,21562793.00,22114654.00,22661298.00,23194257.00,23709119.00,24208391.00,24698819.00,25190652.00,25690611.00,26201961.00,26720370.00,27236006.00,27735040.00,28208035.00,28650955.00,29068159.00,29468872.00,29866559.00,30270962.00,30684804.00,31105028.00,31528585.00,..
Maldives,223158.00,229751.00,236265.00,242605.00,248588.00,254139.00,259183.00,263842.00,268455.00,273527.00,279398.00,286306.00,294186.00,302683.00,311265.00,319608.00,327487.00,335169.00,343452.00,353398.00,365734.00,380495.00,397237.00,415593.00,435015.00,454915.00,475513.00,496402.00,515696.00,..
Mali,8449913.00,8635527.00,8850334.00,9087176.00,9334880.00,9585653.00,9837571.00,10094368.00,10360561.00,10642936.00,10946445.00,11271600.00,11616887.00,11982695.00,12369070.00,12775516.00,13203378.00,13651464.00,14113577.00,14581429.00,15049353.00,15514591.00,15979499.00,16449864.00,16934220.00,17438778.00,17965429.00,18512394.00,19077690.00,..
Malta,354170.00,363845.00,367618.00,371308.00,374797.00,377419.00,379905.00,382791.00,385287.00,387578.00,390087.00,393028.00,395969.00,398582.00,401268.00,403834.00,405308.00,406724.00,409379.00,412477.00,414508.00,416268.00,420028.00,425967.00,434558.00,445053.00,455356.00,467999.00,484630.00,..
Marshall Islands,47271.00,48404.00,49245.00,49831.00,50215.00,50457.00,50533.00,50450.00,50356.00,50423.00,50753.00,51422.00,52370.00,53456.00,54476.00,55258.00,55767.00,56051.00,56174.00,56250.00,56366.00,56531.00,56717.00,56938.00,57179.00,57439.00,57735.00,58058.00,58413.00,..
Mauritania,2034346.00,2087912.00,2142645.00,2198532.00,2255516.00,2313630.00,2372901.00,2433563.00,2496216.00,2561585.00,2630219.00,2702400.00,2778099.00,2857148.00,2939247.00,3024194.00,3111906.00,3202517.00,3296238.00,3393409.00,3494195.00,3598648.00,3706554.00,3817494.00,3930896.00,4046301.00,4163534.00,4282574.00,4403319.00,..
Mauritius,1058775.00,1070266.00,1084441.00,1097374.00,1112846.00,1122457.00,1133996.00,1148284.00,1160421.00,1175267.00,1186873.00,1196287.00,1204621.00,1213370.00,1221003.00,1228254.00,1233996.00,1239630.00,1244121.00,1247429.00,1250400.00,1252404.00,1255882.00,1258653.00,1260934.00,1262605.00,1263473.00,1264613.00,1265303.00,..
Mexico,83943132.00,85512623.00,87075138.00,88625440.00,90156400.00,91663285.00,93147044.00,94611002.00,96056321.00,97484832.00,98899845.00,100298153.00,101684758.00,103081020.00,104514932.00,106005203.00,107560153.00,109170502.00,110815271.00,112463887.00,114092963.00,115695473.00,117274155.00,118827161.00,120355128.00,121858258.00,123333376.00,124777324.00,126190788.00,..
"Micronesia, Fed. Sts.",96301.00,98770.00,101389.00,103915.00,106030.00,107529.00,108321.00,108480.00,108208.00,107781.00,107402.00,107173.00,107030.00,106901.00,106625.00,106129.00,105371.00,104444.00,103543.00,102975.00,102911.00,103450.00,104506.00,105926.00,107446.00,108895.00,110215.00,111459.00,112640.00,..
Moldova,2969097.00,2975523.00,2977130.00,2973114.00,2964277.00,2952307.00,2946401.00,2935524.00,2934339.00,2929735.00,2923783.00,2917252.00,2910504.00,2902320.00,2895147.00,2888111.00,2880095.00,2873429.00,2867964.00,2864346.00,2861487.00,2859833.00,2859458.00,2858692.00,2856950.00,2834530.00,2802170.00,2755158.00,2706049.00,..
Monaco,29438.00,29622.00,29865.00,30146.00,30435.00,30716.00,30995.00,31280.00,31556.00,31844.00,32147.00,32470.00,32806.00,33153.00,33500.00,33843.00,34190.00,34525.00,34872.00,35226.00,35612.00,36024.00,36460.00,36901.00,37322.00,37718.00,38070.00,38392.00,38682.00,..
Mongolia,2184145.00,2217917.00,2243495.00,2263186.00,2280479.00,2298020.00,2316568.00,2335734.00,2355664.00,2376225.00,2397418.00,2419588.00,2443271.00,2468762.00,2496391.00,2526424.00,2558856.00,2593820.00,2631898.00,2673796.00,2719896.00,2770362.00,2824699.00,2881792.00,2940108.00,2998439.00,3056359.00,3113779.00,3170208.00,..
Montenegro,606372.00,607105.00,608516.00,610170.00,611389.00,611712.00,611003.00,609520.00,607662.00,606001.00,604950.00,607389.00,609828.00,612267.00,613353.00,614261.00,615025.00,615875.00,616969.00,618294.00,619428.00,620079.00,620601.00,621207.00,621810.00,622159.00,622303.00,622373.00,622227.00,..
Morocco,24807462.00,25260404.00,25711406.00,26155203.00,26584478.00,26994250.00,27383473.00,27754571.00,28110443.00,28455509.00,28793679.00,29126330.00,29454768.00,29782884.00,30115214.00,30455561.00,30804683.00,31163673.00,31536811.00,31929087.00,32343389.00,32781850.00,33241898.00,33715693.00,34192347.00,34663603.00,35126296.00,35581294.00,36029138.00,..
Mozambique,12987292.00,13328032.00,13806001.00,14370946.00,14948048.00,15483286.00,15960442.00,16397183.00,16813949.00,17244188.00,17711927.00,18221888.00,18764155.00,19331100.00,19910552.00,20493925.00,21080110.00,21673316.00,22276596.00,22894710.00,23531574.00,24187487.00,24862648.00,25560725.00,26286163.00,27042002.00,27829942.00,28649007.00,29495962.00,..
Myanmar,41335199.00,41890197.00,42401684.00,42890002.00,43383428.00,43901598.00,44452206.00,45027233.00,45611220.00,46181077.00,46719701.00,47225120.00,47702171.00,48148902.00,48564484.00,48949924.00,49301050.00,49621475.00,49929642.00,50250367.00,50600818.00,50990615.00,51413698.00,51852451.00,52280807.00,52680726.00,53045226.00,53382581.00,53708395.00,..
Namibia,1432905.00,1476388.00,1516958.00,1555101.00,1591822.00,1627865.00,1663378.00,1698032.00,1731639.00,1763859.00,1794571.00,1823672.00,1851523.00,1879117.00,1907745.00,1938320.00,1971317.00,2006514.00,2043394.00,2081044.00,2118874.00,2156701.00,2194784.00,2233510.00,2273430.00,2314904.00,2358041.00,2402603.00,2448255.00,..
Nauru,9505.00,9764.00,10030.00,10287.00,10498.00,10628.00,10672.00,10647.00,10565.00,10449.00,10337.00,10215.00,10102.00,9994.00,9902.00,9849.00,9828.00,9842.00,9891.00,9939.00,10005.00,10057.00,10279.00,10821.00,11853.00,12475.00,13049.00,12876.00,12704.00,..
Nepal,18905478.00,19405504.00,19938320.00,20489975.00,21040904.00,21576071.00,22090352.00,22584775.00,23057883.00,23509964.00,23941110.00,24347106.00,24725627.00,25080872.00,25419344.00,25744500.00,26066693.00,26382581.00,26666576.00,26883535.00,27013212.00,27041437.00,26989862.00,26917906.00,26906926.00,27015031.00,27261131.00,27627124.00,28087871.00,..
Netherlands,14951510.00,15069798.00,15184166.00,15290368.00,15382838.00,15459006.00,15530498.00,15610650.00,15707209.00,15812088.00,15925513.00,16046180.00,16148929.00,16225302.00,16281779.00,16319868.00,16346101.00,16381696.00,16445593.00,16530388.00,16615394.00,16693074.00,16754962.00,16804432.00,16865008.00,16939923.00,17030314.00,17131296.00,17231624.00,..
New Caledonia,170899.00,175362.00,179799.00,184496.00,189482.00,193816.00,197564.00,201418.00,205279.00,209214.00,213230.00,217324.00,221490.00,225296.00,228750.00,232250.00,235750.00,239250.00,242750.00,245950.00,249750.00,254350.00,259000.00,263650.00,268050.00,272400.00,276550.00,280350.00,284060.00,..
New Zealand,3329800.00,3495100.00,3531700.00,3572200.00,3620000.00,3673400.00,3732000.00,3781300.00,3815000.00,3835100.00,3857700.00,3880500.00,3948500.00,4027200.00,4087500.00,4133900.00,4184600.00,4223800.00,4259800.00,4302600.00,4350700.00,4384000.00,4408100.00,4442100.00,4509700.00,4595700.00,4693200.00,4793900.00,4841000.00,..
Nicaragua,4173434.00,4267568.00,4364512.00,4462497.00,4559006.00,4652185.00,4741578.00,4827661.00,4910647.00,4991040.00,5069302.00,5145366.00,5219328.00,5292118.00,5364935.00,5438690.00,5513763.00,5590055.00,5667432.00,5745526.00,5824065.00,5903039.00,5982526.00,6062454.00,6142733.00,6223240.00,6303974.00,6384855.00,6465513.00,..
Niger,8026591.00,8288735.00,8566770.00,8860287.00,9168312.00,9490288.00,9826598.00,10178201.00,10545716.00,10929918.00,11331557.00,11751365.00,12189983.00,12647984.00,13125916.00,13624467.00,14143971.00,14685399.00,15250908.00,15843133.00,16464025.00,17114761.00,17795191.00,18504255.00,19240157.00,20001663.00,20788838.00,21602472.00,22442948.00,..
Nigeria,95212450.00,97667632.00,100161710.00,102700753.00,105293700.00,107948335.00,110668794.00,113457663.00,116319759.00,119260063.00,122283850.00,125394046.00,128596076.00,131900631.00,135320422.00,138865016.00,142538308.00,146339977.00,150269623.00,154324933.00,158503197.00,162805071.00,167228767.00,171765769.00,176404902.00,181137448.00,185960289.00,190873311.00,195874740.00,..
Northern Mariana Islands,45752.00,46666.00,46476.00,45758.00,45364.00,45870.00,47521.00,50056.00,52997.00,55636.00,57453.00,58321.00,58420.00,57947.00,57246.00,56542.00,55882.00,55219.00,54625.00,54193.00,53971.00,54012.00,54311.00,54784.00,55305.00,55780.00,56188.00,56562.00,56882.00,..
Norway,4241473.00,4261732.00,4286401.00,4311991.00,4336613.00,4359184.00,4381336.00,4405157.00,4431464.00,4461913.00,4490967.00,4513751.00,4538159.00,4564855.00,4591910.00,4623291.00,4660677.00,4709153.00,4768212.00,4828726.00,4889252.00,4953088.00,5018573.00,5079623.00,5137232.00,5188607.00,5234519.00,5276968.00,5311916.00,..
Oman,1812161.00,1893768.00,1983275.00,2072104.00,2148419.00,2204277.00,2236654.00,2249762.00,2251864.00,2254904.00,2267973.00,2294962.00,2334858.00,2386166.00,2445517.00,2511251.00,2580758.00,2657158.00,2750963.00,2876186.00,3041434.00,3251108.00,3498029.00,3764805.00,4027260.00,4267348.00,4479219.00,4665935.00,4829483.00,..
Pakistan,107647921.00,110778648.00,113911126.00,117086685.00,120362762.00,123776839.00,127349290.00,131057431.00,134843233.00,138624621.00,142343578.00,145978402.00,149549700.00,153093373.00,156664697.00,160304008.00,164022627.00,167808105.00,171648986.00,175525609.00,179424641.00,183340592.00,187281475.00,191262919.00,195306825.00,199426964.00,203627284.00,207896686.00,212215030.00,..
Palau,15058.00,15441.00,15856.00,16290.00,16717.00,17164.00,17593.00,18014.00,18410.00,18776.00,19105.00,19386.00,19637.00,19809.00,19867.00,19781.00,19540.00,19158.00,18704.00,18285.00,17955.00,17745.00,17640.00,17606.00,17626.00,17665.00,17725.00,17808.00,17907.00,..
Panama,2470947.00,2523118.00,2575954.00,2629580.00,2684116.00,2739668.00,2796291.00,2853913.00,2912316.00,2971196.00,3030328.00,3089648.00,3149188.00,3209048.00,3269356.00,3330217.00,3391666.00,3453675.00,3516204.00,3579215.00,3642687.00,3706483.00,3770624.00,3835437.00,3901315.00,3968487.00,4037078.00,4106771.00,4176873.00,..
Papua New Guinea,4615839.00,4725547.00,4836217.00,4949051.00,5065661.00,5187060.00,5314248.00,5446641.00,5581762.00,5716161.00,5847586.00,5974629.00,6098621.00,6223377.00,6354245.00,6494903.00,6646895.00,6808514.00,6976201.00,7144776.00,7310507.00,7472200.00,7631002.00,7788379.00,7946731.00,8107775.00,8271760.00,8438029.00,8606316.00,..
Paraguay,4223415.00,4334345.00,4445016.00,4555521.00,4666094.00,4776843.00,4887632.00,4998100.00,5107839.00,5216349.00,5323201.00,5428444.00,5531962.00,5632983.00,5730549.00,5824096.00,5913209.00,5998427.00,6081296.00,6163972.00,6248020.00,6333976.00,6421512.00,6510276.00,6599526.00,6688746.00,6777872.00,6867062.00,6956071.00,..
Peru,22071433.00,22522378.00,22966818.00,23408131.00,23851408.00,24299160.00,24753824.00,25210954.00,25658062.00,26078293.00,26459944.00,26799285.00,27100968.00,27372226.00,27624213.00,27866145.00,28102056.00,28333052.00,28562317.00,28792655.00,29027674.00,29264318.00,29506788.00,29773987.00,30090359.00,30470734.00,30926032.00,31444297.00,31989256.00,..
Philippines,61895160.00,63454786.00,65020116.00,66593904.00,68180859.00,69784088.00,71401749.00,73030884.00,74672014.00,76325927.00,77991755.00,79672873.00,81365258.00,83051971.00,84710542.00,86326250.00,87888675.00,89405482.00,90901965.00,92414158.00,93966780.00,95570047.00,97212638.00,98871552.00,100513138.00,102113212.00,103663927.00,105173264.00,106651922.00,..
Poland,38110782.00,38246193.00,38363667.00,38461408.00,38542652.00,38594998.00,38624370.00,38649660.00,38663481.00,38660271.00,38258629.00,38248076.00,38230364.00,38204570.00,38182222.00,38165445.00,38141267.00,38120560.00,38125759.00,38151603.00,38042794.00,38063255.00,38063164.00,38040196.00,38011735.00,37986412.00,37970087.00,37974826.00,37974750.00,..
Portugal,9983218.00,9960235.00,9952494.00,9964675.00,9991525.00,10026176.00,10063945.00,10108977.00,10160196.00,10217828.00,10289898.00,10362722.00,10419631.00,10458821.00,10483861.00,10503330.00,10522288.00,10542964.00,10558177.00,10568247.00,10573100.00,10557560.00,10514844.00,10457295.00,10401062.00,10358076.00,10325452.00,10300300.00,10283822.00,..
Puerto Rico,3537000.00,3562110.00,3585176.00,3615497.00,3649237.00,3683103.00,3724655.00,3759430.00,3781101.00,3800081.00,3810605.00,3818774.00,3823701.00,3826095.00,3826878.00,3821362.00,3805214.00,3782995.00,3760866.00,3740410.00,3721525.00,3678732.00,3634488.00,3593077.00,3534874.00,3473166.00,3406495.00,3325001.00,3195153.00,..
Qatar,476278.00,487353.00,495395.00,501479.00,507041.00,513442.00,522531.00,535321.00,551562.00,570489.00,592468.00,615012.00,640868.00,681788.00,753334.00,865416.00,1022711.00,1218434.00,1436665.00,1654950.00,1856327.00,2035871.00,2196074.00,2336574.00,2459198.00,2565710.00,2654374.00,2724724.00,2781677.00,..
Romania,23201835.00,23001155.00,22794284.00,22763280.00,22730211.00,22684270.00,22619004.00,22553978.00,22507344.00,22472040.00,22442971.00,22131970.00,21730496.00,21574326.00,21451748.00,21319685.00,21193760.00,20882982.00,20537875.00,20367487.00,20246871.00,20147528.00,20058035.00,19983693.00,19908979.00,19815616.00,19702468.00,19587491.00,19466145.00,..
Russian Federation,148292000.00,148624000.00,148689000.00,148520000.00,148336000.00,148375726.00,148160042.00,147915307.00,147670692.00,147214392.00,146596557.00,145976083.00,145306046.00,144648257.00,144067054.00,143518523.00,143049528.00,142805088.00,142742350.00,142785342.00,142849449.00,142960868.00,143201676.00,143506911.00,143819666.00,144096870.00,144342396.00,144496740.00,144478050.00,..
Rwanda,7288882.00,7083935.00,6702244.00,6263757.00,5936261.00,5836495.00,6013107.00,6419901.00,6962802.00,7501234.00,7933681.00,8231156.00,8427060.00,8557161.00,8680524.00,8840215.00,9043337.00,9273757.00,9524534.00,9782770.00,10039338.00,10293331.00,10549678.00,10811543.00,11083635.00,11369071.00,11668818.00,11980937.00,12301939.00,..
Samoa,162803.00,163997.00,165490.00,167119.00,168694.00,170054.00,171165.00,172068.00,172839.00,173609.00,174454.00,175392.00,176407.00,177484.00,178590.00,179727.00,180876.00,182046.00,183263.00,184556.00,185949.00,187469.00,189088.00,190717.00,192221.00,193513.00,194535.00,195352.00,196130.00,..
San Marino,24125.00,24460.00,24822.00,25209.00,25582.00,25928.00,26252.00,26562.00,26840.00,27145.00,27462.00,27812.00,28175.00,28562.00,28940.00,29324.00,29700.00,30063.00,30434.00,30816.00,31229.00,31661.00,32105.00,32553.00,32948.00,33272.00,33504.00,33671.00,33785.00,..
Sao Tome and Principe,119209.00,121956.00,124576.00,127062.00,129427.00,131678.00,133806.00,135832.00,137848.00,139959.00,142262.00,144755.00,147447.00,150415.00,153737.00,157472.00,161681.00,166300.00,171120.00,175876.00,180371.00,184524.00,188404.00,192087.00,195727.00,199432.00,203227.00,207089.00,211028.00,..
Saudi Arabia,16233785.00,16772694.00,17282691.00,17763298.00,18214470.00,18638787.00,19033845.00,19407142.00,19783304.00,20194527.00,20663843.00,21202642.00,21805313.00,22456649.00,23132682.00,23816183.00,24498310.00,25184597.00,25888541.00,26630303.00,27421461.00,28267685.00,29155187.00,30052518.00,30916994.00,31717667.00,32442572.00,33099147.00,33699947.00,..
Senegal,7526307.00,7755496.00,7990096.00,8226760.00,8461068.00,8690164.00,8912861.00,9130877.00,9347774.00,9568722.00,9797734.00,10036104.00,10283699.00,10541467.00,10810083.00,11090116.00,11382268.00,11687080.00,12004701.00,12335084.00,12678148.00,13033809.00,13401991.00,13782420.00,14174731.00,14578459.00,14993528.00,15419381.00,15854360.00,..
Serbia,7586000.00,7595636.00,7646424.00,7699307.00,7734639.00,7625357.00,7617794.00,7596501.00,7567745.00,7540401.00,7516346.00,7503433.00,7496522.00,7480591.00,7463157.00,7440769.00,7411569.00,7381579.00,7350222.00,7320807.00,7291436.00,7234099.00,7199077.00,7164132.00,7130576.00,7095383.00,7058322.00,7020858.00,6982604.00,..
Seychelles,69507.00,70439.00,70763.00,72253.00,74205.00,75304.00,76417.00,77319.00,78846.00,80410.00,81131.00,81202.00,83723.00,82781.00,82475.00,82858.00,84600.00,85033.00,86956.00,87298.00,89770.00,87441.00,88303.00,89949.00,91359.00,93419.00,94677.00,95843.00,96762.00,..
Sierra Leone,4319762.00,4348660.00,4347724.00,4328957.00,4309775.00,4303957.00,4312666.00,4335301.00,4381483.00,4462378.00,4584571.00,4754072.00,4965766.00,5201070.00,5433991.00,5645624.00,5829237.00,5989633.00,6133603.00,6272734.00,6415634.00,6563240.00,6712581.00,6863980.00,7017144.00,7171914.00,7328838.00,7488431.00,7650154.00,..
Singapore,3047132.00,3135083.00,3230698.00,3313471.00,3419048.00,3524506.00,3670704.00,3796038.00,3927213.00,3958723.00,4027887.00,4138012.00,4175950.00,4114826.00,4166664.00,4265762.00,4401365.00,4588599.00,4839396.00,4987573.00,5076732.00,5183688.00,5312437.00,5399162.00,5469724.00,5535002.00,5607283.00,5612253.00,5638676.00,..
Sint Maarten (Dutch part),..,..,..,..,..,..,..,..,31240.00,31084.00,30519.00,30600.00,30777.00,31472.00,32488.00,33011.00,33441.00,33811.00,33964.00,34238.00,34056.00,33435.00,34640.00,36607.00,37685.00,38825.00,39969.00,40574.00,40654.00,..
Slovak Republic,5299187.00,5303294.00,5305016.00,5325305.00,5346331.00,5361999.00,5373361.00,5383291.00,5390516.00,5396020.00,5388720.00,5378867.00,5376912.00,5373374.00,5372280.00,5372807.00,5373054.00,5374622.00,5379233.00,5386406.00,5391428.00,5398384.00,5407579.00,5413393.00,5418649.00,5423801.00,5430798.00,5439232.00,5446771.00,..
Slovenia,1998161.00,1999429.00,1996498.00,1991746.00,1989443.00,1989872.00,1988628.00,1985956.00,1981629.00,1983045.00,1988925.00,1992060.00,1994530.00,1995733.00,1997012.00,2000474.00,2006868.00,2018122.00,2021316.00,2039669.00,2048583.00,2052843.00,2057159.00,2059953.00,2061980.00,2063531.00,2065042.00,2066388.00,2073894.00,..
Solomon Islands,311866.00,320780.00,329995.00,339504.00,349281.00,359281.00,369523.00,379999.00,390693.00,401586.00,412660.00,423944.00,435432.00,447017.00,458539.00,469918.00,481078.00,492132.00,503360.00,515181.00,527861.00,541521.00,556064.00,571335.00,587079.00,603118.00,619437.00,636038.00,652858.00,..
Somalia,7225092.00,7274030.00,7295384.00,7315865.00,7372598.00,7491637.00,7682686.00,7936127.00,8235064.00,8553601.00,8872254.00,9186725.00,9501342.00,9815412.00,10130243.00,10446863.00,10763905.00,11080121.00,11397188.00,11717692.00,12043883.00,12376302.00,12715510.00,13063706.00,13423576.00,13797201.00,14185613.00,14589119.00,15008154.00,..
South Africa,36800509.00,37718950.00,38672607.00,39633750.00,40564059.00,41435758.00,42241011.00,42987461.00,43682260.00,44338543.00,44967708.00,45571274.00,46150913.00,46719196.00,47291610.00,47880601.00,48489459.00,49119759.00,49779471.00,50477011.00,51216964.00,52004172.00,52834005.00,53689236.00,54545991.00,55386367.00,56203654.00,57000451.00,57779622.00,..
South Sudan,5492623.00,5420171.00,5305457.00,5185699.00,5111365.00,5118083.00,5221926.00,5411655.00,5661942.00,5933882.00,6199394.00,6447793.00,6688226.00,6935676.00,7213351.00,7535932.00,7907406.00,8315139.00,8736939.00,9142259.00,9508364.00,9830698.00,10113647.00,10355036.00,10554883.00,10715658.00,10832512.00,10910759.00,10975920.00,..
Spain,38867322.00,38966376.00,39157685.00,39361262.00,39549108.00,39724050.00,39889852.00,40057389.00,40223509.00,40386875.00,40567864.00,40850412.00,41431558.00,42187645.00,42921895.00,43653155.00,44397319.00,45226803.00,45954106.00,46362946.00,46576897.00,46742697.00,46773055.00,46620045.00,46480882.00,46444832.00,46484062.00,46593236.00,46796540.00,..
Sri Lanka,17325773.00,17535729.00,17736821.00,17924823.00,18094477.00,18242912.00,18367288.00,18470900.00,18564599.00,18663284.00,18777601.00,18911730.00,19062482.00,19224037.00,19387153.00,19544988.00,19695972.00,19842044.00,19983984.00,20123508.00,20261737.00,20398670.00,20425000.00,20585000.00,20778000.00,20970000.00,21203000.00,21444000.00,21670000.00,..
St. Kitts and Nevis,40259.00,40379.00,40697.00,41135.00,41617.00,42074.00,42475.00,42854.00,43221.00,43614.00,44074.00,44599.00,45165.00,45746.00,46324.00,46857.00,47339.00,47778.00,48185.00,48599.00,49016.00,49447.00,49887.00,50331.00,50774.00,51203.00,51625.00,52045.00,52441.00,..
St. Lucia,138020.00,139995.00,141760.00,143409.00,145083.00,146870.00,148834.00,150913.00,153021.00,154995.00,156729.00,158179.00,159392.00,160530.00,161816.00,163417.00,165381.00,167639.00,170011.00,172221.00,174085.00,175544.00,176646.00,177513.00,178296.00,179126.00,180024.00,180955.00,181889.00,..
St. Martin (French part),31520.00,32449.00,31811.00,30200.00,28484.00,27321.00,26849.00,26909.00,27392.00,28116.00,28935.00,29853.00,30910.00,32053.00,33186.00,34248.00,35237.00,36137.00,36885.00,37377.00,37582.00,37446.00,37009.00,36453.00,36015.00,35858.00,36065.00,36560.00,37264.00,..
St. Vincent and the Grenadines,107484.00,107776.00,107950.00,108033.00,108053.00,108035.00,107976.00,107895.00,107801.00,107758.00,107784.00,107896.00,108097.00,108326.00,108512.00,108614.00,108603.00,108518.00,108393.00,108287.00,108255.00,108316.00,108435.00,108622.00,108861.00,109148.00,109459.00,109827.00,110210.00,..
Sudan,20147590.00,20891441.00,21696244.00,22527834.00,23338464.00,24094747.00,24782383.00,25413917.00,26015521.00,26626520.00,27275015.00,27971082.00,28704778.00,29460519.00,30214193.00,30949516.00,31661823.00,32360621.00,33060837.00,33783788.00,34545013.00,35349681.00,36193783.00,37072550.00,37977655.00,38902950.00,39847440.00,40813396.00,41801533.00,..
Suriname,405168.00,413005.00,420655.00,428030.00,435105.00,441851.00,448213.00,454161.00,459831.00,465385.00,470949.00,476579.00,482235.00,487942.00,493679.00,499464.00,505295.00,511181.00,517123.00,523111.00,529131.00,535179.00,541245.00,547291.00,553273.00,559143.00,564888.00,570496.00,575991.00,..
Eswatini,822420.00,845266.00,866993.00,887706.00,907620.00,926841.00,945508.00,963426.00,979918.00,994108.00,1005435.00,1013609.00,1019059.00,1022802.00,1026286.00,1030579.00,1036092.00,1042652.00,1049945.00,1057467.00,1064837.00,1072032.00,1079288.00,1086839.00,1095021.00,1104044.00,1113984.00,1124753.00,1136191.00,..
Sweden,8558835.00,8617375.00,8668067.00,8718561.00,8780745.00,8826939.00,8840998.00,8846062.00,8850974.00,8857874.00,8872109.00,8895960.00,8924958.00,8958229.00,8993531.00,9029572.00,9080505.00,9148092.00,9219637.00,9298515.00,9378126.00,9449213.00,9519374.00,9600379.00,9696110.00,9799186.00,9923085.00,10057698.00,10175214.00,..
Switzerland,6715519.00,6799978.00,6875364.00,6938265.00,6993795.00,7040687.00,7071850.00,7088906.00,7110001.00,7143991.00,7184250.00,7229854.00,7284753.00,7339001.00,7389625.00,7437115.00,7483934.00,7551117.00,7647675.00,7743831.00,7824909.00,7912398.00,7996861.00,8089346.00,8188649.00,8282396.00,8373338.00,8451840.00,8513227.00,..
Syrian Arab Republic,12446171.00,12815401.00,13187663.00,13565072.00,13950476.00,14345492.00,14754142.00,15175316.00,15599591.00,16013985.00,16410848.00,16766561.00,17084632.00,17415214.00,17827825.00,18361176.00,19059258.00,19878254.00,20664038.00,21205873.00,21362529.00,21082966.00,20442541.00,19584274.00,18715672.00,17997408.00,17453933.00,17068002.00,16906283.00,..
Tajikistan,5283814.00,5400630.00,5502494.00,5593315.00,5679167.00,5764810.00,5851355.00,5938405.00,6027388.00,6119661.00,6216341.00,6318513.00,6426867.00,6541547.00,6662389.00,6789321.00,6922587.00,7062672.00,7209930.00,7364753.00,7527394.00,7697510.00,7874835.00,8059769.00,8252833.00,8454028.00,8663579.00,8880268.00,9100837.00,..
Tanzania,25203845.00,26056594.00,26961197.00,27887203.00,28792639.00,29649135.00,30444526.00,31192857.00,31924196.00,32682239.00,33499180.00,34385856.00,35334788.00,36337782.00,37379767.00,38450320.00,39548663.00,40681414.00,41853944.00,43073834.00,44346525.00,45673338.00,47052481.00,48482266.00,49959822.00,51482633.00,53050790.00,54663906.00,56318348.00,..
Thailand,56558186.00,57232465.00,57811021.00,58337773.00,58875269.00,59467274.00,60130186.00,60846582.00,61585103.00,62298571.00,62952642.00,63539196.00,64069087.00,64549866.00,64995299.00,65416189.00,65812536.00,66182067.00,66530984.00,66866839.00,67195028.00,67518382.00,67835957.00,68144501.00,68438730.00,68714511.00,68971331.00,69209858.00,69428524.00,..
Timor-Leste,737814.00,759527.00,783198.00,806860.00,827825.00,844334.00,855362.00,861866.00,866530.00,873136.00,884366.00,901214.00,922694.00,947108.00,971893.00,995135.00,1016432.00,1036392.00,1055431.00,1074277.00,1093523.00,1113151.00,1132994.00,1153295.00,1174331.00,1196302.00,1219288.00,1243261.00,1267972.00,..
Togo,3774312.00,3862992.00,3945905.00,4029053.00,4120616.00,4226291.00,4348805.00,4485951.00,4632446.00,4780448.00,4924402.00,5062567.00,5197031.00,5330639.00,5467766.00,5611640.00,5762880.00,5920359.00,6083420.00,6250835.00,6421679.00,6595943.00,6773807.00,6954721.00,7137997.00,7323158.00,7509952.00,7698475.00,7889094.00,..
Tonga,95069.00,95246.00,95399.00,95557.00,95739.00,95976.00,96273.00,96619.00,97032.00,97482.00,97973.00,98487.00,99022.00,99589.00,100218.00,100905.00,101706.00,102581.00,103379.00,103890.00,103986.00,103562.00,102737.00,101768.00,101028.00,100781.00,101133.00,101998.00,103197.00,..
Trinidad and Tobago,1221116.00,1229103.00,1236683.00,1243616.00,1249520.00,1254200.00,1257549.00,1259848.00,1261695.00,1263933.00,1267153.00,1271632.00,1277213.00,1283559.00,1290123.00,1296502.00,1302561.00,1308451.00,1314443.00,1320930.00,1328147.00,1336178.00,1344817.00,1353700.00,1362342.00,1370328.00,1377564.00,1384072.00,1389858.00,..
Tunisia,8242496.00,8427857.00,8613861.00,8795932.00,8967916.00,9125398.00,9267340.00,9395123.00,9509857.00,9613588.00,9708350.00,9793903.00,9871251.00,9945277.00,10022277.00,10106771.00,10201214.00,10304726.00,10414433.00,10525694.00,10635244.00,10741880.00,10847002.00,10952951.00,11063201.00,11179949.00,11303946.00,11433443.00,11565204.00,..
Turkey,53921760.00,54840590.00,55748948.00,56653804.00,57564204.00,58486456.00,59423282.00,60372568.00,61329676.00,62287397.00,63240194.00,64192243.00,65145367.00,66089402.00,67010930.00,67903469.00,68756810.00,69581848.00,70418604.00,71321399.00,72326988.00,73443863.00,74653016.00,75928564.00,77231907.00,78529409.00,79821724.00,81101892.00,82319724.00,..
Turkmenistan,3683967.00,3789185.00,3899843.00,4010789.00,4115102.00,4207841.00,4287346.00,4355116.00,4413479.00,4466135.00,4516133.00,4564083.00,4610005.00,4655743.00,4703401.00,4754646.00,4810109.00,4870141.00,4935767.00,5007954.00,5087213.00,5174085.00,5267900.00,5366375.00,5466328.00,5565287.00,5662372.00,5757669.00,5850908.00,..
Turks and Caicos Islands,12111.00,12811.00,13632.00,14526.00,15407.00,16216.00,16926.00,17567.00,18232.00,19065.00,20164.00,21573.00,23232.00,25011.00,26700.00,28180.00,29391.00,30385.00,31202.00,31934.00,32660.00,33377.00,34066.00,34731.00,35369.00,35981.00,36559.00,37115.00,37665.00,..
Tuvalu,8913.00,9026.00,9112.00,9194.00,9252.00,9298.00,9323.00,9323.00,9332.00,9346.00,9394.00,9484.00,9596.00,9726.00,9869.00,10000.00,10120.00,10221.00,10314.00,10424.00,10530.00,10633.00,10739.00,10857.00,10972.00,11099.00,11225.00,11370.00,11508.00,..
Uganda,17354392.00,17953531.00,18561674.00,19175988.00,19793541.00,20413152.00,21032821.00,21655398.00,22290780.00,22952410.00,23650172.00,24388968.00,25167257.00,25980552.00,26821297.00,27684585.00,28571475.00,29486338.00,30431736.00,31411096.00,32428167.00,33476919.00,34559168.00,35695246.00,36912148.00,38225453.00,39647506.00,41162465.00,42723139.00,..
Ukraine,51892000.00,52000470.00,52150266.00,52179210.00,51921041.00,51512299.00,51057189.00,50594105.00,50143939.00,49673350.00,49175848.00,48683865.00,48202500.00,47812950.00,47451600.00,47105150.00,46787750.00,46509350.00,46258200.00,46053300.00,45870700.00,45706100.00,45593300.00,45489600.00,45271947.00,45154029.00,45004645.00,44831135.00,44622516.00,..
United Arab Emirates,1828432.00,1937153.00,2052891.00,2173139.00,2294385.00,2415090.00,2539126.00,2671362.00,2813214.00,2966034.00,3134062.00,3302719.00,3478777.00,3711932.00,4068570.00,4588225.00,5300174.00,6168838.00,7089487.00,7917372.00,8549988.00,8946777.00,9141596.00,9197910.00,9214175.00,9262900.00,9360980.00,9487203.00,9630959.00,..
United Kingdom,57247586.00,57424897.00,57580402.00,57718614.00,57865745.00,58019030.00,58166950.00,58316954.00,58487141.00,58682466.00,58892514.00,59119673.00,59370479.00,59647577.00,59987905.00,60401206.00,60846820.00,61322463.00,61806995.00,62276270.00,62766365.00,63258810.00,63700215.00,64128273.00,64602298.00,65116219.00,65611593.00,66058859.00,66460344.00,..
United States,249623000.00,252981000.00,256514000.00,259919000.00,263126000.00,266278000.00,269394000.00,272657000.00,275854000.00,279040000.00,282162411.00,284968955.00,287625193.00,290107933.00,292805298.00,295516599.00,298379912.00,301231207.00,304093966.00,306771529.00,309321666.00,311556874.00,313830990.00,315993715.00,318301008.00,320635163.00,322941311.00,324985539.00,326687501.00,..
Uruguay,3109601.00,3131660.00,3154464.00,3177745.00,3201151.00,3224281.00,3247381.00,3270164.00,3291053.00,3308012.00,3319736.00,3325473.00,3326040.00,3323668.00,3321476.00,3321803.00,3325401.00,3331749.00,3340221.00,3349676.00,3359275.00,3368934.00,3378974.00,3389439.00,3400434.00,3412009.00,3424132.00,3436646.00,3449299.00,..
Uzbekistan,20510000.00,20952000.00,21449000.00,21942000.00,22377000.00,22785000.00,23225000.00,23667000.00,24051000.00,24311650.00,24650400.00,24964450.00,25271850.00,25567650.00,25864350.00,26167000.00,26488250.00,26868000.00,27302800.00,27767400.00,28562400.00,29339400.00,29774500.00,30243200.00,30757700.00,31298900.00,31847900.00,32388600.00,32955400.00,..
Vanuatu,146573.00,150716.00,155170.00,159744.00,164129.00,168158.00,171722.00,174921.00,177987.00,181265.00,184972.00,189219.00,193920.00,198959.00,204127.00,209282.00,214370.00,219472.00,224704.00,230247.00,236211.00,242653.00,249499.00,256635.00,263888.00,271130.00,278330.00,285510.00,292680.00,..
"Venezuela, RB",19632665.00,20096317.00,20557683.00,21016901.00,21474549.00,21931084.00,22385650.00,22837743.00,23288564.00,23739841.00,24192446.00,24646472.00,25100408.00,25551624.00,25996594.00,26432447.00,26850194.00,27247610.00,27635832.00,28031009.00,28439940.00,28888369.00,29362449.00,29783571.00,30045134.00,30081829.00,29846179.00,29390409.00,28870195.00,..
Vietnam,67988862.00,69436954.00,70883481.00,72300308.00,73651218.00,74910461.00,76068743.00,77133214.00,78115710.00,79035871.00,79910412.00,80742499.00,81534407.00,82301656.00,83062821.00,83832661.00,84617540.00,85419591.00,86243413.00,87092252.00,87967651.00,88871561.00,89802487.00,90753472.00,91714595.00,92677076.00,93638724.00,94596642.00,95540395.00,..
Virgin Islands (U.S.),103963.00,104807.00,105712.00,106578.00,107318.00,107818.00,108095.00,108357.00,108537.00,108599.00,108642.00,108549.00,108510.00,108506.00,108467.00,108454.00,108371.00,108339.00,108399.00,108405.00,108358.00,108292.00,108191.00,108044.00,107884.00,107710.00,107510.00,107268.00,106977.00,..
West Bank and Gaza,1978248.00,2068845.00,2163591.00,2262676.00,2366298.00,2474666.00,2587997.00,2706518.00,2776568.00,2848431.00,2922153.00,2997784.00,3075373.00,3154969.00,3236626.00,3320396.00,3406334.00,3494496.00,3591977.00,3689099.00,3786161.00,3882986.00,3979998.00,4076708.00,4173398.00,4270092.00,4367088.00,4454805.00,4569087.00,..
"Yemen, Rep.",11709993.00,12302124.00,12954155.00,13634076.00,14297613.00,14913315.00,15469274.00,15975668.00,16450310.00,16921149.00,17409072.00,17918373.00,18443691.00,18985000.00,19540098.00,20107409.00,20687646.00,21282515.00,21892146.00,22516460.00,23154855.00,23807588.00,24473178.00,25147109.00,25823485.00,26497889.00,27168210.00,27834821.00,28498687.00,..
Zambia,8036845.00,8246656.00,8451347.00,8656486.00,8869740.00,9096607.00,9339733.00,9597609.00,9866476.00,10140561.00,10415944.00,10692193.00,10971698.00,11256743.00,11550642.00,11856247.00,12173514.00,12502958.00,12848530.00,13215139.00,13605984.00,14023193.00,14465121.00,14926504.00,15399753.00,15879361.00,16363507.00,16853688.00,17351822.00,..
Zimbabwe,10432421.00,10680995.00,10900502.00,11092766.00,11261744.00,11410714.00,11541217.00,11653242.00,11747072.00,11822719.00,11881477.00,11923914.00,11954290.00,11982224.00,12019912.00,12076699.00,12155491.00,12255922.00,12379549.00,12526968.00,12697723.00,12894316.00,13115131.00,13350356.00,13586681.00,13814629.00,14030390.00,14236745.00,14439018.00,..
