Country Name,1990 [YR1990],1991 [YR1991],1992 [YR1992],1993 [YR1993],1994 [YR1994],1995 [YR1995],1996 [YR1996],1997 [YR1997],1998 [YR1998],1999 [YR1999],2000 [YR2000],2001 [YR2001],2002 [YR2002],2003 [YR2003],2004 [YR2004],2005 [YR2005],2006 [YR2006],2007 [YR2007],2008 [YR2008],2009 [YR2009],2010 [YR2010],2011 [YR2011],2012 [YR2012],2013 [YR2013],2014 [YR2014],2015 [YR2015],2016 [YR2016],2017 [YR2017],2018 [YR2018],2019 [YR2019]
Afghanistan,..,..,..,..,..,..,..,..,..,..,..,..,..,..,..,..,..,..,..,..,..,..,..,..,..,..,..,..,..,..
Albania,..,..,..,..,..,..,..,..,..,..,..,..,..,..,..,..,..,..,..,..,..,..,..,..,..,..,..,..,..,..
Algeria,..,..,..,..,..,..,..,..,..,276638442.6,285296007.1,189155431.3,137851622,142674569.8,139092209.9,141728184.4,94296932.75,96663319.86,91314450.44,90058008.36,105412463,196798215.7,166815679.1,176833871.5,168288844.9,144019727,414179630.9,353143988.8,371418617.8,..
American Samoa,..,..,..,..,..,..,..,..,..,..,..,..,..,..,..,..,..,..,..,..,..,..,..,..,..,..,..,..,..,..
Andorra,..,..,..,..,..,..,..,..,..,..,..,..,..,..,..,..,..,..,..,..,..,..,..,..,..,..,..,..,..,..
Angola,..,..,..,..,..,..,..,..,..,..,..,..,..,..,..,..,..,..,..,..,..,..,..,..,..,..,..,..,..,..
Antigua and Barbuda,..,..,..,..,..,..,..,..,..,..,..,..,..,..,..,..,..,..,..,..,..,..,..,..,..,..,..,..,..,..
Argentina,3615300000,18639700000,18623100000,44055310000,36867200000,37783780000,44692350000,59251850000,45332800000,55847580000,45839340000,33384000000,16571000000,34994620000,40593870000,47590300000,51240130000,57070160000,39850360000,45744930000,63909790000,43579790000,34254750000,53104790000,60142040000,56134630000,63601116144,1.0874E+11,45986050000,39393540000
Armenia,..,..,..,..,..,..,..,..,..,..,..,..,..,..,..,..,..,..,..,..,..,..,..,..,..,..,..,..,..,..
Aruba,..,..,..,..,..,..,..,..,..,..,..,..,..,..,..,..,..,..,..,..,..,..,..,..,..,..,..,..,..,..
Australia,1.07936E+11,1.44823E+11,1.35153E+11,2.04463E+11,2.18865E+11,2.45218E+11,3.12477E+11,2.95766E+11,3.28928E+11,4.27835E+11,3.72794E+11,3.75131E+11,3.80087E+11,5.8553E+11,7.76403E+11,8.04015E+11,1.09586E+12,1.29832E+12,6.83872E+11,1.26191E+12,1.45449E+12,1.19819E+12,1.38687E+12,1.36596E+12,1.28871E+12,1.18708E+12,1.26849E+12,1.50846E+12,1.2628E+12,1.4876E+12
Austria,26319750000,24231900000,19749700000,26238140000,28819770000,30617340000,31914600000,36820060000,2600180000,33022950000,29935220000,25204350000,33578130000,56522450000,87776270000,1.26251E+11,1.9277E+11,2.36448E+11,76288700000,1.14076E+11,1.26032E+11,85269520000,1.06037E+11,1.17671E+11,96790330000,96079380000,1.20977E+11,1.50646E+11,1.16802E+11,1.33098E+11
Azerbaijan,..,..,..,..,..,..,..,..,3040000,3220000,..,..,..,..,..,..,..,..,..,..,..,..,..,..,..,..,..,..,..,..
"Bahamas, The",..,..,..,..,..,..,..,..,..,..,..,..,..,..,..,..,..,..,..,..,..,..,..,..,..,..,..,..,..,..
Bahrain,..,..,..,..,..,..,4711490000,7833200000,6769230000,7158840000,6624350000,6599500000,7484060265,9626790000,13540850000,17364820000,21122390000,27088350000,19947350000,16262630000,20059730000,16589950000,..,..,22067530000,19251070000,19394198865,21706180000,21862700000,26882280000
Bangladesh,..,..,..,464100000,1019900000,1926220000,7381510000,2770310000,2029540000,1561590000,2192180000,978300000,14892060000,..,..,3299610000,3850310000,8732760000,11721070000,20928930000,41616870000,47699530000,..,..,..,..,70419424536,86178750000,77390500000,..
Barbados,..,..,..,326900000,515100000,491620000,765740000,1135000000,1753490000,2036020000,1706530000,1837300000,..,..,..,..,..,..,..,..,2186550000,4567520000,..,..,..,..,3096500000,3350900000,3541580000,3398000000
Belarus,..,..,..,..,..,..,..,..,..,..,..,..,..,..,..,..,..,..,..,..,..,..,..,..,..,..,..,..,..,0
Belgium,65449090000,71113600000,64104900000,77975730000,84124970000,1.01422E+11,1.18802E+11,1.36934E+11,2.44038E+11,1.84136E+11,1.82481E+11,1.65843E+11,1.27557E+11,1.73553E+11,2.73247E+11,2.88481E+11,3.96168E+11,3.85553E+11,1.67218E+11,2.59769E+11,2.68726E+11,2.29321E+11,2.99517E+11,3.74326E+11,3.78526E+11,4.14556E+11,3.78144E+11,4.37794E+11,3.21094E+11,4.70171E+12
Belize,..,..,..,..,..,..,..,..,..,..,..,..,..,..,..,..,..,..,..,..,..,..,..,..,..,..,..,..,..,..
Benin,..,..,..,..,..,..,..,..,..,..,..,..,..,..,..,..,..,..,..,..,..,..,..,..,..,..,..,..,..,..
Bermuda,..,..,..,..,..,..,..,..,..,..,2146000000,2558000000,2153000000,2900700000,1849440000,2124780000,2703530000,2731110000,1912330000,1360190000,1534950000,1232340000,1486900000,1467000000,1601480000,1850000000,2521628651,2874800000,2393200000,2965300000
Bhutan,..,..,..,..,..,..,..,..,..,..,..,..,..,..,..,..,..,..,..,..,..,..,..,..,..,..,..,..,..,..
Bolivia,..,..,..,..,..,..,..,..,..,..,..,..,..,..,..,..,..,..,..,..,..,..,..,..,..,..,..,..,..,..
Bosnia and Herzegovina,..,..,..,..,..,..,..,..,..,..,..,..,..,..,..,..,..,..,..,..,..,..,..,..,..,..,..,..,..,..
Botswana,..,..,..,228600000,265300000,397580000,328380000,613190000,723960000,1051980000,977610000,..,..,..,..,..,..,..,..,..,..,..,..,..,..,..,..,..,..,..
Brazil,..,..,..,..,..,..,..,..,..,..,2.26152E+11,1.86238E+11,1.26762E+11,2.3456E+11,3.30347E+11,4.74647E+11,7.10247E+11,1.36971E+12,5.91966E+11,1.33725E+12,1.54557E+12,1.22894E+12,1.22745E+12,1.02046E+12,8.43894E+11,4.90534E+11,7.58559E+11,9.54715E+11,9.16824E+11,1.18736E+12
British Virgin Islands,..,..,..,..,..,..,..,..,..,..,..,..,..,..,..,..,..,..,..,..,..,..,..,..,..,..,..,..,..,..
Brunei Darussalam,..,..,..,..,..,..,..,..,..,..,..,..,..,..,..,..,..,..,..,..,..,..,..,..,..,..,..,..,..,..
Bulgaria,..,..,..,12000000,48300000,58140000,5600000,..,144320000,102490000,129090000,82200000,721640000,1755120000,2803950000,5085620000,10324970000,21667660000,8880420000,8653170000,7376360000,8253250000,..,..,..,..,..,..,..,..
Burkina Faso,..,..,..,..,..,..,..,..,..,..,..,..,..,..,..,..,..,..,..,..,..,..,..,..,..,..,..,..,..,..
Burundi,..,..,..,..,..,..,..,..,..,..,..,..,..,..,..,..,..,..,..,..,..,..,..,..,..,..,..,..,..,..
Cabo Verde,..,..,..,..,..,..,..,..,..,..,..,..,..,..,..,..,..,..,..,..,..,..,..,..,..,..,..,..,..,..
Cambodia,..,..,..,..,..,..,..,..,..,..,..,..,..,..,..,..,..,..,..,..,..,..,..,..,..,..,..,..,..,..
Cameroon,..,..,..,..,..,..,..,..,..,..,..,..,..,..,..,..,..,..,..,..,..,..,..,..,..,..,..,..,..,..
Canada,4.58679E+11,5.08633E+11,4.5795E+11,5.95516E+11,5.75716E+11,6.71743E+11,8.79798E+11,1.01051E+12,1.08193E+12,1.44828E+12,7.70842E+11,6.15266E+11,8.88678E+11,9.10231E+11,1.17752E+12,1.48218E+12,1.70071E+12,2.18655E+12,1.03365E+12,1.67743E+12,2.17119E+12,1.91287E+12,2.05997E+12,2.11382E+12,2.09542E+12,1.5934E+12,1.99352E+12,2.36706E+12,1.9379E+12,..
Cayman Islands,..,..,..,..,..,..,..,169940000,166120000,58000000,220160000,189090000,138990000,2752110000,2476990000,1810120000,158000000,165000000,159000000,169000000,238000000,2275900000,2006310000,..,..,315630000,..,..,..,..
Central African Republic,..,..,..,..,..,..,..,..,..,..,..,..,..,..,..,..,..,..,..,..,..,..,..,..,..,..,..,..,..,..
Chad,..,..,..,..,..,..,..,..,..,..,..,..,..,..,..,..,..,..,..,..,..,..,..,..,..,..,..,..,..,..
Channel Islands,..,..,..,..,..,..,..,..,159150000,247360000,255080000,454100000,265840000,227350000,184300000,537340000,1479740000,..,..,..,..,..,..,..,..,..,..,..,..,..
Chile,..,28138400000,32256800000,44833400000,68050350000,72927720000,65971300000,72046180000,51866170000,68227520000,60400770000,56309720000,49827000000,86525910000,1.16924E+11,1.36493E+11,1.74419E+11,2.1291E+11,1.31808E+11,2.30732E+11,3.41799E+11,2.70289E+11,3.13325E+11,2.6515E+11,2.33245E+11,1.90352E+11,2.1248E+11,2.94676E+11,2.5074E+11,2.03792E+11
China,..,..,..,..,..,..,..,..,..,..,..,..,..,5.12979E+11,4.4772E+11,4.01852E+11,1.14545E+12,4.47887E+12,1.77878E+12,3.57315E+12,4.02784E+12,3.41211E+12,3.69738E+12,3.94914E+12,6.00495E+12,8.18802E+12,7.32074E+12,8.71127E+12,6.32488E+12,8.5155E+12
Colombia,..,..,..,..,..,..,..,..,..,..,..,..,..,..,..,50500810000,56204320000,1.01956E+11,87716200000,1.4052E+11,2.08502E+11,2.01296E+11,2.62101E+11,2.02693E+11,1.46746E+11,85955450000,1.03819E+11,1.21477E+11,1.03848E+11,1.3204E+11
Comoros,..,..,..,..,..,..,..,..,..,..,..,..,..,..,..,..,..,..,..,..,..,..,..,..,..,..,..,..,..,..
"Congo, Dem. Rep.",..,..,..,..,..,..,..,..,..,..,..,..,..,..,..,..,..,..,..,..,..,..,..,..,..,..,..,..,..,..
"Congo, Rep.",..,..,..,..,..,..,..,..,..,..,..,..,..,..,..,..,..,..,..,..,..,..,..,..,..,..,..,..,..,..
Costa Rica,..,..,..,357000000,..,616860000,782610000,822490000,1308290000,2308350000,..,..,..,520490000,1558300000,1510240000,1879810000,2181820000,1905330000,1468480000,1444920000,1498420000,..,..,..,..,2921600000,3010800000,..,2217350000
Cote d'Ivoire,..,..,..,..,..,..,..,..,..,..,..,..,..,..,..,..,..,..,..,..,..,..,..,..,..,..,..,..,..,..
Croatia,..,..,..,..,513900000,892170000,2981670000,4232900000,2928580000,2508850000,2744640000,3127500000,8109770000,6125730000,10958640000,12918190000,29005630000,70222950000,27126480000,26618990000,25596130000,22558380000,..,21484740000,20036880000,18414470000,20180810000,22764800000,20508990000,22458260000
Cuba,..,..,..,..,..,..,..,..,..,..,..,..,..,..,..,..,..,..,..,..,..,..,..,..,..,..,..,..,..,..
Curacao,..,..,..,..,..,..,..,..,..,..,..,..,..,..,..,..,..,..,..,..,..,..,..,..,..,..,..,..,..,..
Cyprus,..,..,..,..,..,..,..,..,..,..,..,..,..,..,..,..,16158020000,17251300000,7987930000,10268870000,6834300000,2853320000,1995750000,2104730000,4031000000,2692400000,2511333006,2822392823,3313490000,4284870000
Czech Republic,..,..,..,1740800000,6084100000,9185670000,14248100000,10817110000,10430790000,10582930000,9746160000,8150100000,10256370000,15507730000,26891360000,34886410000,44372130000,68913190000,40912350000,..,..,..,..,..,..,..,..,..,..,..
Denmark,39062500000,44792500000,32488700000,39933390000,47003330000,56221940000,71079200000,93772820000,98875480000,97452590000,1.11819E+11,85145500000,76749870000,1.21641E+11,1.5135E+11,..,..,..,..,..,..,..,..,..,..,..,..,..,..,..
Djibouti,..,..,..,..,..,..,..,..,..,..,..,..,..,..,..,..,..,..,..,..,..,..,..,..,..,..,..,..,..,..
Dominica,..,..,..,..,..,..,..,..,..,..,..,..,..,..,..,..,..,..,..,..,..,..,..,..,..,..,..,..,..,..
Dominican Republic,..,..,..,..,..,..,..,..,..,..,..,..,..,..,..,..,..,..,..,..,..,..,..,..,..,..,..,..,..,..
Ecuador,..,..,..,..,..,2565600000,2010100000,2021300000,1556000000,522000000,747000000,..,..,..,..,..,..,..,..,..,..,..,..,..,..,..,..,..,..,..
"Egypt, Arab Rep.",..,..,..,..,..,..,..,..,..,..,..,..,..,..,..,..,93496400000,1.39274E+11,85978070000,91207340000,84276830000,48849670000,59181970000,61629650000,70083650000,55191870000,33323010781,46546100000,42005550000,44199850000
El Salvador,..,..,..,..,..,..,..,..,..,..,..,..,..,..,..,..,..,..,..,..,..,..,..,..,..,..,..,..,..,..
Equatorial Guinea,..,..,..,..,..,..,..,..,..,..,..,..,..,..,..,..,..,..,..,..,..,..,..,..,..,..,..,..,..,..
Eritrea,..,..,..,..,..,..,..,..,..,..,..,..,..,..,..,..,..,..,..,..,..,..,..,..,..,..,..,..,..,..
Estonia,..,..,..,..,..,..,..,..,..,..,..,..,..,..,..,..,..,..,..,..,..,..,..,..,..,..,..,..,..,..
Eswatini,..,..,..,..,338600000,338860000,471190000,129460000,85040000,94830000,73030000,127100000,147770000,172250000,222040000,196330000,197500000,234260000,..,..,..,..,..,..,..,..,..,..,..,..
Ethiopia,..,..,..,..,..,..,..,..,..,..,..,..,..,..,..,..,..,..,..,..,..,..,..,..,..,..,..,..,..,..
Faroe Islands,..,..,..,..,..,..,..,..,..,..,..,..,..,..,..,..,..,..,..,..,..,..,..,..,..,..,..,..,..,..
Fiji,..,..,..,..,..,..,..,..,..,..,..,..,..,..,..,..,..,..,..,..,..,..,..,..,..,..,..,..,..,..
Finland,22721300000,14199400000,11953800000,23524610000,38230500000,44137530000,61356300000,73804290000,1.54833E+11,3.49394E+11,2.93634E+11,1.90456E+11,1.38832E+11,1.70292E+11,1.83765E+11,..,..,..,..,..,..,..,..,..,..,..,..,..,..,..
France,3.11687E+11,3.58194E+11,3.2736E+11,4.5599E+11,4.52521E+11,4.99944E+11,5.85916E+11,6.74405E+11,9.85227E+11,1.50295E+12,1.44663E+12,1.17466E+12,9.67015E+11,1.35593E+12,1.55911E+12,1.75851E+12,2.42825E+12,2.74034E+12,1.47241E+12,1.94619E+12,1.91152E+12,1.55396E+12,1.80819E+12,2.30109E+12,2.0859E+12,2.08832E+12,2.15905E+12,2.74931E+12,2.36595E+12,..
French Polynesia,..,..,..,..,..,..,..,..,..,..,..,..,..,..,..,..,..,..,..,..,..,..,..,..,..,..,..,..,..,..
Gabon,..,..,..,..,..,..,..,..,..,..,..,..,..,..,..,..,..,..,..,..,..,..,..,..,..,..,..,..,..,..
"Gambia, The",..,..,..,..,..,..,..,..,..,..,..,..,..,..,..,..,..,..,..,..,..,..,..,..,..,..,..,..,..,..
Georgia,..,..,..,..,..,..,..,..,..,..,..,..,..,..,..,..,..,..,..,..,..,..,..,..,..,..,..,..,..,..
Germany,3.55311E+11,3.7061E+11,3.28692E+11,4.41696E+11,4.99192E+11,5.77374E+11,6.64783E+11,8.25233E+11,1.09425E+12,1.43217E+12,1.27024E+12,1.07175E+12,6.86014E+11,1.07903E+12,1.19452E+12,1.20214E+12,1.63761E+12,2.1052E+12,1.11058E+12,1.29236E+12,1.42972E+12,1.1845E+12,1.48631E+12,1.93611E+12,1.73854E+12,1.7158E+12,1.71604E+12,2.26222E+12,1.75517E+12,2.09817E+12
Ghana,..,..,..,122100000,1899400000,1668300000,1658590000,1129550000,1387010000,920000000,500000000,280000000,350000000,640000000,480000000,610000000,760000000,2401290000,2844380000,2427020000,2947690000,3098510000,..,..,..,..,..,..,..,..
Gibraltar,..,..,..,..,..,..,..,..,..,..,..,..,..,..,..,..,..,..,..,..,..,..,..,..,..,..,..,..,..,..
Greece,..,..,..,..,..,..,..,..,..,..,..,84752030000,67061460000,1.06644E+11,1.25242E+11,1.45121E+11,2.00696E+11,2.64961E+11,90200000000,1.12632E+11,67586420000,33778890000,44876550000,82594240000,55154270000,42079580000,37163048981,50605060000,38370850000,53653980000
Greenland,..,..,..,..,..,..,..,..,..,..,..,..,..,..,..,..,..,..,..,..,..,..,..,..,..,..,..,..,..,..
Grenada,..,..,..,..,..,..,..,..,..,..,..,..,..,..,..,..,..,..,..,..,..,..,..,..,..,..,..,..,..,..
Guam,..,..,..,..,..,..,..,..,..,..,..,..,..,..,..,..,..,..,..,..,..,..,..,..,..,..,..,..,..,..
Guatemala,..,..,..,..,..,..,..,..,..,..,..,..,..,..,..,..,..,..,..,..,..,..,..,..,..,..,..,..,..,..
Guinea,..,..,..,..,..,..,..,..,..,..,..,..,..,..,..,..,..,..,..,..,..,..,..,..,..,..,..,..,..,..
Guinea-Bissau,..,..,..,..,..,..,..,..,..,..,..,..,..,..,..,..,..,..,..,..,..,..,..,..,..,..,..,..,..,..
Guyana,..,..,..,..,..,..,..,..,..,..,..,..,..,..,..,..,..,..,..,..,..,..,..,..,..,..,..,..,..,..
Haiti,..,..,..,..,..,..,..,..,..,..,..,..,..,..,..,..,..,..,..,..,..,..,..,..,..,..,..,..,..,..
Honduras,..,..,..,..,..,..,..,..,..,..,..,..,..,..,..,..,..,..,..,..,..,..,..,..,..,..,..,..,..,..
"Hong Kong SAR, China",83385870000,1.21881E+11,1.71984E+11,3.85043E+11,2.69508E+11,3.03705E+11,4.49219E+11,4.13323E+11,3.43567E+11,6.08159E+11,6.23398E+11,5.06073E+11,4.63055E+11,7.14597E+11,8.61463E+11,1.055E+12,1.71495E+12,2.65442E+12,1.32877E+12,2.30514E+12,2.71132E+12,2.25804E+12,2.83195E+12,3.10078E+12,3.23303E+12,3.18487E+12,3.19324E+12,4.35051E+12,3.81922E+12,4.89923E+12
Hungary,..,..,..,..,..,..,..,..,..,..,..,..,12988880000,16662910000,28597850000,32575670000,41934490000,46195630000,18465410000,30036630000,27708410000,18772970000,20760180000,19797410000,14513280000,17686950000,22553356584,31553860000,28934570000,32886530000
Iceland,..,..,..,..,..,..,..,..,..,..,..,..,..,..,..,..,..,..,..,..,..,..,..,..,..,..,..,..,..,..
India,..,..,..,..,..,..,..,..,..,..,..,..,..,2.79093E+11,3.87851E+11,5.53074E+11,8.18879E+11,1.8191E+12,6.47205E+11,1.30652E+12,1.63183E+12,1.00718E+12,1.26334E+12,1.13883E+12,1.5583E+12,1.51622E+12,1.56668E+12,2.33157E+12,2.08348E+12,2.17978E+12
Indonesia,..,..,..,..,..,66584940000,90997080000,29050020000,22077860000,64044670000,26812500000,22997860000,30066960000,54659060000,73250640000,81428120000,1.38886E+11,2.11693E+11,98760600000,2.14941E+11,3.60388E+11,3.90107E+11,4.28223E+11,3.46674E+11,4.22127E+11,3.53271E+11,4.25768E+11,5.20687E+11,4.86766E+11,5.23322E+11
"Iran, Islamic Rep.",..,..,..,1286800000,2803000000,9161700000,17024440000,15181250000,14903260000,21827030000,26685660000,7381240000,11760560000,27544170000,42600420000,36440220000,36314580000,43885010000,48712710000,59183540000,86641520000,1.0709E+11,90995750000,3.45777E+11,1.16638E+11,89428040000,1.11402E+11,1.08635E+11,1.43548E+11,3.20671E+11
Iraq,..,..,..,..,..,..,..,..,..,..,..,..,..,..,..,..,..,..,..,..,..,..,..,..,..,..,..,..,..,..
Ireland,..,..,..,..,..,..,..,48902510000,69676460000,68773180000,81882450000,75297840000,59937500000,85070380000,1.14085E+11,1.14086E+11,1.63269E+11,1.43905E+11,49489910000,61291120000,60368310000,1.08393E+11,1.08989E+11,1.70123E+11,1.43466E+11,1.28009E+11,1.19829E+11,1.46554E+11,1.10154E+11,..
Isle of Man,..,..,..,..,..,..,..,..,..,..,..,..,..,..,..,..,..,..,..,..,..,..,..,..,..,..,..,..,..,..
Israel,8273930000,14295000000,29698100000,50840710000,32732480000,36508720000,35770280000,46328090000,40883390000,65261070000,66742920000,57655940000,42131470000,70169060000,91856250000,1.22578E+11,1.61732E+11,2.35056E+11,1.07706E+11,1.88734E+11,2.27614E+11,1.56939E+11,1.61855E+11,2.03301E+11,2.00525E+11,2.43904E+11,2.13984E+11,2.31049E+11,1.87466E+11,2.37371E+11
Italy,..,..,..,..,..,..,..,..,..,7.2824E+11,7.68363E+11,5.27467E+11,4.77075E+11,6.14842E+11,7.89563E+11,7.98073E+11,1.0265E+12,1.07253E+12,5.22088E+11,..,..,..,..,..,..,..,..,..,..,..
Jamaica,..,..,..,1471700000,1817100000,1390570000,1944590000,2291210000,2133300000,2525300000,3550680000,4718500000,6037030000,..,..,..,..,..,..,..,3884350000,5008860000,..,..,..,..,..,..,..,15767450000
Japan,2.92853E+12,3.0057E+12,2.25484E+12,2.9063E+12,3.59219E+12,3.54531E+12,3.01973E+12,2.08537E+12,2.43955E+12,4.45535E+12,3.15722E+12,2.26453E+12,2.0693E+12,2.9531E+12,3.55767E+12,4.5729E+12,4.61407E+12,4.33092E+12,3.1158E+12,3.30608E+12,3.82777E+12,3.32539E+12,3.47883E+12,4.54317E+12,4.37799E+12,4.89492E+12,4.9553E+12,6.22283E+12,5.29681E+12,6.19107E+12
Jordan,..,..,..,..,..,..,..,..,..,..,..,..,..,..,..,..,..,40838460000,35894700000,31826650000,30864420000,27183020000,26967480000,25764430000,25554860000,25452410000,24573951247,23968560000,22740040000,21036390000
Kazakhstan,..,..,..,..,..,..,..,..,1693670000,1011750000,802020000,1222740000,1289440000,2425900000,3941880000,10528660000,43688350000,41377500000,23271810000,27929370000,26672730000,22537310000,23542600000,26228210000,22973440000,34891880000,40161214777,45558250000,37005250000,40639830000
Kenya,..,..,..,1063100000,3046700000,2017510000,1799020000,1813020000,2088570000,..,1255390000,1045300000,1431290000,4182760000,3890970000,6383990000,11378040000,13344620000,10854100000,10966800000,14460870000,10202610000,..,..,..,..,..,..,..,25061520000
Kiribati,..,..,..,..,..,..,..,..,..,..,..,..,..,..,..,..,..,..,..,..,..,..,..,..,..,..,..,..,..,..
"Korea, Dem. People’s Rep.",..,..,..,..,..,..,..,..,..,..,..,..,..,..,..,..,..,..,..,..,..,..,..,..,..,..,..,..,..,..
"Korea, Rep.",1.10301E+11,96466000000,1.07661E+11,1.39584E+11,1.91778E+11,1.81955E+11,1.39122E+11,41881360000,1.14593E+11,3.06128E+11,1.71262E+11,2.33921E+11,2.50707E+11,3.29457E+11,4.28326E+11,7.18011E+11,8.34404E+11,1.12261E+12,4.70798E+11,8.34597E+11,1.09191E+12,9.9614E+11,1.17942E+12,1.23455E+12,1.21276E+12,1.2312E+12,1.25454E+12,1.77177E+12,1.41372E+12,..
Kosovo,..,..,..,..,..,..,..,..,..,..,..,..,..,..,..,..,..,..,..,..,..,..,..,..,..,..,..,..,..,..
Kuwait,..,..,..,10499870000,9956700000,12970260000,18933330000,29655850000,22765250000,20019720000,19459900000,22633510000,31460220000,60951560000,72903660000,1.0372E+11,1.07063E+11,..,..,..,..,..,..,..,..,..,..,..,..,..
Kyrgyz Republic,..,..,..,..,..,..,..,..,..,..,..,..,..,..,..,..,..,..,..,..,..,..,..,..,..,..,..,..,..,..
Lao PDR,..,..,..,..,..,..,..,..,..,..,..,..,..,..,..,..,..,..,..,..,..,..,..,..,..,..,..,..,..,..
Latvia,..,..,..,..,..,..,..,..,..,..,..,..,..,..,..,..,..,..,..,..,..,..,..,..,..,..,..,..,..,..
Lebanon,..,..,..,..,..,..,2396000000,2684000000,2391000000,1891350000,1554260000,1228000000,1326450000,1417740000,2206290000,4809840000,8143960000,10745910000,9583570000,12849820000,12697350000,9047140000,9078600000,10668220000,11328150000,11380950000,12163290000,11491770000,9675180000,7735800000
Lesotho,..,..,..,..,..,..,..,..,..,..,..,..,..,..,..,..,..,..,..,..,..,..,..,..,..,..,..,..,..,..
Liberia,..,..,..,..,..,..,..,..,..,..,..,..,..,..,..,..,..,..,..,..,..,..,..,..,..,..,..,..,..,..
Libya,..,..,..,..,..,..,..,..,..,..,..,..,..,..,..,..,..,..,..,..,..,..,..,..,..,..,..,..,..,..
Liechtenstein,..,..,..,..,..,..,..,..,..,..,..,..,..,..,..,..,..,..,..,..,..,..,..,..,..,..,..,..,..,..
Lithuania,..,..,..,..,..,..,..,..,..,..,..,..,..,..,..,..,..,..,..,..,..,..,..,..,..,..,..,..,..,..
Luxembourg,10455530000,11275800000,11833300000,19315890000,28518410000,30426440000,32411670000,33883350000,38182000000,35938660000,34016520000,22710360000,24551040000,37333210000,50143550000,51248410000,79513580000,1.66078E+11,66614730000,1.05048E+11,1.01129E+11,67627420000,70338380000,78640840000,63167510000,47131380000,60910166393,68639080000,49482640000,44233610000
"Macao SAR, China",..,..,..,..,..,..,..,..,..,..,..,..,..,..,..,..,..,..,..,..,..,..,..,..,..,..,..,..,..,..
Madagascar,..,..,..,..,..,..,..,..,..,..,..,..,..,..,..,..,..,..,..,..,..,..,..,..,..,..,..,..,..,..
Malawi,..,..,..,..,..,..,..,..,..,..,..,..,..,..,..,..,..,..,..,..,..,..,..,..,..,..,..,..,..,..
Malaysia,47868790000,56721200000,89008100000,2.14727E+11,1.84024E+11,2.13756E+11,3.06164E+11,93230310000,95561430000,1.39908E+11,1.13156E+11,1.18981E+11,1.25778E+11,1.60814E+11,1.81624E+11,1.80518E+11,2.35581E+11,3.2529E+11,1.89239E+11,2.89219E+11,4.08689E+11,3.95624E+11,4.66588E+11,5.00387E+11,4.59004E+11,3.82977E+11,3.59788E+11,4.55772E+11,3.98019E+11,4.03957E+11
Maldives,..,..,..,..,..,..,..,..,..,..,..,..,..,..,..,..,..,..,..,..,..,..,..,..,..,..,..,..,..,..
Mali,..,..,..,..,..,..,..,..,..,..,..,..,..,..,..,..,..,..,..,..,..,..,..,..,..,..,..,..,..,..
Malta,..,..,..,..,..,..,..,..,..,..,2024330000,1356870000,1373720000,1850380000,2839820000,4072500000,4503560000,5633400000,3576270000,4080300000,4193520000,3428910000,3631500000,4249190000,3641750000,4405320000,4433149739,5171190000,5053840000,5315940000
Marshall Islands,..,..,..,..,..,..,..,..,..,..,..,..,..,..,..,..,..,..,..,..,..,..,..,..,..,..,..,..,..,..
Mauritania,..,..,..,..,..,..,..,..,..,..,..,..,..,..,..,..,..,..,..,..,..,..,..,..,..,..,..,..,..,..
Mauritius,..,..,..,700390000,1321630000,1337250000,1485040000,1524200000,1702170000,1521820000,1242680000,978110000,1190490000,1895490000,2118950000,2326320000,4958510000,7919080000,4661990000,6582050000,7752770000,7845150000,7180100000,8942350000,8751020000,7238550000,7568297309,9742920000,9847530000,8615770000
Mexico,41050000000,1.0276E+11,1.38744E+11,2.00865E+11,1.30246E+11,90693960000,1.0677E+11,1.56595E+11,91745800000,1.54044E+11,1.25204E+11,1.26258E+11,1.03941E+11,1.22533E+11,1.71402E+11,2.39128E+11,3.48345E+11,3.97725E+11,2.34055E+11,3.52045E+11,4.54345E+11,4.0869E+11,5.25057E+11,5.26016E+11,4.80245E+11,4.02253E+11,3.52041E+11,4.17021E+11,3.85051E+11,4.13619E+11
"Micronesia, Fed. Sts.",..,..,..,..,..,..,..,..,..,..,..,..,..,..,..,..,..,..,..,..,..,..,..,..,..,..,..,..,..,..
Moldova,..,..,..,..,..,..,..,..,..,..,..,..,..,..,..,..,..,..,..,..,..,..,..,..,..,..,..,..,..,..
Monaco,..,..,..,..,..,..,..,..,..,..,..,..,..,..,..,..,..,..,..,..,..,..,..,..,..,..,..,..,..,..
Mongolia,..,..,..,..,..,..,..,..,..,..,..,..,..,..,..,..,..,..,..,..,..,..,..,..,..,..,..,..,..,..
Montenegro,..,..,..,..,..,..,..,..,..,..,..,..,..,..,..,..,..,..,3468290000,..,3222750000,3509110000,3787240000,..,..,..,..,..,..,..
Morocco,..,..,..,..,..,..,..,..,..,..,..,..,..,..,..,..,..,..,..,..,69152110000,60087890000,52479840000,53831380000,52746800000,45927920000,57579718868,67048480000,61080780000,65415260000
Mozambique,..,..,..,..,..,..,..,..,..,..,..,..,..,..,..,..,..,..,..,..,..,..,..,..,..,..,..,..,..,..
Myanmar,..,..,..,..,..,..,..,..,..,..,..,..,..,..,..,..,..,..,..,..,..,..,..,..,..,..,..,..,..,..
Namibia,..,..,..,27665773.91,196377179.6,189000275.6,473547786.7,689198354.4,427520000,691512885.3,311229252.1,150479366.4,204821546.2,307715361.7,392630191.6,414662985.9,541782490.4,699549323.8,611601169.7,967706803.6,1176270000,1152430000,1303215313,1785790000,1924030000,1911300000,2336939067,2915230554,2461910000,2609010000
Nauru,..,..,..,..,..,..,..,..,..,..,..,..,..,..,..,..,..,..,..,..,..,..,..,..,..,..,..,..,..,..
Nepal,..,..,..,..,..,..,..,..,..,..,..,..,..,..,..,..,..,..,..,..,..,..,..,..,..,..,..,..,..,..
Netherlands,1.19825E+11,1.69097E+11,1.70744E+11,1.81754E+11,2.24E+11,2.86651E+11,3.75358E+11,4.68631E+11,6.03182E+11,6.94055E+11,6.40456E+11,5.03023E+11,4.01268E+11,4.88647E+11,5.38664E+11,5.92836E+11,7.79543E+11,9.56158E+11,3.88721E+11,5.59195E+11,6.61099E+11,5.94637E+11,6.50811E+11,8.1784E+11,7.86574E+11,7.28486E+11,8.05724E+11,1.10011E+12,..,..
New Caledonia,..,..,..,..,..,..,..,..,..,..,..,..,..,..,..,..,..,..,..,..,..,..,..,..,..,..,..,..,..,..
New Zealand,8823770000,14298000000,15324000000,25620870000,27117660000,31373000000,38290580000,30509230000,24783940000,28351500000,18613210000,17821780000,21761620000,33049760000,43731330000,40592460000,44816540000,47485600000,24209610000,35506850000,43515780000,44123760000,52870100000,65961560000,74415690000,74350500000,80048458702,94691280000,86132630000,1.0788E+11
Nicaragua,..,..,..,..,..,..,..,..,..,..,..,..,..,..,..,..,..,..,..,..,..,..,..,..,..,..,..,..,..,..
Niger,..,..,..,..,..,..,..,..,..,..,..,..,..,..,..,..,..,..,..,..,..,..,..,..,..,..,..,..,..,..
Nigeria,..,..,..,2142500000,2977300000,7777200000,12714500000,12559050000,10321670000,2939580000,..,..,2373940000,..,15865940000,22244000000,32830510000,84894570000,48062280000,32223400000,50546400000,39028390000,56205200000,80609900000,62766310000,49973880000,29792434000,37217620000,31520550000,43921600000
North Macedonia,..,..,..,..,..,..,..,..,..,..,..,..,..,..,..,..,..,..,..,..,..,..,..,..,..,..,..,..,..,..
Northern Mariana Islands,..,..,..,..,..,..,..,..,..,..,..,..,..,..,..,..,..,..,..,..,..,..,..,..,..,..,..,..,..,..
Norway,26129830000,21997200000,17840400000,27371140000,36459340000,44586980000,56877690000,66509410000,46420920000,63699920000,65774110000,69465400000,64169760000,95919910000,1.4143E+11,1.91079E+11,2.80851E+11,3.5492E+11,1.45906E+11,2.27233E+11,2.95288E+11,2.20936E+11,2.42765E+11,2.65377E+11,2.1937E+11,1.93896E+11,2.31257E+11,2.87192E+11,2.67382E+11,2.95549E+11
Oman,..,..,..,1611300000,2133000000,2378600000,3043640000,7495580000,4391690000,4177360000,4177360000,4063100000,5159950000,7256180000,9434910000,15268930000,16103990000,26682250000,20588940000,22468970000,28315950000,26863320000,30291300000,36766600000,37830490000,41123170000,23285264254,21298880000,18782400000,17119480000
Pakistan,..,..,..,12651700000,12927800000,9459210000,11660460000,11805320000,5418610000,7007800000,6624600000,4903400000,10168580000,16629330000,45595630000,45317280000,44906480000,69715390000,23354040000,31886980000,38007180000,32567930000,43673550000,57310840000,73468390000,66070330000,91863740000,..,..,..
Palau,..,..,..,..,..,..,..,..,..,..,..,..,..,..,..,..,..,..,..,..,..,..,..,..,..,..,..,..,..,..
Panama,..,..,..,436000000,761600000,831000000,1279510000,2175150000,3817400000,3482000000,2794000000,2602100000,3094500000,3220000000,4202600000,5962800000,7151400000,7203300000,7065200000,7722500000,8348000000,10681700000,12544000000,12570000000,13755890000,13174310000,13563970000,15023710000,15647730000,16841000000
Papua New Guinea,..,..,..,..,..,..,..,..,..,..,..,..,..,2962560000,3825030000,6138410000,7744350000,12960830000,11181680000,17514140000,11027250000,12592450000,..,..,..,..,..,..,..,..
Paraguay,..,..,..,..,..,..,387540000,423720000,366720000,312800000,..,..,..,..,..,..,..,..,..,..,..,..,..,..,..,..,..,..,..,..
Peru,..,..,..,..,..,..,..,15495960000,9868500000,12091970000,9749910000,9790330000,11441440000,14125030000,18073730000,24139720000,40021560000,69386470000,37876760000,71662540000,1.03347E+11,81878190000,1.02617E+11,80977520000,78839860000,56555700000,81088973557,99217960000,93385360000,98964960000
Philippines,..,..,..,..,..,..,80648630000,31360600000,35297040000,42177840000,25980660000,21245370000,18507430000,23175720000,28601910000,39798720000,67851740000,1.02853E+11,52030600000,86349430000,1.57321E+11,1.65066E+11,2.29317E+11,2.1732E+11,2.61841E+11,2.3882E+11,2.39738E+11,2.90401E+11,2.58156E+11,2.75302E+11
Poland,..,..,..,..,..,4564210000,8373690000,12134750000,20460970000,29576810000,31279370000,26016650000,28380430000,37020270000,70530890000,94028510000,1.48849E+11,2.1162E+11,90815490000,1.50962E+11,1.90706E+11,1.38244E+11,1.77408E+11,2.04543E+11,1.68896E+11,1.3777E+11,1.38691E+11,2.01393E+11,1.60483E+11,1.51619E+11
Portugal,9410540000,9303260000,9746300000,12403140000,16259630000,18358980000,24480650000,38953480000,62954000000,68147740000,60680690000,46337810000,42845350000,58284740000,70240380000,66973400000,1.04187E+11,1.32239E+11,68876020000,98247200000,81996700000,61689890000,65519040000,79177900000,57774190000,59837190000,57255223905,75589628812,61933604857,..
Puerto Rico,..,..,..,..,..,..,..,..,..,..,..,..,..,..,..,..,..,..,..,..,..,..,..,..,..,..,..,..,..,..
Qatar,..,..,..,..,..,..,..,..,..,..,..,..,..,..,..,..,..,95506240000,76530570000,..,..,..,..,1.52576E+11,1.8586E+11,1.42556E+11,1.54824E+11,1.3061E+11,1.63047E+11,1.60051E+11
Romania,..,..,..,..,..,..,..,..,356590000,313690000,363790000,1103100000,2489000000,3403000000,10964000000,15857840000,25234970000,30642040000,15149440000,13072970000,14200970000,14023920000,..,..,..,..,..,..,..,26110300000
Russian Federation,..,..,..,..,..,..,..,..,..,..,..,..,..,..,..,..,..,..,..,7.61736E+11,9.51296E+11,7.83555E+11,8.2534E+11,7.70657E+11,3.85927E+11,3.93238E+11,6.22052E+11,6.23425E+11,5.76116E+11,..
Rwanda,..,..,..,..,..,..,..,..,..,..,..,..,..,..,..,..,..,..,..,..,..,..,..,..,..,..,..,..,..,..
Samoa,..,..,..,..,..,..,..,..,..,..,..,..,..,..,..,..,..,..,..,..,..,..,..,..,..,..,..,..,..,..
San Marino,..,..,..,..,..,..,..,..,..,..,..,..,..,..,..,..,..,..,..,..,..,..,..,..,..,..,..,..,..,..
Sao Tome and Principe,..,..,..,..,..,..,..,..,..,..,..,..,..,..,..,..,..,..,..,..,..,..,..,..,..,..,..,..,..,..
Saudi Arabia,..,..,..,..,..,..,..,..,..,..,..,..,..,..,..,..,..,..,..,3.18734E+11,3.5341E+11,3.38873E+11,3.73375E+11,4.67366E+11,4.83116E+11,4.2106E+11,4.48831E+11,4.51379E+11,4.96353E+11,2.40682E+12
Senegal,..,..,..,..,..,..,..,..,..,..,..,..,..,..,..,..,..,..,..,..,..,..,..,..,..,..,..,..,..,..
Serbia,..,..,..,..,..,..,..,..,..,..,..,..,..,1426600000,3259900000,5365220000,10825400000,23721640000,12575890000,11415840000,1541580000,1791690000,..,..,..,..,..,..,..,..
Seychelles,..,..,..,..,..,..,..,..,..,..,..,..,..,..,..,..,..,..,..,..,..,..,..,..,..,..,..,..,..,1136540000
Sierra Leone,..,..,..,..,..,..,..,..,..,..,..,..,..,..,..,..,..,..,..,..,..,..,..,..,..,..,..,..,..,..
Singapore,34268500000,47593400000,48933600000,1.32668E+11,1.34089E+11,1.48004E+11,1.50044E+11,1.04438E+11,94986670000,1.92983E+11,1.52826E+11,1.15689E+11,1.01486E+11,1.48503E+11,2.17495E+11,2.5734E+11,3.84286E+11,5.39177E+11,2.64974E+11,4.81247E+11,6.47226E+11,5.98273E+11,7.65078E+11,7.44413E+11,7.52831E+11,6.39956E+11,6.40428E+11,7.87255E+11,6.87257E+11,6.97271E+11
Sint Maarten (Dutch part),..,..,..,..,..,..,..,..,..,..,..,..,..,..,..,..,..,..,..,..,..,..,..,..,..,..,..,..,..,..
Slovak Republic,..,..,..,2625990000,2935790000,1201900000,1209750000,1359710000,650480000,459970000,436180000,543500000,926730000,1294840000,2409060000,2457950000,5831440000,6910820000,5381080000,5091820000,4166890000,5430820000,4610560000,4801320000,..,..,..,..,..,..
Slovenia,..,..,..,..,..,..,..,1875520000,2984930000,2854000000,3099650000,3461290000,5577900000,7134130000,9676810000,7898880000,15181750000,28859820000,11799390000,12140920000,9428350000,6325860000,6474850000,7128430000,7519360000,6034990000,5262429994,6318340000,7266520000,7923300000
Solomon Islands,..,..,..,..,..,..,..,..,..,..,..,..,..,..,..,..,..,..,..,..,..,..,..,..,..,..,..,..,..,..
Somalia,..,..,..,..,..,..,..,..,..,..,..,..,..,..,..,..,..,..,..,..,..,..,..,..,..,..,..,..,..,..
South Africa,1.36869E+11,1.84705E+11,1.64046E+11,2.17098E+11,2.59523E+11,2.77389E+11,2.41571E+11,2.3004E+11,1.68536E+11,2.59739E+11,2.04301E+11,1.47472E+11,1.81998E+11,2.60748E+11,4.4252E+11,5.4931E+11,7.11232E+11,8.28185E+11,4.827E+11,7.99024E+11,9.25007E+11,7.89037E+11,9.07723E+11,9.42812E+11,9.33931E+11,7.35945E+11,9.5132E+11,1.23098E+12,8.65328E+11,1.05634E+12
South Sudan,..,..,..,..,..,..,..,..,..,..,..,..,..,..,..,..,..,..,..,..,..,..,..,..,..,..,..,..,..,..
Spain,1.11449E+11,1.47819E+11,1.16224E+11,1.18668E+11,1.54984E+11,1.90571E+11,2.41028E+11,2.90383E+11,4.02163E+11,4.309E+11,5.04219E+11,4.68203E+11,4.61559E+11,7.26243E+11,9.40673E+11,9.5991E+11,1.32292E+12,1.79983E+12,9.48352E+11,1.43454E+12,1.17162E+12,1.03099E+12,9.95088E+11,1.11656E+12,9.92914E+11,7.87192E+11,7.04551E+11,8.88838E+11,7.23691E+11,7.97286E+11
Sri Lanka,..,..,..,..,..,..,..,..,..,1584030000,1074140000,1331530000,1680410000,2711070000,3657000000,5719990000,7768850000,7553170000,4285950000,9546660000,19923860000,19436990000,16974010000,18806550000,23665120000,20804110000,18678773847,18959520000,15575020000,15720540000
St. Kitts and Nevis,..,..,..,..,..,..,..,..,..,..,..,..,..,..,..,..,..,..,..,..,..,..,..,..,..,..,..,..,..,..
St. Lucia,..,..,..,..,..,..,..,..,..,..,..,..,..,..,..,..,..,..,..,..,..,..,..,..,..,..,..,..,..,..
St. Martin (French part),..,..,..,..,..,..,..,..,..,..,..,..,..,..,..,..,..,..,..,..,..,..,..,..,..,..,..,..,..,..
St. Vincent and the Grenadines,..,..,..,..,..,..,..,..,..,..,..,..,..,..,..,..,..,..,..,..,..,..,..,..,..,..,..,..,..,..
Sudan,..,..,..,..,..,..,..,..,..,..,..,..,..,..,..,..,..,..,..,..,..,..,..,..,..,..,..,..,..,..
Suriname,..,..,..,..,..,..,..,..,..,..,..,..,..,..,..,..,..,..,..,..,..,..,..,..,..,..,..,..,..,..
Sweden,92014740000,97055300000,78079270000,1.0051E+11,1.1926E+11,1.7255E+11,2.40382E+11,2.6471E+11,2.78707E+11,3.73278E+11,3.28339E+11,2.36514E+11,1.79117E+11,2.89877E+11,..,..,..,..,..,..,..,..,..,..,..,..,..,..,..,..
Switzerland,1.57635E+11,1.89678E+11,1.94138E+11,2.70879E+11,2.84977E+11,3.98102E+11,4.00285E+11,5.75339E+11,6.89199E+11,6.78232E+11,7.92316E+11,5.27356E+11,6.12667E+11,7.27103E+11,8.29098E+11,9.38698E+11,1.21253E+12,1.27466E+12,8.80334E+11,1.06469E+12,1.22936E+12,1.08952E+12,1.23344E+12,1.5407E+12,1.49531E+12,1.51932E+12,1.40336E+12,1.6865E+12,1.44116E+12,1.83445E+12
Syrian Arab Republic,..,..,..,..,..,..,..,..,..,..,..,..,..,..,..,..,..,..,..,..,..,..,..,..,..,..,..,..,..,..
Tajikistan,..,..,..,..,..,..,..,..,..,..,..,..,..,..,..,..,..,..,..,..,..,..,..,..,..,..,..,..,..,..
Tanzania,..,..,..,..,..,..,..,..,..,171390000,231480000,398100000,..,..,..,..,..,..,..,..,..,..,..,..,..,..,..,..,..,..
Thailand,20453640000,38069100000,57278300000,1.28119E+11,1.271E+11,1.40278E+11,96697310000,22886210000,34252430000,57176550000,29217400000,35943180000,45504360000,1.19017E+11,1.1539E+11,1.23885E+11,1.40161E+11,1.97129E+11,1.03128E+11,1.76956E+11,2.77732E+11,2.68489E+11,3.89756E+11,3.54367E+11,4.30427E+11,3.48798E+11,4.32956E+11,5.48795E+11,5.00741E+11,5.69228E+11
Timor-Leste,..,..,..,..,..,..,..,..,..,..,..,..,..,..,..,..,..,..,..,..,..,..,..,..,..,..,..,..,..,..
Togo,..,..,..,..,..,..,..,..,..,..,..,..,..,..,..,..,..,..,..,..,..,..,..,..,..,..,..,..,..,..
Tonga,..,..,..,..,..,..,..,..,..,..,..,..,..,..,..,..,..,..,..,..,..,..,..,..,..,..,..,..,..,..
Trinidad and Tobago,..,..,..,..,..,..,..,..,..,..,3418490000,3889100000,..,..,..,..,..,..,..,..,..,..,..,..,..,..,..,..,..,..
Tunisia,..,..,..,..,..,4028260000,3762020000,2237120000,2172880000,2634730000,2815270000,2230470000,2130280000,2462960000,2572120000,2816490000,4233290000,5346930000,6337120000,9281860000,10651710000,9661970000,8886880000,8600520000,8743770000,8819260000,8450200000,8922590000,8328990000,8503230000
Turkey,..,..,..,36612690000,21605060000,20771720000,30311800000,61095030000,33645590000,1.12716E+11,69710920000,48387990000,36043970000,68379000000,98298000000,1.59997E+11,1.60875E+11,2.84531E+11,1.17584E+11,2.31676E+11,3.02443E+11,1.97074E+11,3.15198E+11,1.95746E+11,2.19763E+11,1.88862E+11,1.71765E+11,2.27512E+11,1.49264E+11,1.84966E+11
Turkmenistan,..,..,..,..,..,..,..,..,..,..,..,..,..,..,..,..,..,..,..,..,..,..,..,..,..,..,..,..,..,..
Turks and Caicos Islands,..,..,..,..,..,..,..,..,..,..,..,..,..,..,..,..,..,..,..,..,..,..,..,..,..,..,..,..,..,..
Tuvalu,..,..,..,..,..,..,..,..,..,..,..,..,..,..,..,..,..,..,..,..,..,..,..,..,..,..,..,..,..,..
Uganda,..,..,..,..,..,..,..,..,..,..,..,..,..,..,..,..,..,..,..,..,..,..,..,..,..,..,..,..,..,..
Ukraine,..,..,..,..,..,..,..,..,..,..,..,..,..,..,..,..,..,..,..,..,38897400000,25654060000,..,..,..,..,..,5198000000,4415440000,..
United Arab Emirates,..,..,..,..,..,..,..,..,..,..,..,..,..,..,..,..,..,1.26205E+11,1.07354E+11,1.38244E+11,1.31491E+11,93726650000,1.01328E+11,1.94517E+11,2.05059E+11,1.94844E+11,2.14294E+11,2.32632E+11,2.31841E+11,2.47209E+11
United Kingdom,8.49848E+11,9.89918E+11,9.54883E+11,1.15028E+12,1.14333E+12,1.32994E+12,1.71123E+12,2.06825E+12,2.29765E+12,2.95482E+12,2.57699E+12,2.1495E+12,1.85619E+12,2.42582E+12,2.81593E+12,3.05818E+12,3.78136E+12,3.84646E+12,1.86815E+12,..,..,..,..,..,..,..,..,..,..,..
United States,3.09345E+12,4.1596E+12,4.54584E+12,5.25108E+12,5.13774E+12,6.95203E+12,8.4805E+12,1.07701E+13,1.29226E+13,1.47774E+13,1.51078E+13,1.39837E+13,1.10544E+13,1.42663E+13,1.63237E+13,1.70009E+13,1.9569E+13,1.99223E+13,1.15903E+13,1.50773E+13,1.72835E+13,1.56407E+13,1.86683E+13,2.40349E+13,2.63306E+13,2.50675E+13,2.73522E+13,3.21207E+13,3.04363E+13,..
Uruguay,..,..,..,..,..,1300440000,283800000,..,..,..,..,..,..,..,..,..,..,..,..,..,..,..,..,..,..,..,..,..,..,..
Uzbekistan,..,..,..,..,..,..,..,..,..,..,..,..,..,..,..,..,..,..,..,..,..,..,..,..,..,..,..,..,..,..
Vanuatu,..,..,..,..,..,..,..,..,..,..,..,..,..,..,..,..,..,..,..,..,..,..,..,..,..,..,..,..,..,..
"Venezuela, RB",..,..,..,7800700000,4927900000,4285060000,10063460000,14580590000,7580420000,7453750000,8100000000,6215800000,3979600000,..,..,..,..,..,..,..,..,..,..,..,..,..,..,..,..,..
Vietnam,..,..,..,..,..,..,..,..,..,..,..,..,..,..,..,..,..,..,12365840731,33307101456,36854988298,25961620804,36705648755,45127428285,52426688090,58734029972,73222197645,1.2531E+11,1.32653E+11,1.49817E+11
Virgin Islands (U.S.),..,..,..,..,..,..,..,..,..,..,..,..,..,..,..,..,..,..,..,..,..,..,..,..,..,..,..,..,..,..
West Bank and Gaza,..,..,..,..,..,..,..,..,..,602320000,453100000,512320000,418350000,461180000,777420000,3161510000,1933360000,1753310000,1820560000,2375360000,2449900000,2782470000,2859140000,3247480000,3187260000,3339200000,3390120000,3891490000,3734920000,3757500000
"Yemen, Rep.",..,..,..,..,..,..,..,..,..,..,..,..,..,..,..,..,..,..,..,..,..,..,..,..,..,..,..,..,..,..
Zambia,..,..,..,..,..,427960000,217050000,501770000,285830000,273540000,..,300000000,..,755650000,1649980000,2516720000,2952560000,..,..,..,..,3184470000,..,..,..,..,..,..,..,..
Zimbabwe,..,..,..,1437900000,1685100000,2130100000,3633060000,1929160000,956090000,2460690000,..,..,..,..,..,..,..,..,..,..,..,..,..,..,..,..,..,..,..,..
Arab World,..,..,..,..,..,..,..,..,..,..,..,..,..,..,..,..,..,..,..,6.4334E+11,7.43474E+11,6.33862E+11,6.64615E+11,1.01514E+12,1.10575E+12,9.69091E+11,1.00052E+12,1.01985E+12,1.07982E+12,3.00873E+12
Caribbean small states,..,..,..,..,..,..,..,..,..,..,..,..,..,..,..,..,..,..,..,..,..,..,..,..,..,..,..,..,..,19165450000
Central Europe and the Baltics,..,..,..,..,..,15902090000,26818810000,30419990000,37956660000,46398740000,47798880000,42484340000,69450720000,88903730000,1.62833E+11,2.05709E+11,3.20734E+11,4.85032E+11,2.1853E+11,2.46576E+11,2.79183E+11,2.13609E+11,..,..,..,..,..,..,..,2.40997E+11
Early-demographic dividend,..,..,..,..,..,..,6.91845E+11,6.90498E+11,4.93407E+11,8.21346E+11,6.30709E+11,4.97131E+11,4.9334E+11,9.89583E+11,1.46422E+12,1.93609E+12,2.71718E+12,4.36048E+12,2.06699E+12,3.89782E+12,4.90714E+12,3.88891E+12,4.57865E+12,4.68041E+12,5.02568E+12,4.48698E+12,4.8855E+12,6.21777E+12,5.381E+12,7.85188E+12
East Asia & Pacific,3.4405E+12,3.64901E+12,2.98034E+12,4.32971E+12,4.99186E+12,5.06339E+12,4.957E+12,3.43563E+12,3.79361E+12,6.6981E+12,4.93888E+12,4.00495E+12,3.80231E+12,6.05223E+12,7.21236E+12,8.79746E+12,1.1077E+13,1.6043E+13,8.51415E+12,1.33348E+13,1.59424E+13,1.37705E+13,1.57381E+13,1.73686E+13,1.95063E+13,2.1611E+13,2.11726E+13,2.65726E+13,2.17188E+13,2.38202E+13
East Asia & Pacific (excluding high income),..,..,..,..,..,..,..,..,..,..,..,..,..,8.73608E+11,8.50412E+11,8.3362E+11,1.73568E+12,5.32879E+12,2.24549E+12,4.39144E+12,5.27985E+12,4.66995E+12,5.24796E+12,5.41302E+12,7.63077E+12,9.57062E+12,8.85221E+12,1.06522E+13,8.10121E+12,1.04371E+13
East Asia & Pacific (IDA & IBRD countries),..,..,..,..,..,..,..,..,..,..,..,..,..,8.73608E+11,8.50412E+11,8.3362E+11,1.73568E+12,5.32879E+12,2.24549E+12,4.39144E+12,5.27985E+12,4.66995E+12,5.24796E+12,5.41302E+12,7.63077E+12,9.57062E+12,8.85221E+12,1.06522E+13,8.10121E+12,1.04371E+13
Euro area,1.03263E+12,1.17584E+12,1.06041E+12,1.36019E+12,1.52959E+12,1.7807E+12,2.13726E+12,2.63118E+12,3.66074E+12,5.53104E+12,5.31811E+12,4.36107E+12,3.49517E+12,4.96266E+12,5.94195E+12,6.11806E+12,8.3731E+12,1.00619E+13,4.98958E+12,6.01492E+12,5.90442E+12,4.9682E+12,5.65239E+12,7.09241E+12,6.41399E+12,6.12062E+12,6.17185E+12,7.94462E+12,5.55828E+12,7.84567E+12
Europe & Central Asia,2.19732E+12,2.51928E+12,2.33784E+12,2.98753E+12,3.18887E+12,3.81757E+12,4.67303E+12,5.78804E+12,7.14142E+12,9.85558E+12,9.30635E+12,7.51624E+12,6.38324E+12,8.77411E+12,1.01333E+13,1.06737E+13,1.41599E+13,1.63312E+13,8.23865E+12,8.56486E+12,9.01453E+12,7.5112E+12,8.491E+12,1.01327E+13,8.95714E+12,..,8.81743E+12,1.10705E+13,..,1.0429E+13
Europe & Central Asia (excluding high income),..,..,..,..,..,..,..,..,..,..,..,..,..,..,..,..,..,..,..,1.05448E+12,1.34565E+12,1.0564E+12,1.16787E+12,9.9263E+11,6.28663E+11,6.16992E+11,8.33978E+11,9.01693E+11,7.66801E+11,2.51716E+11
Europe & Central Asia (IDA & IBRD countries),..,..,..,..,..,..,..,..,..,..,..,..,..,..,..,..,..,..,..,1.23206E+12,1.56195E+12,1.2172E+12,1.34528E+12,1.21866E+12,8.17595E+11,7.73176E+11,9.9285E+11,1.12585E+12,9.47792E+11,4.25793E+11
European Union,1.16371E+12,1.31769E+12,1.17098E+12,1.50239E+12,1.7025E+12,2.02418E+12,2.47433E+12,3.01685E+12,4.07265E+12,6.04486E+12,5.80253E+12,4.72121E+12,3.81399E+12,5.45466E+12,6.24405E+12,6.31341E+12,8.67282E+12,1.05112E+13,5.19093E+12,6.24426E+12,6.17001E+12,5.17005E+12,5.85056E+12,7.33823E+12,6.61744E+12,6.29449E+12,6.35327E+12,8.20033E+12,5.76821E+12,8.07875E+12
Fragile and conflict affected situations,..,..,..,..,..,..,..,..,..,..,..,..,..,..,..,..,..,..,..,..,..,..,..,..,..,..,..,..,..,55414900000
Heavily indebted poor countries (HIPC),..,..,..,..,..,..,..,..,..,..,..,..,..,..,..,..,..,..,..,..,..,..,..,..,..,..,..,..,..,..
High income,9.1299E+12,1.07842E+13,1.02376E+13,1.28929E+13,1.36756E+13,1.61907E+13,1.85163E+13,2.09335E+13,2.48489E+13,3.25323E+13,3.00274E+13,2.60299E+13,2.20111E+13,2.92971E+13,3.41933E+13,3.73332E+13,4.5015E+13,4.94915E+13,2.7427E+13,3.41369E+13,3.89053E+13,3.40344E+13,3.95414E+13,4.85822E+13,5.00167E+13,4.79775E+13,5.09603E+13,6.19868E+13,5.48603E+13,2.68893E+13
IBRD only,..,..,..,..,..,..,..,..,..,..,..,..,..,2.06415E+12,2.61472E+12,3.26648E+12,5.23211E+12,1.11216E+13,4.99148E+12,1.01202E+13,1.2442E+13,1.02132E+13,1.15149E+13,1.14103E+13,1.31171E+13,1.41572E+13,1.42276E+13,1.76531E+13,1.41249E+13,1.67047E+13
IDA & IBRD total,..,..,..,..,..,..,..,..,..,..,..,..,..,2.08933E+12,2.68603E+12,3.35299E+12,5.33653E+12,1.13137E+13,5.0995E+12,1.02362E+13,1.26006E+13,1.03616E+13,1.16147E+13,1.15482E+13,1.32533E+13,1.42733E+13,1.44197E+13,1.77765E+13,1.42338E+13,1.67737E+13
IDA blend,..,..,..,17295200000,20636900000,21384020000,29807040000,28106550000,18784940000,12408070000,..,..,13973810000,..,69177570000,80083680000,96859380000,1.80915E+11,93452100000,92591320000,1.14042E+11,94391380000,99878750000,1.37921E+11,1.36235E+11,1.16044E+11,1.21656E+11,..,..,68983120000
IDA only,..,..,..,..,..,..,..,..,..,..,..,..,..,..,..,..,..,..,..,..,..,..,..,..,..,..,..,..,..,..
IDA total,..,..,..,..,..,..,..,..,..,..,..,..,..,..,..,..,..,..,..,..,..,..,..,..,..,..,..,..,..,68983120000
Late-demographic dividend,..,..,..,..,..,..,..,..,..,..,..,..,..,1.32175E+12,1.49165E+12,1.74639E+12,3.02608E+12,7.44343E+12,3.33439E+12,7.02334E+12,8.39131E+12,7.11622E+12,7.76519E+12,8.00049E+12,9.42997E+12,1.09147E+13,1.06846E+13,1.27355E+13,1.0033E+13,1.19338E+13
Latin America & Caribbean,..,..,..,..,..,..,..,..,..,..,4.87883E+11,4.31432E+11,3.21792E+11,4.99231E+11,6.85578E+11,9.81782E+11,1.38967E+12,2.21831E+12,1.1324E+12,2.18731E+12,2.73357E+12,2.2587E+12,2.47935E+12,2.16097E+12,1.85687E+12,1.29528E+12,1.59117E+12,2.01723E+12,1.81502E+12,2.11339E+12
Latin America & Caribbean (excluding high income),..,..,..,..,..,..,..,..,..,..,4.19343E+11,3.66605E+11,2.68732E+11,4.06733E+11,5.61974E+11,8.37516E+11,1.20794E+12,1.99803E+12,9.93369E+11,1.94869E+12,2.381E+12,1.97089E+12,2.15148E+12,1.88325E+12,1.60987E+12,1.09143E+12,1.36203E+12,1.70418E+12,1.5451E+12,1.88936E+12
Latin America & the Caribbean (IDA & IBRD countries),..,..,..,..,..,..,..,..,..,..,4.85956E+11,4.29406E+11,3.21653E+11,4.96479E+11,6.83101E+11,9.79972E+11,1.38951E+12,2.21814E+12,1.13224E+12,2.18714E+12,2.73115E+12,2.25186E+12,2.47735E+12,2.16097E+12,1.85687E+12,1.29496E+12,1.58807E+12,2.01388E+12,1.81148E+12,2.11E+12
Least developed countries: UN classification,..,..,..,..,..,..,..,..,..,..,..,..,..,..,..,..,..,..,..,..,..,..,..,..,..,..,..,..,..,..
Low & middle income,..,..,..,..,..,..,..,..,..,..,..,..,..,1.95689E+12,2.48419E+12,3.10675E+12,4.97904E+12,1.08135E+13,4.84451E+12,9.8225E+12,1.20366E+13,9.92257E+12,1.11143E+13,1.10477E+13,1.28206E+13,1.39169E+13,1.40382E+13,1.72465E+13,1.37902E+13,1.63816E+13
Low income,..,..,..,..,..,..,..,..,..,..,..,..,..,..,..,..,..,..,..,..,..,..,..,..,..,..,..,..,..,..
Lower middle income,..,..,..,..,..,..,..,..,..,..,..,..,..,..,5.64583E+11,7.66985E+11,1.2299E+12,2.4723E+12,1.01252E+12,1.85993E+12,2.55043E+12,1.88373E+12,2.18087E+12,2.01319E+12,2.56569E+12,2.39636E+12,2.60023E+12,3.52297E+12,3.18953E+12,3.31908E+12
Middle East & North Africa,..,..,..,..,..,..,..,..,..,..,..,..,..,..,..,..,..,..,..,8.95338E+11,1.06192E+12,9.01319E+11,9.21097E+11,1.56847E+12,1.42655E+12,1.30683E+12,1.33034E+12,1.3647E+12,1.41589E+12,3.57209E+12
Middle East & North Africa (excluding high income),..,..,..,..,..,..,..,..,..,..,..,..,..,..,..,..,1.44216E+11,2.4194E+11,1.88418E+11,2.06815E+11,2.96839E+11,2.64899E+11,2.50616E+11,5.09695E+11,2.88451E+11,2.39684E+11,2.51297E+11,2.70857E+11,2.91485E+11,4.71319E+11
Middle East & North Africa (IDA & IBRD countries),..,..,..,..,..,..,..,..,..,..,..,..,..,..,..,..,1.42283E+11,2.40187E+11,1.86597E+11,2.04439E+11,2.94389E+11,2.62116E+11,2.47757E+11,5.06448E+11,2.85264E+11,2.36344E+11,2.47907E+11,2.66965E+11,2.8775E+11,4.67562E+11
Middle income,..,..,..,..,..,..,..,..,..,..,..,..,..,1.95689E+12,2.48419E+12,3.10675E+12,4.97904E+12,1.08135E+13,4.84451E+12,9.8225E+12,1.20366E+13,9.92257E+12,1.11143E+13,1.10477E+13,1.28206E+13,1.39169E+13,1.40382E+13,1.72465E+13,1.37902E+13,1.63816E+13
North America,3.55213E+12,4.66823E+12,5.00379E+12,5.8466E+12,5.71346E+12,7.62377E+12,9.36029E+12,1.17807E+13,1.40045E+13,1.62257E+13,1.58807E+13,1.46015E+13,1.19453E+13,1.51794E+13,1.75031E+13,1.84852E+13,2.12724E+13,2.21116E+13,1.26258E+13,1.67561E+13,1.94562E+13,1.75548E+13,2.07298E+13,2.61501E+13,2.84276E+13,2.66628E+13,2.93482E+13,3.44906E+13,3.23766E+13,2965300000
Not classified,..,..,..,..,..,..,..,..,..,..,..,..,..,..,..,..,..,..,..,..,..,..,..,..,..,..,..,..,..,..
OECD members,8.95436E+12,1.0594E+13,1.00553E+13,1.24066E+13,1.31627E+13,1.56444E+13,1.77485E+13,2.0293E+13,2.4233E+13,3.15823E+13,2.91529E+13,2.52408E+13,2.12312E+13,2.81156E+13,3.27888E+13,3.57402E+13,4.25665E+13,4.58802E+13,2.55324E+13,3.06695E+13,3.4835E+13,3.05798E+13,3.54629E+13,4.3665E+13,4.48181E+13,4.30561E+13,4.58151E+13,5.5399E+13,4.88541E+13,1.89769E+13
Other small states,..,..,..,..,..,..,..,..,..,..,..,..,..,..,..,..,..,..,..,..,..,..,..,..,2.26276E+11,..,..,..,..,2.08895E+11
Pacific island small states,..,..,..,..,..,..,..,..,..,..,..,..,..,..,..,..,..,..,..,..,..,..,..,..,..,..,..,..,..,..
Post-demographic dividend,9.02269E+12,1.06183E+13,1.00755E+13,1.25889E+13,1.33118E+13,1.58709E+13,1.81031E+13,2.04176E+13,2.43674E+13,3.1889E+13,2.95001E+13,2.54785E+13,2.14848E+13,2.85174E+13,3.32189E+13,3.62058E+13,4.35463E+13,4.76786E+13,2.64289E+13,3.22747E+13,3.66903E+13,3.22155E+13,3.74571E+13,4.59662E+13,4.73815E+13,4.56126E+13,4.84677E+13,5.90551E+13,5.21509E+13,2.34132E+13
Pre-demographic dividend,..,..,..,..,..,..,..,..,..,..,..,..,..,..,..,..,..,..,..,..,..,..,..,..,..,..,..,..,..,68983120000
Small states,..,..,..,..,..,..,..,..,..,..,..,..,..,..,..,..,..,..,..,..,..,..,..,..,..,..,..,..,..,2.28061E+11
South Asia,..,..,..,..,..,..,..,..,..,..,..,..,..,2.98433E+11,4.37104E+11,6.07411E+11,8.75404E+11,1.9051E+12,6.86566E+11,1.36888E+12,1.73138E+12,1.10689E+12,1.32398E+12,1.21495E+12,1.65543E+12,1.60309E+12,1.74764E+12,2.4367E+12,2.17645E+12,2.1955E+12
South Asia (IDA & IBRD),..,..,..,..,..,..,..,..,..,..,..,..,..,2.98433E+11,4.37104E+11,6.07411E+11,8.75404E+11,1.9051E+12,6.86566E+11,1.36888E+12,1.73138E+12,1.10689E+12,1.32398E+12,1.21495E+12,1.65543E+12,1.60309E+12,1.74764E+12,2.4367E+12,2.17645E+12,2.1955E+12
Sub-Saharan Africa,..,..,..,..,2.71254E+11,2.93673E+11,2.64352E+11,2.50928E+11,..,..,..,..,..,..,..,..,..,..,..,..,..,..,..,..,..,..,..,..,..,1.13769E+12
Sub-Saharan Africa (excluding high income),..,..,..,..,2.71254E+11,2.93673E+11,2.64352E+11,2.50928E+11,..,..,..,..,..,..,..,..,..,..,..,..,..,..,..,..,..,..,..,..,..,1.13655E+12
Sub-Saharan Africa (IDA & IBRD countries),..,..,..,..,2.71254E+11,2.93673E+11,2.64352E+11,2.50928E+11,..,..,..,..,..,..,..,..,..,..,..,..,..,..,..,..,..,..,..,..,..,1.13769E+12
Upper middle income,..,..,..,..,..,..,..,..,..,..,..,..,..,1.5717E+12,1.91961E+12,2.33977E+12,3.74914E+12,8.34118E+12,3.83199E+12,7.96257E+12,9.48618E+12,8.03884E+12,8.93345E+12,9.03451E+12,1.02549E+13,1.15205E+13,1.14379E+13,1.37236E+13,1.06007E+13,1.30625E+13
World,9.37975E+12,1.11851E+13,1.07053E+13,1.37642E+13,1.44702E+13,1.70877E+13,1.95943E+13,2.17082E+13,2.54453E+13,3.34921E+13,3.09635E+13,2.68159E+13,2.27704E+13,3.1254E+13,3.66775E+13,4.04399E+13,4.9994E+13,6.0305E+13,3.22715E+13,4.39594E+13,5.09419E+13,4.39569E+13,5.06558E+13,5.96299E+13,6.28373E+13,6.18944E+13,6.49985E+13,7.92333E+13,6.86505E+13,4.32709E+13
